url,chunk_id,chunk_text
https://nau64.com,0,"Featured





Online


Actividades

 Victoria Galatro 2 diciembre, 2024 


A partir de Enero 2025, ¡nuevos horarios de clases! Con la membresía, se puede participar en todos grupos de clases de nivel Iniciado y Medio, en los talleres y en … Read More










 


Featured





Torneos


Calendario 2026

 José Riverol 11 julio, 2023 


Dejamos a continuación el calendario de la Academia para Torneos de Ajedrez del 2026Dirección Bv. España 2586.Por informes e inscripciones Whatsapp 099 556 123 MF José Riverol. "
https://nau64.com,1,"Torneo Rápido de … Read More



#ajedrez#chessTorneo 






 





FIDE
Partidas
Torneos
Videos


Diego Moreno arrasa y se consagra Campeón del Open 136

 Academia Nau64 21 agosto, 2026 


El pasado lunes 17 de agosto finalizó el Open 136 de nau64, que consagró a Diego Moreno como campeón absoluto. La quinta y última ronda se disputó con dos ausencias … Read More



#ajedrez#chess#nau64ajedrez#uruguayTorneo Comment on Diego Moreno arrasa y se consagra Campeón del Open 136 






 





Torneos


La Casona vibró con ajedrez y tres campeones de Cerro.

 Academia Nau64 19 agosto, 2026 


El pasado domingo 16 de agosto, la histórica Casona del Municipio CH fue escenario de un vibrante torneo clasificatorio rumbo a la Final de la Liga Uruguaya de Ajedrez por … Read More



#ajedrez#chess#uruguayTorneo Comment on La Casona vibró con ajedrez y tres campeones de Cerro. 






 





Partidas
Sabatino
Torneos


Gian Franco imparable en rápidas, Gustavo se adueña del blitz.

 Academia Nau64 19 agosto, 2026 


Este sábado 15 de agosto la Academia Nau64 volvió a vibrar con los tradicionales torneos de Rápidas y Blitz, que reunieron a una gran cantidad de jugadores en un ambiente … Read More



#ajedrez#chess#Nau64#nau64ajedrezTorneo Comment on Gian Franco imparable en rápidas, Gustavo se adueña del blitz. 






 





Online
Partidas
Torneos


Open 136 – Ronda 4 Diego Moreno domina!

 Academia Nau64 19 agosto, 2026 


El pasado lunes 10 de agosto se disputó la cuarta ronda del Torneo Estándar Open 136, marcada por dos ausencias: la de Juan Ignacio Urruty en la mesa 1 y … Read More



#ajedrez#chess#Nau64#nau64ajedrezTorneo Comment on Open 136 – Ronda 4 Diego Moreno domina! 






 





Online


1er Torneo Suizo sistema Match – Ronda 3 y 4

 Academia Nau64 19 agosto, 2026 


Ronda 3 El pasado jueves 30 de Julio se realizo la tercer ronda de este torneo rapido en nuestra academia. Solamente se jugaron dos match en esta ronda: Daniel Fuce-Gabriel … Read More



Comment on 1er Torneo Suizo sistema Match – Ronda 3 y 4 






 





FIDE
Partidas
Sabatino
Torneos


Doble consagración: Rivas Puch gana Rápidas y Blitz.

 Academia Nau64 11 agosto, 2026 


El pasado sábado 8 de agosto nuestra academia fue sede de los tradicionales torneos de Rápidas y Blitz, que reunieron a una gran cantidad de jugadores en un ambiente competitivo … Read More



#ajedrez#Nau64#nau64ajedrez#uruguayTorneo Comment on Doble consagración: Rivas Puch gana Rápidas y Blitz. 






 





FIDE
Online
Partidas
Torneos


Open 136 – Ronda 3

 Academia Nau64 6 agosto, 2026 


El pasado lunes 3 de agosto se realizó la tercera ronda del Open 136, con la participación de 16 jugadores, distribuidos en ocho partidas. Como es habitual, el evento fue … Read More



#ajedrez#chess#Nau64#nau64ajedrez#uruguayTorneo Comment on Open 136 – Ronda 3 






 





FIDE
Partidas
Sabatino
Torneos
Uruguay


MN Benjamin Martello arrasa en los torneos rapidos y blitz

 Academia Nau64 6 agosto, 2026 


El pasado fin de semana se realizaron los tradicionales torneos de Blitz y Rápidas, como ya es costumbre en nuestra academia. En esta ocasión participaron dos jugadores extranjeros: Félix Isaiah, … Read More



#ajedrez#chess#nau64ajedrez#uruguay Comment on MN Benjamin Martello arrasa en los torneos rapidos y blitz 






 





Online


Clasificatorio Final Liga Uruguaya de Ajedrez

 José Riverol 6 agosto, 2026 


Liga Uruguaya de Ajedrez 3 categorías: Absoluta, Sub-12 y Sub-16 Lugar: Casona de Punta Carretas, José Ellauri 306 – Municipio CHFecha: Domingo 16 de agostoHora de comienzo: 15:00 hsSistema de … Read More



Comment on Clasificatorio Final Liga Uruguaya de Ajedrez 






 





Academia
Partidas
Torneos


1er Torneo Suizo sistema Match – Rondas 1 y 2

 Academia Nau64 29 julio, 2026 


Los días jueves se está disputando un torneo suizo en formato match a dos partidas, es decir, una partida de ida y otra de vuelta, bajo un ritmo de juego … Read More



Comment on 1er Torneo Suizo sistema Match – Rondas 1 y 2 




Posts pagination
1
2
…
78
Siguientes"
https://nau64.com/,0,"Featured





Online


Actividades

 Victoria Galatro 2 diciembre, 2024 


A partir de Enero 2025, ¡nuevos horarios de clases! Con la membresía, se puede participar en todos grupos de clases de nivel Iniciado y Medio, en los talleres y en … Read More










 


Featured





Torneos


Calendario 2026

 José Riverol 11 julio, 2023 


Dejamos a continuación el calendario de la Academia para Torneos de Ajedrez del 2026Dirección Bv. España 2586.Por informes e inscripciones Whatsapp 099 556 123 MF José Riverol. "
https://nau64.com/,1,"Torneo Rápido de … Read More



#ajedrez#chessTorneo 






 





FIDE
Partidas
Torneos
Videos


Diego Moreno arrasa y se consagra Campeón del Open 136

 Academia Nau64 21 agosto, 2026 


El pasado lunes 17 de agosto finalizó el Open 136 de nau64, que consagró a Diego Moreno como campeón absoluto. La quinta y última ronda se disputó con dos ausencias … Read More



#ajedrez#chess#nau64ajedrez#uruguayTorneo Comment on Diego Moreno arrasa y se consagra Campeón del Open 136 






 





Torneos


La Casona vibró con ajedrez y tres campeones de Cerro.

 Academia Nau64 19 agosto, 2026 


El pasado domingo 16 de agosto, la histórica Casona del Municipio CH fue escenario de un vibrante torneo clasificatorio rumbo a la Final de la Liga Uruguaya de Ajedrez por … Read More



#ajedrez#chess#uruguayTorneo Comment on La Casona vibró con ajedrez y tres campeones de Cerro. 






 





Partidas
Sabatino
Torneos


Gian Franco imparable en rápidas, Gustavo se adueña del blitz.

 Academia Nau64 19 agosto, 2026 


Este sábado 15 de agosto la Academia Nau64 volvió a vibrar con los tradicionales torneos de Rápidas y Blitz, que reunieron a una gran cantidad de jugadores en un ambiente … Read More



#ajedrez#chess#Nau64#nau64ajedrezTorneo Comment on Gian Franco imparable en rápidas, Gustavo se adueña del blitz. 






 





Online
Partidas
Torneos


Open 136 – Ronda 4 Diego Moreno domina!

 Academia Nau64 19 agosto, 2026 


El pasado lunes 10 de agosto se disputó la cuarta ronda del Torneo Estándar Open 136, marcada por dos ausencias: la de Juan Ignacio Urruty en la mesa 1 y … Read More



#ajedrez#chess#Nau64#nau64ajedrezTorneo Comment on Open 136 – Ronda 4 Diego Moreno domina! 






 





Online


1er Torneo Suizo sistema Match – Ronda 3 y 4

 Academia Nau64 19 agosto, 2026 


Ronda 3 El pasado jueves 30 de Julio se realizo la tercer ronda de este torneo rapido en nuestra academia. Solamente se jugaron dos match en esta ronda: Daniel Fuce-Gabriel … Read More



Comment on 1er Torneo Suizo sistema Match – Ronda 3 y 4 






 





FIDE
Partidas
Sabatino
Torneos


Doble consagración: Rivas Puch gana Rápidas y Blitz.

 Academia Nau64 11 agosto, 2026 


El pasado sábado 8 de agosto nuestra academia fue sede de los tradicionales torneos de Rápidas y Blitz, que reunieron a una gran cantidad de jugadores en un ambiente competitivo … Read More



#ajedrez#Nau64#nau64ajedrez#uruguayTorneo Comment on Doble consagración: Rivas Puch gana Rápidas y Blitz. 






 





FIDE
Online
Partidas
Torneos


Open 136 – Ronda 3

 Academia Nau64 6 agosto, 2026 


El pasado lunes 3 de agosto se realizó la tercera ronda del Open 136, con la participación de 16 jugadores, distribuidos en ocho partidas. Como es habitual, el evento fue … Read More



#ajedrez#chess#Nau64#nau64ajedrez#uruguayTorneo Comment on Open 136 – Ronda 3 






 





FIDE
Partidas
Sabatino
Torneos
Uruguay


MN Benjamin Martello arrasa en los torneos rapidos y blitz

 Academia Nau64 6 agosto, 2026 


El pasado fin de semana se realizaron los tradicionales torneos de Blitz y Rápidas, como ya es costumbre en nuestra academia. En esta ocasión participaron dos jugadores extranjeros: Félix Isaiah, … Read More



#ajedrez#chess#nau64ajedrez#uruguay Comment on MN Benjamin Martello arrasa en los torneos rapidos y blitz 






 





Online


Clasificatorio Final Liga Uruguaya de Ajedrez

 José Riverol 6 agosto, 2026 


Liga Uruguaya de Ajedrez 3 categorías: Absoluta, Sub-12 y Sub-16 Lugar: Casona de Punta Carretas, José Ellauri 306 – Municipio CHFecha: Domingo 16 de agostoHora de comienzo: 15:00 hsSistema de … Read More



Comment on Clasificatorio Final Liga Uruguaya de Ajedrez 






 





Academia
Partidas
Torneos


1er Torneo Suizo sistema Match – Rondas 1 y 2

 Academia Nau64 29 julio, 2026 


Los días jueves se está disputando un torneo suizo en formato match a dos partidas, es decir, una partida de ida y otra de vuelta, bajo un ritmo de juego … Read More



Comment on 1er Torneo Suizo sistema Match – Rondas 1 y 2 




Posts pagination
1
2
…
78
Siguientes"
https://nau64.com/1-abierto-rapido-club-espanol/,0,"Sabatino
Torneos


1° Abierto Rápido Club Español

 José Riverol 15 junio, 2026 


En una tarde propicia para la práctica del deporte ciencia, el Club Español abrió sus puertas para albergar una vez más, y después de mucho tiempo, un torneo de ajedrez rápido de 10’+5″, disputado a 5 rondas y con una muy buena concurrencia de jugadores.
Este club supo albergar los primeros torneos de ajedrez del Uruguay allá por finales del siglo XIX y, hoy, con tanta historia sobre sus hombros, retorna con fuerza a la actividad ajedrecística, ofreciendo no solo un excelente torneo, sino también un ambiente cómodo, amplio y agradable para el disfrute de todos los participantes.
"
https://nau64.com/1-abierto-rapido-club-espanol/,1,"Dentro de una hermosa sala que transporta a otra época, se llevó a cabo este torneo en homenaje al amigo del tablero, el MN Ubaldo Belistri.
El certamen contó con la participación de varios maestros de la vieja guardia y de fuertes jugadores juveniles, quienes lucharon por los primeros puestos hasta la última ronda.
También se destacó la presencia del presidente del Club Español, Sr. Antonio Araujo, y del organizador, Sr. José Luis Hernández. Asimismo, estuvo presente el actual presidente de la FUA, CM Jorge Arias Bouzada, quien también participó como jugador.
El torneo fue ganado por Gustavo Otero, con 4.5 puntos sobre 5 posibles. Lo escoltaron el MN Alejandro Bauzá y Josué Zayas, ambos con 4 puntos.
Entre las actuaciones destacadas se encuentran: Renzo Dodera, mejor Sub-18; Ciro Tort, mejor Sub-14; y Agustina Silva, mejor femenina.
Aquí dejamos la tabla de posiciones, además de las fotos disponibles en nuestras redes de Facebook e Instagram.Club Online: https://www.chess.com/club/nau64?ref_id=4411389Seguí toda la acción en vivo con los Comentarios del MF Jose Riverol y su quipo de prmera!:YouTube: https://www.youtube.com/@nau64Twitch: https://www.twitch.tv/nau64ajedrez¿Querés estar al tanto de todo?Unite a nuestro canal de WhatsApp:whatsapp.com/channel/0029VaAf3s565yDBpnBdJg42

De esta manera culminó una jornada de gran ajedrez, marcada por la buena organización, la excelente participación y el reencuentro de varias generaciones de jugadores. Auguramos el mayor de los éxitos al Club Español en esta nueva etapa y esperamos volver a encontrarnos muy pronto en sus próximos torneos.

Foto del campeon CM Gustavo Otero

Foto del vice campeon MF Alejandro Bauza





#ajedrez#Nau64#uruguayTorneo 




Navegación de entradas
La vuelta triunfal de Leonel Recine!Alexandro Silva y Charlie Posada ganadores del sabatino"
https://nau64.com/10161-2/,0,"Olimpiada


Uruguay Demuestra su Talento en la 8va Ronda de la Olimpiada de Ajedrez 2024

 José Riverol 19 septiembre, 2024 


Se jugó la fecha 8 de las 11 programada de la 45° Olimpiada de Ajedrez 2024 con resultados dispares para los equipos celestes. Es casi un calco de lo que sucedio ayer, jugadores que estan en un nivel muy bueno y otros que estan intentando recuperarse… comenzemos! 

"
https://nau64.com/10161-2/,1,"La escuadra uruguaya en el Torneo Abierto demostró una clara superioridad sobre su rival, ganando con un marcador de 3½-½. En el primer tablero, el GM Georg Meier jugó a su estilo característico, utilizando su defensa favorita. No importa cuánto se preparen sus oponentes, siempre tiene algo nuevo que mostrar. 

En este caso en particular, fue fascinante observar cómo detecta sus ventajas y busca el final más conveniente para aprovecharlas.
La posición de las negras es muy superior gracias a su Peón libre y la pareja de Alfiles, pero tras el error 30.Af5? las negras ganan pieza con 30…h5! y poco después la partida.

En el segundo tablero, el GM Andrés Rodríguez no deja de sorprendernos. Fue una partida de ida y vuelta, que incluso al analizarla con el módulo no garantiza que entendamos todo. Al final, su visión y cálculo le favorecieron, otorgándo otro punto al equipo.
Las negras logran coronar una dama, pero Andrés ve más allá y hará lo mismo.

El más joven del equipo celeste en el Torneo Abierto, el MF Facundo Vázquez, sigue demostrando un nivel increíble y ganó su partida de manera convincente. Las blancas plantearon un muro de piedra (d4-e3-f4), y fue digno de ver cómo el joven maestro maniobró hasta quedar con un caballo contra un alfil malo, presionando hasta obtener una pieza de ventaja.

En el cuarto tablero, el MI Bernardo Roselli no jugó con precisión apenas salida la apertura y entró en un medio juego bastante inferior, donde las negras quedaron con mucha libertad en el ala dama, lo que parecía decisivo. Sin embargo, las blancas lograron simplificar el juego a costa de un peón y alcanzar una posición de igualdad, hasta que se llegó a un elegante empate en la jugada 70. 🙂
Para la ronda 9 del Torneo Abierto, la celeste sube a la mesa 20 y se mide ante la peligrosa Dinamarca (30)
Las partidas de Uruguay en el Torneo Abierto.

Andreina Brilla, pero las Charrúas Caen ante Paraguay


Las charrúas se enfrentaban al equipo paraguayo, que contaba con varias tituladas en sus filas. Andreina sigue dando que hablar y esta vez cosechó unas tablas ante su fuerte rival WGM. Por su parte, tanto en el tablero dos como en el tres, las cosas no resultaron nada bien, y tanto Nahiara como Natalia no estuvieron a la altura y tuvieron que ceder las partidas ante el nivel superior de sus rivales. 

Por último, Camila hizo tablas ante una rival potencialmente “mejor”, pero al ver el juego nos damos cuenta de que jugó una gran partida y merecía el triunfo, ya que tenía calidad y dos peones de ventaja en el final. Sin embargo, una distracción o mal cálculo permitió a su rival conseguir unas tablas milagrosas.Por la ronda 9 Uruguay Femenino se medira ante Bahamas (122)
Partidas del Equipo Femenino

Estaremos comentando en detalle las actuaciones de nuestros jugadores y nuestras jugadoras a lo largo del evento.Nos podrán seguir en nuestras Redes Sociales:Youtube – Twitch – Instagram – Facebook – X Twitter – TikTokPodes sumarte a nuestro canal de Whatsapp








Navegación de entradas
45ª Olimpiada de Ajedrez R07: India sigue brillando y gana todas las partidas45ª Olimpiada de Ajedrez R08: India domina la sección abierta, enfrenta un revés en la femenina."
https://nau64.com/1er-torneo-suizo-sistema-match-ronda-3-y-4/,0,"Online


1er Torneo Suizo sistema Match – Ronda 3 y 4

 Academia Nau64 19 agosto, 2026 


Ronda 3
El pasado jueves 30 de Julio se realizo la tercer ronda de este torneo rapido en nuestra academia.
Solamente se jugaron dos match en esta ronda: Daniel Fuce-Gabriel Heymann, Brandon Baladon-Rinaldo Elmemere



Ronda 4
El pasado jueves 6 de agosto se disputó la cuarta ronda del torneo. Solamente dos jugadores se presentaron en la sala de juego para disputar la única partida de la jornada.
De este modo, se repitió el enfrentamiento entre Alexis Baladón y Federico Gasdia. Nuevamente, Alexis logró imponerse y ganar las dos partidas correspondientes a esta ronda.

Por mas detalles del torneo.








Navegación de entradas
Doble consagración: Rivas Puch gana Rápidas y Blitz.Open 136 – Ronda 4 Diego Moreno domina!



Deja una respuesta Cancelar la respuestaTu dirección de correo electrónico no será publicada. "
https://nau64.com/1er-torneo-suizo-sistema-match-ronda-3-y-4/,1,"Los campos obligatorios están marcados con *Comentario * Nombre 
Correo electrónico 
Web 
 Notify me of follow-up comments by email. Notify me of new posts by email. 

Δ"
https://nau64.com/1er-torneo-suizo-sistema-match-rondas-1-y-2/,0,"Academia
Partidas
Torneos


1er Torneo Suizo sistema Match – Rondas 1 y 2

 Academia Nau64 29 julio, 2026 


Los días jueves se está disputando un torneo suizo en formato match a dos partidas, es decir, una partida de ida y otra de vuelta, bajo un ritmo de juego rápido de 20 minutos más 10 segundos de incremento por jugada.El Torneo es si costo para los alumnos y socios y aun estan a tiempo de sumarse para la Ronda 3.
Hasta el momento se han disputado dos rondas, los jueves 16 y 23 de julio. Finalizadas ambas, el líder es Alexis Baladon (Foto), con puntaje perfecto, tras haber ganado las cuatro partidas correspondientes a sus dos matches.

Sus escoltas son cuatro jugadores, todos con 2 puntos: Romina Rivas, Federico Gasdia, Leonardo Cuéllar y Rinaldo Elmemere.
Aquí dejamos la tabla de posiciones, además de las fotos disponibles en nuestras redes de Facebook e Instagram.Club Online: https://www.chess.com/club/nau64?ref_id=4411389Seguí toda la acción en vivo con los Comentarios del MF Jose Riverol y su quipo de prmera!:YouTube: https://www.youtube.com/@nau64Twitch: https://www.twitch.tv/nau64ajedrez¿Querés estar al tanto de todo?Unite a nuestro canal de WhatsApp:whatsapp.com/channel/0029VaAf3s565yDBpnBdJg42

Por mas detalles del torneo












Navegación de entradas
Open 136: Ronda 2Clasificatorio Final Liga Uruguaya de Ajedrez



Deja una respuesta Cancelar la respuestaTu dirección de correo electrónico no será publicada. Los campos obligatorios están marcados con *Comentario * Nombre 
Correo electrónico 
Web 
 Notify me of follow-up comments by email. "
https://nau64.com/1er-torneo-suizo-sistema-match-rondas-1-y-2/,1,"Notify me of new posts by email. 

Δ"
https://nau64.com/2025-02-15_sabatino/,0,"Online


Sabatino FIDE 15 enero: Julio Zaruski Campeón

 José Riverol 16 febrero, 2025 


Torneo Sabatino de nau64 valido elo FIDE RapidoSistema Suizo 5 rondasRitmo 10+5ChessResultArbitro: FA Jose Riverol 3000427Lugar: nau64 chess club (Bv España 2586 / Montevideo Uruguay)
Nos podrán seguir en nuestras Redes Sociales:Youtube – Twitch – Instagram – Facebook – X Twitter – TikTokPodes sumarte a nuestro canal de Whatsapp Club nau64 en ChessCom


Todas Las Partidas Mesa 1
Ronda 1: Benjamin Martello 1986 vs Mateo Young 1612




Ronda 2: Lorenzo Ressia 1966 vs Andres Esteves 1687




Ronda 3: Alexandro Silva 1868 vs Lorenzo Ressia 1966




Ronda 4: Mateo Young 1612 vs Alexandro Silva 1868




Ronda 5: Alexandro Silva 1868 vs Benjamin Martello 1986












Navegación de entradas
Semifinales Uruguayo FemeninoV Torneo de las Tardes (valido elo FIDE)"
https://nau64.com/2026/07/,0,"Mes: julio 2026 




 





Academia
Partidas
Torneos


1er Torneo Suizo sistema Match – Rondas 1 y 2

 Academia Nau64 29 julio, 2026 


Los días jueves se está disputando un torneo suizo en formato match a dos partidas, es decir, una partida de ida y otra de vuelta, bajo un ritmo de juego … Read More



Comment on 1er Torneo Suizo sistema Match – Rondas 1 y 2 






 





FIDE
Online
Partidas
Torneos


Open 136: Ronda 2

 Academia Nau64 29 julio, 2026 


El pasado lunes 27 de julio se disputó la segunda ronda del Open 136, en la que se jugaron ocho partidas. La jornada dejó varios resultados sorprendentes, ya fuera por … Read More



#ajedrez#nau64ajedrez#uruguayTorneo Comment on Open 136: Ronda 2 






 





Academia
FIDE
Online
Partidas
Sabatino
Torneos
Uruguay


MN Federico Canias Campeón del Cumpleañero de Julio

 Academia Nau64 29 julio, 2026 


El pasado sábado 25 de julio se disputó el torneo de rápidas Cumpleañero de Julio, una competencia que no solo reúne a los aficionados al ajedrez en un torneo de … Read More



#ajedrez#chess#Nau64#uruguayTorneo Comment on MN Federico Canias Campeón del Cumpleañero de Julio 






 





Academia
FIDE
Partidas
Torneos
Uruguay


Open 136: Ronda 1

 Academia Nau64 27 julio, 2026 


El pasado lunes 20 de julio dio comienzo el Open 136, un torneo suizo a cinco rondas, en modalidad estándar, con un ritmo de juego de 60 minutos por jugador … Read More



#ajedrez#nau64ajedrez#uruguay Comment on Open 136: Ronda 1 






 





FIDE
Partidas
Sabatino
Torneos
Uruguay


Sorpresa: Miguel Pinto y Daniel Kaciusis Campeones

 Academia Nau64 15 julio, 2026 


El sábado 11 de julio se disputaron, como ya es tradición, los torneos de Rápidas y Blitz en Nuestra Academia ambos eventos fueron validos para el ELO FIDE, con la … Read More



#nau64ajedrez#uruguayTorneo 






 





Academia
FIDE
Partidas
Torneos
Uruguay


II Amateur Sub 1600 de NAU 64

 Academia Nau64 12 julio, 2026 


Este jueves 2 de julio finalizó el Segundo Torneo de Rápidas Sub-1600. La competencia se disputó a razón de una ronda por jueves, con un ritmo de juego de 20 … Read More



#ajedrez#nau64ajedrez#uruguayTorneo 






 





Academia
Sabatino
Torneos


CM Tabare Bustelo y Miguel Pinto, Campeones del sabatino

 Academia Nau64 7 julio, 2026 


Este sábado 4 de julio se disputaron, como ya es tradición en la academia, los torneos sabatinos de Rápidas y Blitz, ambos válidos para el rating ELO FIDE. "
https://nau64.com/2026/07/,1,"El torneo … Read More










 





Academia
FUA
Torneos


NAU 64 en el Interclubes de Rápidas y Blitz

 Academia Nau64 7 julio, 2026 


El fin de semana del sábado 20 y domingo 21 de Junio, se disputaron en los salones Rojo y Dorado de la Intendencia de Montevideo los torneos de Rápidas y … Read More



#ajedrez#Nau64#uruguayTorneo 






 





FIDE
Partidas
Sabatino
Torneos
Uruguay


Juan Esquibel ganó el sabatino rápido

 Academia Nau64 1 julio, 2026 


El sábado 27 de junio se llevó a cabo el tradicional Torneo Cumpleañero de partidas rápidas, como es costumbre, el último sábado de cada mes, celebrando a los jugadores que … Read More



#ajedrez#nau64ajedrez#uruguayTorneo"
https://nau64.com/2026/08/06/,0,"Día: 6 de agosto de 2026 




 





FIDE
Online
Partidas
Torneos


Open 136 – Ronda 3

 Academia Nau64 6 agosto, 2026 


El pasado lunes 3 de agosto se realizó la tercera ronda del Open 136, con la participación de 16 jugadores, distribuidos en ocho partidas. Como es habitual, el evento fue … Read More



#ajedrez#chess#Nau64#nau64ajedrez#uruguayTorneo Comment on Open 136 – Ronda 3 






 





FIDE
Partidas
Sabatino
Torneos
Uruguay


MN Benjamin Martello arrasa en los torneos rapidos y blitz

 Academia Nau64 6 agosto, 2026 


El pasado fin de semana se realizaron los tradicionales torneos de Blitz y Rápidas, como ya es costumbre en nuestra academia. "
https://nau64.com/2026/08/06/,1,"En esta ocasión participaron dos jugadores extranjeros: Félix Isaiah, … Read More



#ajedrez#chess#nau64ajedrez#uruguay Comment on MN Benjamin Martello arrasa en los torneos rapidos y blitz 






 





Online


Clasificatorio Final Liga Uruguaya de Ajedrez

 José Riverol 6 agosto, 2026 


Liga Uruguaya de Ajedrez 3 categorías: Absoluta, Sub-12 y Sub-16 Lugar: Casona de Punta Carretas, José Ellauri 306 – Municipio CHFecha: Domingo 16 de agostoHora de comienzo: 15:00 hsSistema de … Read More



Comment on Clasificatorio Final Liga Uruguaya de Ajedrez"
https://nau64.com/2026/08/11/,0,"Día: 11 de agosto de 2026 




 





FIDE
Partidas
Sabatino
Torneos


Doble consagración: Rivas Puch gana Rápidas y Blitz.

 Academia Nau64 11 agosto, 2026 


El pasado sábado 8 de agosto nuestra academia fue sede de los tradicionales torneos de Rápidas y Blitz, que reunieron a una gran cantidad de jugadores en un ambiente competitivo … Read More



#ajedrez#Nau64#nau64ajedrez#uruguayTorneo Comment on Doble consagración: Rivas Puch gana Rápidas y Blitz."
https://nau64.com/2026/08/19/,0,"Día: 19 de agosto de 2026 




 





Torneos


La Casona vibró con ajedrez y tres campeones de Cerro.

 Academia Nau64 19 agosto, 2026 


El pasado domingo 16 de agosto, la histórica Casona del Municipio CH fue escenario de un vibrante torneo clasificatorio rumbo a la Final de la Liga Uruguaya de Ajedrez por … Read More



#ajedrez#chess#uruguayTorneo Comment on La Casona vibró con ajedrez y tres campeones de Cerro. 






 





Partidas
Sabatino
Torneos


Gian Franco imparable en rápidas, Gustavo se adueña del blitz.

 "
https://nau64.com/2026/08/19/,1,"Academia Nau64 19 agosto, 2026 


Este sábado 15 de agosto la Academia Nau64 volvió a vibrar con los tradicionales torneos de Rápidas y Blitz, que reunieron a una gran cantidad de jugadores en un ambiente … Read More



#ajedrez#chess#Nau64#nau64ajedrezTorneo Comment on Gian Franco imparable en rápidas, Gustavo se adueña del blitz. 






 





Online
Partidas
Torneos


Open 136 – Ronda 4 Diego Moreno domina!

 Academia Nau64 19 agosto, 2026 


El pasado lunes 10 de agosto se disputó la cuarta ronda del Torneo Estándar Open 136, marcada por dos ausencias: la de Juan Ignacio Urruty en la mesa 1 y … Read More



#ajedrez#chess#Nau64#nau64ajedrezTorneo Comment on Open 136 – Ronda 4 Diego Moreno domina! 






 





Online


1er Torneo Suizo sistema Match – Ronda 3 y 4

 Academia Nau64 19 agosto, 2026 


Ronda 3 El pasado jueves 30 de Julio se realizo la tercer ronda de este torneo rapido en nuestra academia. Solamente se jugaron dos match en esta ronda: Daniel Fuce-Gabriel … Read More



Comment on 1er Torneo Suizo sistema Match – Ronda 3 y 4"
https://nau64.com/2026/08/21/,0,"Día: 21 de agosto de 2026 




 





FIDE
Partidas
Torneos
Videos


Diego Moreno arrasa y se consagra Campeón del Open 136

 Academia Nau64 21 agosto, 2026 


El pasado lunes 17 de agosto finalizó el Open 136 de nau64, que consagró a Diego Moreno como campeón absoluto. La quinta y última ronda se disputó con dos ausencias … Read More



#ajedrez#chess#nau64ajedrez#uruguayTorneo Comment on Diego Moreno arrasa y se consagra Campeón del Open 136"
https://nau64.com/45a-olimpiada-de-ajedrez-estados-unidos-se-prepara-para-enfrentarse-a-india-kazajstan-se-hace-con-el-liderato-en-el-evento-femenino/,0,"Olimpiada


45ª Olimpiada de Ajedrez: Estados Unidos se prepara para enfrentarse a India; Kazajstán se hace con el liderato en el evento femenino

 José Riverol 20 septiembre, 2024 


El momento culminante de la jornada fue la partida entre Gukesh D y Nodirbek Abdusattorov en el primer tablero del partido India vs. Uzbekistán. Ambos jóvenes prodigios tienen un historial impresionante y compiten por la medalla de oro individual en el tablero superior. Gukesh tenía 6½/7 con una puntuación de 3085, mientras que Abdusattorov tenía 7½/8 con una puntuación de 3021. El primer movimiento ceremonial lo realizó Zoltán Gera, un exfutbolista profesional húngaro. Desafortunadamente, la partida terminó en un empate sin incidentes debido a una triple repetición en la jugada 32. Esto marcó el tono de todo el partido, ya que todas las demás partidas también terminaron en tablas, lo que resultó en un empate 2-2.


El resultado fue decepcionante para India, ya que Arjun Erigaisi perdió una oportunidad de anotar contra Shamsiddin Vokhidov cuando este último cometió un error en la jugada 37. Fue un descuido mutuo, ya que Erigaisi tampoco logró encontrar la continuación ganadora y jugó de manera diferente, perdiendo su oportunidad.El equipo de EE. UU. triunfó sobre Hungría gracias a la victoria de Leinier Domínguez sobre Sanan Sjugirov y superó a sus oponentes en la clasificación del torneo. Ahora estamos listos para un emocionante choque entre EE. "
https://nau64.com/45a-olimpiada-de-ajedrez-estados-unidos-se-prepara-para-enfrentarse-a-india-kazajstan-se-hace-con-el-liderato-en-el-evento-femenino/,1,"UU. e India en la penúltima ronda de la competencia. Si el equipo de Fabiano Caruana quiere tener una oportunidad de ganar el oro, debe hacer todo lo posible para ganar este partido.

China derrotó por un estrecho margen a Irán, con Wei Yi venciendo a Amin Tabatabaei. El resultado podría haber sido más convincente si Ding Liren hubiera aprovechado una ventaja decisiva contra Parham Maghsoodloo, pero no fue así. En la ronda 10, China se enfrentará a Uzbekistán en uno de los partidos clave del evento.Vladimir Fedoseev, jugando en el primer tablero por Eslovenia, logró lo que parecía imposible al derrotar a Magnus Carlsen en el final. Durante la transmisión en vivo, Vladimir reaccionó a la observación de los comentaristas de que no podían arrancarle una sonrisa: Es difícil sonreír después de un partido así, simplemente no quedan emociones. Eslovenia se impuso a Noruega por 3-1, prácticamente destrozando las esperanzas de medallas de Noruega. 

Todas las partidas del Torneo Absoluto


En la sección femenina, el partido más importante entre Kazajstán y Polonia contó con el primer movimiento ceremonial realizado por Tahir Taghi-Zadeh, Embajador de Azerbaiyán en Hungría, en presencia de Mahir Mamedov, Vicepresidente de la FIDE y Presidente de la Federación de Ajedrez de Azerbaiyán.

Las tres partidas en los tableros superiores terminaron en tablas, por lo que el resultado se decidiría en la partida entre Alicja Sliwicka y Alua Nurman. Quien ganara aseguraría la victoria para su equipo y lideraría el evento femenino. Antes de la jugada 40, las cosas parecían prometedoras para Sliwicka, pero después del control de tiempo, las negras superaron lentamente a su oponente. Después de una insoportable batalla de 86 movimientos, Nurman, de 17 años, tomó la delantera y llevó al equipo de Kazajstán a la cima de la clasificación.

Partidas de la Ronda 9 Femenino


El partido entre las exlíderes India y la cabeza de serie número 7 del torneo, Estados Unidos, terminó en un parejo empate. Gulrukhbegim Tokhirjonova derrotó a Vaishali R en el primer tablero y, con empates en los tableros 2 y 4, el partido parecía prometedor para Estados Unidos. Sin embargo, Irina Krush cometió un error en el apuro de tiempo y Vantika Agrawal aprovechó su oportunidad para igualar el marcador. India ahora está un punto por detrás de la líder.Resultados de los mejores partidos:Abierto:Femenino:Primeras posiciones tras 9 rondas:Abierto:1. India – 172-4. EE. UU., Uzbekistán, China – 155-9. Eslovenia, Ucrania, Serbia, Hungría, Armenia – 14Femenino1. Kazajstán – 162. India – 153-11. "
https://nau64.com/45a-olimpiada-de-ajedrez-estados-unidos-se-prepara-para-enfrentarse-a-india-kazajstan-se-hace-con-el-liderato-en-el-evento-femenino/,2,"China, Armenia, Polonia, EE. UU., España, Alemania, Ucrania, Georgia, Vietnam – 14 Resultados completos:  Chess-results.com – 45ª Olimpiada de Ajedrez Escrito por WGM Anna BurtasovaFotos: Michal Walusza, Mark Livshitz y Maria Emelianova
Para obtener más información, visite el sitio web oficial del torneo
Estaremos comentando en detalle las actuaciones de nuestros jugadores y nuestras jugadoras a lo largo del evento.Nos podrán seguir en nuestras Redes Sociales:Youtube – Twitch – Instagram – Facebook – X Twitter – TikTokPodes sumarte a nuestro canal de Whatsapp








Navegación de entradas
Ronda 9 Uruguay: Un Rival Digno en la Olimpiada de Ajedrez.45ª Olimpiada de Ajedrez: India Arrasa en el Torneo Abierto; Expectativa en la Competición Femenina"
https://nau64.com/45a-olimpiada-de-ajedrez-india-arrasa-en-el-torneo-abierto-expectativa-en-la-competicion-femenina/,0,"Olimpiada


45ª Olimpiada de Ajedrez: India Arrasa en el Torneo Abierto; Expectativa en la Competición Femenina

 José Riverol 21 septiembre, 2024 


¡La India es imparable! El partido crucial de la Olimpiada de Ajedrez, India vs. Estados Unidos, terminó con una victoria de 2,5-1,5 para la India, lo que supone su novena victoria.El primer movimiento ceremonial en este importante encuentro lo realizaron las leyendas húngaras Susan y Sofia Polgar. Wesley So abrió el marcador para los Estados Unidos al derrotar a Praggnanandhaa R, pero esto fue sólo un consuelo para el equipo estadounidense. Cuando terminó esta partida, dos prodigios del equipo indio, Gukesh D y Arjun Erigaisi, ya estaban ganando sus partidas contra Fabiano Caruana y Lenier Domínguez, respectivamente. Vidit Gujrathi consiguió un empate con negras contra Levon Aronian.


Gukesh fue el primero en terminar la faena, triunfando sobre Fabiano Caruana. Hablando sobre la partida en la transmisión de la FIDE, Gukesh dijo: “Fue una locura. Me sorprendió en la apertura con su orden de movimientos y llegamos a una posición inicialmente igualada. Sus problemas comenzaron con Ce7”. Reflexionando sobre las últimas etapas de la partida, agregó: “Arjun estaba ganando completamente, así que pensé que incluso un empate estaría bien, pero seguí encontrando todas las buenas jugadas”. Al comentar sobre su propia increíble actuación en esta Olimpiada, dijo: “Estoy contento, ¡pero lo principal era actuar como un equipo!”.

China derrotó a Uzbekistán en un partido muy disputado. Ding Liren estuvo mucho mejor, pero no pudo aprovechar sus oportunidades contra Nodirbek Abdusattorov. Shamsiddin Vokhidov se impuso a Wang Yue, pero China contraatacó con victorias de Yu Yangyi contra Javokhir Sindarov y Wei Yi contra Nodirbek Yakubboev. China se encuentra ahora a dos puntos de la India. Si la India pierde en la ronda final y China gana, los dos equipos compartirán el primer puesto. Los desempates decidirán el resultado y, aunque la India tiene un desempate mucho mejor en este momento, todavía hay una pequeña posibilidad de que China pueda ganar.

Eslovenia es la sorpresa del torneo, ya que venció a Holanda gracias a la victoria de Matej Sebenik sobre Benjamin Bok. Ahora, el equipo de Vladimir Fedoseev, cabeza de serie número 27, ocupa el tercer puesto en solitario con 16 puntos y se enfrenta a India en la última ronda, un logro increíble.

El primer movimiento en el match entre Hungría y Serbia lo realizó el legendario gran maestro húngaro Lajos Portisch. Jugó 1.e4 para Richard Rapport y el líder del equipo húngaro no lo retiró, como suele ocurrir, sino que comenzó la partida con esta jugada. Desafortunadamente para los fanáticos locales, esta inspiración no se tradujo en una victoria del match. Un empate 2-2 significa que Hungría está en un gran grupo de equipos con 15 puntos que comparten el cuarto lugar.
Todas las Partidas de la Ronda 10 del Open



El presidente de la Federación de Ajedrez de Kazajstán y director general de la empresa Freedom Holding Corp., Timur Turlov, realizó el primer movimiento ceremonial en el encuentro de mujeres de alto nivel en presencia del embajador de la República de Kazajstán en Hungría, Abzal Saparbekuly. Kazajstán, líder único en la sección femenina, se enfrentó al poderoso equipo de Georgia.

"
https://nau64.com/45a-olimpiada-de-ajedrez-india-arrasa-en-el-torneo-abierto-expectativa-en-la-competicion-femenina/,1,"Con tres partidas empatadas, Alua Nurman salvó el día para Kazajstán. Mantuvo un empate, salvó una posición perdedora contra Bella Khotenashvili en el cuarto tablero y aseguró un empate 2-2 en el partido.Mientras tanto, India venció a China 2.5-1.5 gracias a que Divya Deshmukh derrotó a Ni Shiqun. Todas las demás partidas terminaron en tablas. Divya está teniendo un evento increíble. Con 8.5 sobre 10, es la principal candidata al oro individual en el tercer tablero.

Todas las partidas del Torneo Femenino ronda 10.

Después de liderar durante la mayor parte del evento, India tropezó con una derrota ante Polonia y luego un empate contra los EE. UU., pero está recuperando impulso. Antes de la ronda final, comparte el primer lugar con Kazajstán. La lucha por las medallas está muy abierta en la sección femenina, ya que EE. UU. "
https://nau64.com/45a-olimpiada-de-ajedrez-india-arrasa-en-el-torneo-abierto-expectativa-en-la-competicion-femenina/,2,"y Polonia están a solo un punto de las líderes.

Resultados de los mejores partidos:Abierto:

Mujer:

Primeras posiciones tras 10 rondas:


Resultados completos:  Chess-results.com – 45ª Olimpiada de Ajedrez Escrito por WGM Anna BurtasovaFotos: Michal Walusza, Mark Livshitz, Maria Emelianova y Gergő KapásPara obtener más información, visite el sitio web oficial del torneo
Estaremos comentando en detalle las actuaciones de nuestros jugadores y nuestras jugadoras a lo largo del evento.Nos podrán seguir en nuestras Redes Sociales:Youtube – Twitch – Instagram – Facebook – X Twitter – TikTokPodes sumarte a nuestro canal de Whatsapp








Navegación de entradas
45ª Olimpiada de Ajedrez: Estados Unidos se prepara para enfrentarse a India; Kazajstán se hace con el liderato en el evento femeninoTodo o Nada: La Ronda Final con Esperanza Celeste en Budapest"
https://nau64.com/45a-olimpiada-de-ajedrez-r06-india-emerge-como-lider-unico-en-ambas-secciones/,0,"Olimpiada


45a Olimpiada de Ajedrez R06: India emerge como líder único en ambas secciones

 José Riverol 17 septiembre, 2024 


India llega al único día de descanso de la 45ª Olimpiada de Ajedrez como líder en solitario, tras haber ganado todos los encuentros tanto en la sección abierta como en la femenina. Ambos equipos han ido ganando con confianza, sin haber atravesado encuentros difíciles hasta el momento, lo que demuestra claramente su camino hacia las medallas de oro. El prodigio del ajedrez argentino Faustino Oro, con un rating actual de 2434 a sus diez años, hizo el primer movimiento (Ver aquí el Video) en la ronda 6 para el campeón mundial Ding Liren, poniendo en marcha las partidas.


Principales Resultados del Abierto

India continuó su búsqueda de medallas de oro, derrotando a Hungría por 3-1. Arjun Erigaisi sigue siendo el único jugador con una puntuación perfecta en la sección abierta. En la ronda 6, ganó contra Sanan Sjugirov, una reciente incorporación al equipo húngaro. Erigaisi está ganando 13 puntos de calificación en la Olimpiada, lo que lo eleva a un récord personal de 2791. La segunda victoria en el partido fue para Vidit Gujrathi, mientras que las partidas en los dos primeros tableros terminaron en empate.El increíble Vietnam detuvo a China y empató el partido 2-2. Wang Yue venció a Tuan Minh Tran en el último tablero, pero el líder del equipo vietnamita, Le Quang Liem, tomó represalias derrotando al campeón mundial Ding Liren.

“Es la primera vez que, después de la primera mitad del torneo, estamos entre los líderes”, comentó Liem en la transmisión oficial. “Estoy muy feliz con el resultado y orgulloso de mis compañeros de equipo. Esta vez estamos jugando fantásticamente. Al llegar a este torneo, no teníamos expectativas. Inicialmente estábamos en el puesto 21. Nunca antes habíamos estado tan cerca de las medallas. "
https://nau64.com/45a-olimpiada-de-ajedrez-r06-india-emerge-como-lider-unico-en-ambas-secciones/,1,"Disfrutaremos de los partidos y veremos qué sucede”. Irán se impuso a Noruega en un partido muy disputado gracias a un triunfo en el cuarto tablero, en el que Pouya Idani se impuso a Frode Urkedal. Magnus Carlsen tuvo una clara ventaja en el medio juego ante Parham Maghsoodloo, pero solo pudo lograr un empate.

Uzbekistán tuvo un partido difícil contra Israel, ya que Sindarov cometió un error y perdió contra Nabaty. Sin embargo, gracias a las victorias de Abdusattorov y Yakubboev, los actuales campeones lograron la victoria en el partido. Estados Unidos sigue teniendo problemas, con cuatro empates contra Rumanía a pesar de ser los favoritos en todos los aspectos, un resultado que no es nada satisfactorio para el equipo de Fabiano Caruana.

Después de 6 rondas, India es el único líder con 12 puntos, seguido de cerca por Vietnam, China e Irán con 11 puntos de partido. En la categoría femenina, India sigue deleitando a sus seguidores. Divya Deshmukh consiguió una contundente victoria sobre Armenia al derrotar a Elina Danielian. Los empates en los otros tableros consolidaron el resultado.
Todas las Partidas del Abierto



China, por su parte, sufrió su segunda derrota consecutiva. Polonia se llevó esta importante victoria por 2½-1½, gracias a Oliwia Kiolbasa, la heroína de la Olimpiada anterior, que venció a Guo Qi. Los otros tres partidos terminaron en tablas. Georgia se impuso por un estrecho margen a Mongolia, gracias a la victoria de Melia Salomé en el cuarto tablero.
Principales Resultados del Femenino


Todas las Partidas del Femenino.


Después de seis rondas, India lidera con 12 puntos de partido, seguida por Georgia y Polonia con 11. El torneo se detendrá por un descanso de un día y la competencia se reanudará el 18 de septiembre con la Ronda 7.Resultados completos:  Chess-results.com – 45ª Olimpiada de Ajedrez Escrito por WGM Anna BurtasovaFotos: Michal Walusza, Mark Livshitz y Maria EmelianovaSitio web oficial:  chessolympiad2024.fide.com
Estaremos comentando en detalle las actuaciones de nuestros jugadores y nuestras jugadoras a lo largo del evento.Nos podrán seguir en nuestras Redes Sociales:Youtube – Twitch – Instagram – Facebook – X Twitter – TikTokPodes sumarte a nuestro canal de Whatsapp








Navegación de entradas
Suerte impar en la 6a Ronda de la Olimpiada de Ajedrez.El sube y baja de la celeste en la 7ma ronda de la Olimpiada de Ajedrez."
https://nau64.com/45a-olimpiada-de-ajedrez-r07-india-sigue-brillando-y-gana-todos-los-partidos/,0,"Olimpiada


45ª Olimpiada de Ajedrez R07: India sigue brillando y gana todas las partidas

 José Riverol 18 septiembre, 2024 


El primer movimiento ceremonial en la sección abierta de la 45ª Olimpiada de Ajedrez lo realizaron el Sr. László Bekefi, Director General de Coca-Cola HBC Hungría, y el Sr. "
https://nau64.com/45a-olimpiada-de-ajedrez-r07-india-sigue-brillando-y-gana-todos-los-partidos/,1,"Alexey Dmitrenko, Responsable de la Cadena de Suministros de Coca-Cola HBC Hungría. Coca-Cola, el socio oficial de bebidas, suministra refrescos y agua gratuitos a los jugadores, los medios de comunicación y el equipo organizador de la Olimpiada.



Este movimiento ceremonial dio inicio al encuentro más importante de la sección abierta: India vs. "
https://nau64.com/45a-olimpiada-de-ajedrez-r07-india-sigue-brillando-y-gana-todos-los-partidos/,2,"China. El esperado encuentro en el primer tablero entre Gukesh D y Ding Liren no se produjo. Aunque ambos tienen previsto disputar el encuentro por el campeonato mundial en noviembre, China permitió que Ding Liren descansara para este encuentro. El comentarista del torneo, GM Peter Svidler, tenía una opinión firme al respecto: “No creo que se encuentren muchos ejemplos de que el actual campeón mundial no juegue en el primer tablero en un encuentro absolutamente crítico de la Olimpiada de Ajedrez… Si China quiere ganar esta Olimpiada, necesita ganar hoy. Es muy difícil quitarle puntos a este equipo indio. El hecho de que Ding Liren no se siente a jugar hoy después del día de descanso es, creo, bastante significativo”.

El primer juego que terminó en el match fue un empate entre Praggnanandhaa R y Yu Yangyi en el segundo tablero. Una de las intrigas de la ronda fue si Arjun Erigaisi, con un récord perfecto de 6/6 hasta el momento, continuaría con su racha ganadora. Después de las locas complicaciones en el medio juego, que fueron todas simplemente forzadas, como dijo Arjun después de la partida, Erigaisi, jugando con blancas, terminó su racha ganadora al empatar con Bu Xiangzhi. Vale la pena señalar que antes de intentar una triple repetición mediante un jaque perpetuo, Bu pensó durante unos 15 minutos, revisando constantemente las otras dos partidas, tratando de considerar si podría continuar la partida. De hecho, solo las blancas podrían empujar, comentó Erigaisi. Si la situación en los otros dos tableros hubiera sido diferente, tal vez hubiera tenido que arriesgar, pero mis compañeros de equipo lo estaban haciendo bien.

Como Pentala Harikrishna hizo tablas con Wang Yue, la partida en la que India podía esperar una victoria era Gukesh D contra Wei Yi. Durante mucho tiempo, pareció que también terminaría en tablas. Sin embargo, la tarea defensiva de las negras no era nada fácil. Finalmente, después de una batalla insoportable, en la jugada 71, las negras cometieron un error y Gukesh no dejó pasar esta oportunidad. ¡Una victoria ajustada de 2,5-1,5 para India! Pensé que presionaría esto para siempre y vería qué pasaba, comentó Gukesh después de la partida. No podía perderlo, así que no tenía presión.

Irán detuvo el milagro vietnamita al derrotarlos con seguridad por 2,5-1,5. Tres empates y la victoria de Pouya Idani en el último tablero elevaron a Irán al segundo puesto. El equipo, encabezado por Parham Maaghsoodloo y Amin Tabatabaei, inicialmente cabeza de serie número 10, se enfrentará a India en la siguiente ronda. Son un equipo fuerte, así que simplemente vendremos y jugaremos un buen ajedrez, dijo Gukesh.
Todas las partidas de Torneo Abierto


En la sección femenina, el primer paso para Harika lo dieron el Excmo. Sr. Aref Hamad Al Awani, Secretario General del Consejo de Deportes de Abu Dabi, y Hussein Abdullah Khoury, Presidente del Club de Ajedrez de Abu Dabi. Abu Dabi, Emiratos Árabes Unidos, será la sede de la 47.ª Olimpiada de Ajedrez en 2028. Con ello, dio comienzo el decisivo partido entre India y Georgia.
India ha tenido un torneo ideal hasta ahora, ganando todos sus partidos. Divya Deshmukh, en el tercer tablero, había sido la heroína del equipo con 5,5 puntos en 6 partidos. Esta vez, hizo un empate, pero sus compañeras de equipo Vaishali R y Vantika Agrawal tomaron la bandera y la levantaron en alto, ganando sus partidos.

¡Una sorprendente victoria por 3-1 contra uno de los favoritos, Georgia, no deja dudas de que India se toma en serio el objetivo de mejorar su bronce en 2022!
El importante partido entre Polonia y Ucrania en la categoría femenina terminó en empate. Después de que Alina Kashlinskaya, en el primer tablero, derrotara a Yuliia Osmak en un apuro de tiempo, las cosas parecían ir bien para Polonia. Sin embargo, Ucrania contraatacó con una victoria de Nataliya Buksa contra Oliwia Kiolbasa en el tercer tablero. Esto significa que India ahora tiene dos puntos de partido de ventaja sobre sus perseguidoras.

La Olimpiada de Ajedrez batió otro récord en la séptima ronda. Siria fue el último equipo en llegar y en ser emparejado en la sección abierta. Esto eleva el total a 188 equipos, lo que supone un récord absoluto para las Olimpiadas de Ajedrez. En 2022 en Chennai, hubo 186 equipos en la sección abierta. El torneo femenino también cuenta con el mayor número de participantes: 169 equipos participan, en comparación con los 159 de Chennai.
Todas las partidas del Torneo Femenino

Posición del día:
Yuliia Osmak (Ucrania, 2471) – Alina Kashlinskaya (Polonia, 2490)

Negro para mover
28… Ae4! Las negras están ganando, pero realmente necesitan simplificar y extinguir el ataque del flanco de rey de las blancas. 29. Txe4 Cxd2 30. Tf4 Db8 y pronto (no sin más complicaciones tácticas) las negras ponen en movimiento sus peones del flanco de dama y ganan la partida. 0-1
Resultados de los partidos más disputados:
Abierto:
(12) India 2,5-1,5 China (11)(11) Irán 2,5-1,5 Vietnam (11)(10) Uzbekistán 3-1 Ucrania (10)(10) Serbia 3-1 Países Bajos (10)(10) Armenia 2,5-1,5 Inglaterra (10)(10) Lituania 1,5-2,5 Hungría (10)(10) Francia 2-2 Georgia (10) 
Mujer:
(12) India 3-1 Georgia (11)(10) Ucrania 2-2 Polonia (11)(10) Azerbaiyán1-3 Kazajstán (10) (10) Armenia 2-2 EE. UU. (10)(10) Mongolia 2-2 Alemania (10)(10) España 1,5-2,5 Francia (10)
Clasificación final tras 7 jornadas:
Abierto: 1. India – 14 pts, 2. Irán – 13, 3-6. Uzbekistán, Hungría, Armenia, Serbia – 12Femenino: 1. India – 14, 2-4. Polonia, Kazajstán, Francia – 12
Resultados completos y clasificaciones: Chess-results.com – 45ª Olimpiada de Ajedrez Escrito por WGM Anna BurtasovaFotos: Michal Walusza, Mark Livshitz y Maria EmelianovaVer más fotos de la Ronda 7 en FIDE FlickrSitio web oficial:  chessolympiad2024.fide.com 
Estaremos comentando en detalle las actuaciones de nuestros jugadores y nuestras jugadoras a lo largo del evento.Nos podrán seguir en nuestras Redes Sociales:Youtube – Twitch – Instagram – Facebook – X Twitter – TikTokPodes sumarte a nuestro canal de Whatsapp








Navegación de entradas
El sube y baja de la celeste en la 7ma ronda de la Olimpiada de Ajedrez.Uruguay Demuestra su Talento en la 8va Ronda de la Olimpiada de Ajedrez 2024"
https://nau64.com/45a-olimpiada-de-ajedrez-r08-india-domina-la-seccion-abierta-enfrenta-un-reves-en-la-femenina/,0,"Olimpiada


45ª Olimpiada de Ajedrez R08: India domina la sección abierta, enfrenta un revés en la femenina.

 José Riverol 19 septiembre, 2024 


Mientras que el equipo indio domina la sección abierta, al vencer a Irán con un impresionante marcador de 3½-½ en la octava ronda, sus compatriotas en la competición femenina sufrieron un revés. El equipo femenino de India sufrió su primera derrota a manos de Polonia.
        Ver esta publicación en Instagram            Una publicación compartida por nau64 chess club (@nau64ajedrez)

Polonia se impuso en los primeros tableros con las victorias de Alina Kashlinskaya contra Harika Dronavalli y de Monica Socko contra Vaishali R. Divya Deshmukh, en el tercer tablero, se recuperó con una victoria contra Aleksandra Maltsevskaya. La presión recaía sobre Vantika Agrawal, que se encontraba en una situación en la que debía ganar.

Vantika tenía una posición ganadora contra Alicja Sliwicka, pero después de un error en la jugada 56, dejó escapar su ventaja y tuvo que conformarse con las tablas. La decepción de Vantika era evidente, pero su compañera de equipo Divya Deshmukh, la mejor jugadora del equipo con 7/8, mantuvo la esperanza y le dijo al comentarista Peter Svidler: Si perdemos esto, creo que seguro que nos recuperaremos.
El prometedor equipo de Kazajstán derrotó por poco a Francia en un partido que no estaba nada claro. Los equipos intercambiaron golpes en los tableros superiores: Assaubayeva derrotó a Daulyte-Cornette y Nurman ganó a Guichard para Kazajstán, mientras que Millet trajo un punto para Francia al vencer a Kamalidenova. Dependió de Benmesbah aprovechar su ventaja contra Kairbekova para asegurar el empate en el partido. Sin embargo, no pudo ser, ya que Benmesbah dejó escapar la ventaja y, con un empate en este partido, Kazajstán comparte el liderato.

India, Polonia y Kazajstán lideran el torneo femenino con 14 puntos de partido cada una. Estados Unidos, Armenia y Ucrania están un punto por detrás. Estados Unidos ganó por un amplio margen a Uzbekistán, al igual que Armenia contra Mongolia, mientras que Anna Ushenina aseguró la victoria para Ucrania contra Hungría. ¡El torneo femenino se prepara para unas rondas finales fascinantes!Todas las Partidas del Torneo Femenino.


India está arrasando en el torneo abierto. "
https://nau64.com/45a-olimpiada-de-ajedrez-r08-india-domina-la-seccion-abierta-enfrenta-un-reves-en-la-femenina/,1,"El equipo no ha perdido ni un solo partido hasta ahora. 
        Ver esta publicación en Instagram            Una publicación compartida por nau64 chess club (@nau64ajedrez)

Arjun Erigaisi volvió a ganar (contra Daneshvar, 2598), por lo que no solo es el mejor jugador del equipo con 7,5/8, sino que también está en camino de convertirse en un jugador con más de 2800 puntos, ya que actualmente está ganando 14 puntos, lo que lo eleva a 2792. Gukesh D, que también ganó (contra Maghsoodloo, 2723) y tiene 6,5/7, está ganando aún más, 20 puntos, lo que actualmente se traduce en 2784 para él.
        Ver esta publicación en Instagram            Una publicación compartida por nau64 chess club (@nau64ajedrez)


En la novena ronda, el sorprendente equipo indio se enfrentará a Uzbekistán, un partido clave para las medallas. Uzbekistán ganó por un estrecho margen a Serbia gracias a la excelente técnica de final de Nodirbek Abdusattorov en su partida contra Alexandr Predke. Si los actuales campeones quieren tener otra oportunidad de conseguir el oro, tendrán que conseguir una victoria sobre India.

Hungría también sigue de cerca el ritmo. En la octava ronda, Benjamin Gledura aseguró la victoria de los anfitriones sobre Armenia, derrotando a Robert Hovhannisyan, mientras que todos los demás partidos terminaron en empate. El equipo de Richard Rapport y Peter Leko está ansioso por mostrar lo mejor de sí en su tierra natal, y hasta ahora su única derrota fue ante India. En la novena ronda, se enfrentarán al favorito del torneo, el equipo de Estados Unidos.
Todas las Partidas de la Ronda 8 del Abierto.

Posición del día:
Maxime Lagarde (2598, Francia) Levon Aronian (2729, EE. UU.)

La posición final de la partida de Aronian es bastante espectacular. Levon persiguió al rey blanco desde c1 hasta finalmente dar jaque mate en f6. 
Resultados de los partidos más disputados:
Abierto:

Mujer:

Clasificación final tras 8 jornadas:
Abierto:

Mujer:

Resultados completos: Chess-results.com – 45ª Olimpiada de Ajedrez Escrito por WGM Anna BurtasovaFotos: Michal Walusza, Mark Livshitz y Maria EmelianovaVer más fotos de la Ronda 8 en FIDE FlickrSitio web oficial:  chessolympiad2024.fide.comEstaremos comentando en detalle las actuaciones de nuestros jugadores y nuestras jugadoras a lo largo del evento.Nos podrán seguir en nuestras Redes Sociales:Youtube – Twitch – Instagram – Facebook – X Twitter – TikTokPodes sumarte a nuestro canal de Whatsapp








Navegación de entradas
Uruguay Demuestra su Talento en la 8va Ronda de la Olimpiada de Ajedrez 2024Ronda 9 Uruguay: Un Rival Digno en la Olimpiada de Ajedrez."
https://nau64.com/45a-olimpiada-de-ajedrez-r5-vietnam-armenia-y-mongolia-dan-la-sorpresa/,0,"Olimpiada


45ª Olimpiada de Ajedrez R5: Vietnam, Armenia y Mongolia dan la sorpresa!

 José Riverol 16 septiembre, 2024 


La India está sobresaliendo tanto en la sección abierta como en la femenina de la 45ª Olimpiada de Ajedrez en Budapest. En la sección abierta, el equipo de India derrotó a Azerbaiyán por un sólido marcador de 3-1, con dos victorias y dos empates. Gukesh D y Arjun Erigaisi ganaron sus partidas, mientras que Vidit Gujrathi estuvo cerca de derrotar a Mamedyarov, pero perdió su oportunidad. En la sección femenina, India triunfó sobre Kazajstán por 2½-1½. Ambos equipos están mostrando un juego seguro y han evitado partidos reñidos hasta ahora, a diferencia de otros favoritos. ¿Mantendrán este buen ritmo durante la segunda mitad del torneo y quién los desafiará?


En la siguiente ronda, Gukesh y su equipo se enfrentarán a los anfitriones, Hungría. En la quinta ronda, este consistente equipo derrotó a Ucrania. Richard Rapport superó a Vasyl Ivanchuk y todos los demás partidos terminaron en empate. Hungría tiene una gloriosa historia de victorias olímpicas, pero todas ellas se lograron en el siglo anterior: en 1927, 1928 y 1978. En total, Hungría ha ganado 12 medallas olímpicas, la última de las cuales fue la plata en 2014. El equipo de Péter Lékó, Csaba Balogh, Zoltán Almási, Richárd Rapport y Judit Polgár terminó por delante de India, que se llevó el bronce. Diez años después, Richard Rapport lidera ahora el equipo, ansioso por superar este resultado en su propio terreno.

En la sección abierta, China también está ganando de forma constante, pero por un margen estrecho. Tres empates y una victoria de Wei Yi contra David Anton les aseguraron una victoria sobre España en la quinta ronda. En la sexta, se enfrentarán al sensacional equipo de Vietnam. Después de derrotar a Uzbekistán, Vietnam continuó su buena racha al sorprender a Polonia. Y nuevamente, Nguyen Ngoc Truong Son (2633) y Le Tuan Minh (2564) ganaron sus partidas, esta vez contra Radoslaw Wojtaszek (2681) y Mateusz Bartel (2618), respectivamente. Con 4½ de 5 partidas, después de haber derrotado a Sindarov y Bartel, la calificación de rendimiento de Le Tuan Minh es actualmente de 2810. El joven de 27 años se convirtió en el decimotercer gran maestro de Vietnam en 2022. También es un streamer que juega regularmente al ajedrez en línea y tiene en su haber la victoria del Titled Tuesday.

Principales Resultados del Abierto

Todas las Partidas del Abierto

En la categoría femenina, las líderes junto a India son Armenia y Mongolia. Ambos equipos derrotaron a los favoritos en la quinta ronda. "
https://nau64.com/45a-olimpiada-de-ajedrez-r5-vietnam-armenia-y-mongolia-dan-la-sorpresa/,1,"Armenia causó sensación al vencer a China. Anna Sargsyan (2364) derrotó a Lu Miaoyi (2438), de 14 años, Elina Danielian (2393) empató con Ni Shiqun (2348) y después de que Mariam Mkrtchyan (2328) perdiera ante Song Yuxin (2373), el resultado fue 1,5-1,5. El resultado se decidió en la primera partida de tablero, donde Lilit Mktchian (2366) estuvo precisa contra Zhu Jiner (2487), quien, al observar los otros tableros, presionó demasiado para ganar y terminó en una posición inferior.

Mongolia se impuso a Estados Unidos por 2½-1½. Munkhzul Turmunkh (2256) superó a Gulrukhbegim Tokhirjonova (2380) en el primer tablero para asegurar la victoria, ya que todos los demás partidos terminaron en empate. Mientras que India se enfrentará a Armenia en la siguiente ronda, Mongolia se pondrá a prueba ante una de las favoritas del torneo, Georgia, que se encuentra a un punto de las líderes.

Principales Resultados del Femenino
Todas las Partidas del Femenino


Resultados completos: Chess-results.com – 45ª Olimpiada de Ajedrez 
Para obtener más información, visite el sitio web oficial del torneo .Escrito por WGM Anna BurtasovaFotos: Mark Livshit, Michal Walusza y Maria Emelianova
Estaremos comentando en detalle las actuaciones de nuestros jugadores y nuestras jugadoras a lo largo del evento.Nos podrán seguir en nuestras Redes Sociales:Youtube – Twitch – Instagram – Facebook – X Twitter – TikTokPodes sumarte a nuestro canal de Whatsapp








Navegación de entradas
Se fue la 5ta ronda con doble triunfo celeste!Suerte impar en la 6a Ronda de la Olimpiada de Ajedrez."
https://nau64.com/4ta-ronda-de-la-olimpiada-de-ajedrez-budapest-2024/,0,"Olimpiada


45ª Olimpiada de Ajedrez Ronda 4: Ucrania derrota a Estados Unidos, Vietnam vence a Uzbekistán

 José Riverol 14 septiembre, 2024 


En la cuarta ronda de la 45ª Olimpiada de Ajedrez de Budapest, Ucrania se impuso a Estados Unidos en un emocionante encuentro. Fabiano Caruana fue el primero en anotar, derrotando a Andrei Volokitin. Leinier Domínguez y Ruslan Ponomariov hicieron tablas en el tercer tablero y, como Wesley So tenía una mejor posición que Vasyl Ivanchuk, las cosas parecían prometedoras para los estadounidenses. Sin embargo, So cometió un error y permitió que el legendario Ivanchuk creara una red de mate y ganara la partida.Para entonces, Anton Korobov ya estaba ganando a Ray Robson en el cuarto tablero. Aseguró la victoria, llevando a Ucrania a derrotar al máximo favorito del torneo, por 2,5-1,5. Cuando se le preguntó sobre las posibilidades del equipo después de esta brillante actuación, el héroe de la jornada, Anton Korobov, bromeó amargamente: Quedan siete rondas; ¡va a ser un desastre! La edad media de nuestro equipo es de unos 100 años.


El actual campeón, Uzbekistán, que no había perdido ni un solo partido en la Olimpiada de 2022, cayó sorprendentemente ante el equipo de Vietnam, cabeza de serie número 21. Primero, Le Tuan Minh (2564) derrotó a Javokhir Sindarov (2677), y luego Nguyen Ngoc Truong Son (2633) se impuso a Nodirbek Yakubboev (2666), que parecía esforzarse demasiado para ganar. Los otros dos partidos, Le Quang Liem (2741) contra Nodirbek Abdusattorov (2766), y Tran Tuan Minh (2434) contra Jakhongir Vakhidov (2571), terminaron en empates.India sigue teniendo un buen desempeño, con una victoria por 3,5-0,5 contra Serbia. En los 16 partidos, Gukesh y su equipo solo concedieron dos empates a sus oponentes. El actual número 4 del mundo, Arjun Erigaisi, con una valoración de 2778, ganó 7 puntos de valoración después de su cuarta victoria, esta vez contra Aleksandar Indjic, y continúa rompiendo sus propios récords en el camino hacia los 2800.

China derrotó por un estrecho margen a Armenia gracias a la victoria de Yu Yangyi sobre Gabriel Sargissian, mientras que los demás partidos terminaron en empate. Del grupo de cabeza, Polonia, Hungría, Azerbaiyán y España también ganaron sus partidos.De cara a la quinta ronda, ocho equipos tienen 8 puntos de partido: India, España, China, Vietnam, Azerbaiyán, Polonia, Hungría y Ucrania (enumerados según los desempates).



Aquí se pueden ver todas las partidas del Torneo Abierto

A diferencia de sus homólogas masculinas, la selección femenina ucraniana ha tenido un comienzo complicado. Tras una ajustada victoria contra Lituania y dos empates en los tableros contra Israel, las defensoras del título empataron 2-2 contra Turquía, una selección de menor puntuación, en la cuarta ronda. Las dos primeras tablas empataron sus partidos, mientras que las dos selecciones intercambiaron golpes en las tablas inferiores. Nataliya Buksa (2387) derrotó a Kubra Ozturk Orenli (2262), pero Evgeniya Doluhanova (2304) perdió ante Gulenay Aydin (2202), de 18 años.Otras favoritas, a saber, India, China, Estados Unidos y Georgia, ganaron sus partidos de forma convincente.

El equipo femenino español, que no suele figurar entre los favoritos, se refuerza ahora con la MI Sarasadat Khademalsharieh, número 20 del mundo, con una valoración de 2468, que cambió de federación desde Irán en 2023. Como resultado, el equipo es el noveno favorito del torneo, pero en la cuarta ronda, las compañeras de Sarasadat perdieron dos partidos y cedieron ante Mongolia por 1,5-2,5.En un sorprendente giro de los acontecimientos, el equipo femenino de Uzbekistán sorprendió a Bulgaria. Afruza Khamdamova (2313) derrotó a la ex campeona del mundo Antoaneta Stefanova (2416), mientras que los demás partidos terminaron en empate. Afruza, de 15 años, es el talento joven más brillante de Uzbekistán, la primera mujer del país en superar la valoración de 2300. En 2023, ganó el Campeonato Mundial Femenino Sub-14, anotando 10 puntos en 11 partidos. Su única “derrota” se produjo porque tuvo que retirarse de la primera ronda debido a un vuelo cancelado, pero ganó todos sus partidos posteriores.

Después de cuatro rondas, siete equipos han ganado todos sus partidos: China, India, Estados Unidos, Armenia, Kazajstán, Uzbekistán y Mongolia. El joven equipo chino ha concedido solo un empate a sus oponentes en 16 partidas.
Escrito por WGM Anna BurtasovaFotos: Mark Livshit, Michal Walusza y Maria Emelianova
Resultados completos: Chess-results.com – 45th Chess Olympiad 
Para obtener más información, visite el sitio web oficial del torneo


Todas las partidas del Torneo Femenino Ronda 4


Reseña celeste.
En general, no fue un buen día para los compatriotas. "
https://nau64.com/4ta-ronda-de-la-olimpiada-de-ajedrez-budapest-2024/,1,"Sin embargo, siempre es importante sacar lo positivo para seguir mejorando. En el Tablero Uno, el GM Jorge Meier sumó otro punto con su defensa francesa, alcanzando un final con alfiles de distinto color que muchos habrían dado por tablas. El MF Facundo Vázquez tuvo siempre una leve iniciativa, aunque no pudo concretarla. Quizás en la jugada 50, probar un “b5” habría sido su última oportunidad.

Lamentablemente, hubo dos derrotas. Bernardo comenzó muy bien, tomando la interesante decisión de sacrificar un peón en la jugada 11. Sin embargo, no acertó el camino correcto y las blancas, con una buena defensa, consiguieron una posición superior que no soltaron. La última partida en finalizar fue la de Claudio, quien tenía todo a su favor, pero en el último momento, con apuros de tiempo para ambos jugadores, equivocó el rumbo y su rival forzó un final ganado.
Partidas Uruguay Absoluto: 

Equipo Femenino Uruguayo: 
El equipo celeste no tuvo buenas partidas en general. Nahiara, en su partida, omitió una clavada en la jugada 20 y perdió un peón, quedando en una posición inferior. "
https://nau64.com/4ta-ronda-de-la-olimpiada-de-ajedrez-budapest-2024/,2,"Su rival jugó con precisión el resto del juego y se llevó un merecido triunfo. Natalia, jugando en el tablero dos y por cuarta vez con negras, cayó en una maniobra típica de la Escandinava con el avance de h4 en la jugada 14, que su rival no perdonó.

Por su parte, Camila tuvo una partida muy típica del sistema Londres, pero una imprecisión en la movida 24 la dejó en una situación insostenible. En la cuarta mesa, Caterina, con piezas negras, quedó en una posición restringida en plena apertura y poco después perdió un peón. A pesar de su esfuerzo, la joven jugadora no pudo revertir el resultado.
Les dejo las partidas para que las revisen.

Estaremos comentando en detalle las actuaciones de nuestros jugadores y nuestras jugadoras a lo largo del evento.Nos podrán seguir en nuestras Redes Sociales:Youtube – Twitch – Instagram – Facebook – X Twitter – TikTokPodes sumarte a nuestro canal de Whatsapp








Navegación de entradas
Sorpresas en la ronda 3 de la Olimpiada de AjedrezSe fue la 5ta ronda con doble triunfo celeste!"
https://nau64.com/8-de-junio-comienza-el-primer-torneo-domingos-de-gambito/,0,"Academia
Torneos


8 de junio comienza el Primer Torneo Domingos de Gambito

 Victoria Galatro 26 mayo, 2025 


Será un sistema suizo a 5 rondas valido para el elo FUA con un ritmo de juego de 60 min + 30 seg.de incremento.Tendremos trasmisión con Tableros DGT en nuestros canales de Twitch y Youtube
Lista de Participantes entrando aquí .Los emparejamientos se realizan los viernes en la tarde. 



R E G L A M E N T O1) AUTORIDADES Y ASPECTOS ADMINISTRATIVOS. ORGANIZADOR: Club Cerro – Academia Nau64DIRECTOR DEL TORNEO: FA,FM José Riverol 3000427ÁRBITRO PRINCIPAL: AA Avril Stefano 3019233SALA DE JUEGO: Academia Nau64, Bv. España 2586 – Montevideo2) El Torneo se regirá por las Leyes del Ajedrez de la FIDE vigentes a la fecha.3) Se disputará por sistema Suizo a 5 rondas.Calendario:Ronda 1: Domingo 8 de junio, 17hrsRonda 2: Domingo 15 de junio, 17hrsRonda 3: Domingo 29 de junio, 17hrsRonda 4: Domingo 6 de julio, 17hrsRonda 5: Domingo 13 de julio, 17hrsEste calendario puede ser modificado para un mejor desarrollo del torneo.4) Ritmo de juego: 60 minutos, más un incremento de 30 segundos por jugada desde el primer movimiento. La tolerancia será de 30 minutos una vez iniciada la sesión de juego.5) Los jugadores podrán acordar tablas en cualquier momento de la partida sin necesidad de consentimiento arbitral, siempre y cuando ambas hayan efectuado al menos un movimiento.6) El árbitro se asistirá con el programa informático Swiss Manager. A los efectos de los emparejamientos, el ranking inicial será ordenado por Elo FUA como primer criterio, por Elo FIDE como segundo criterio y por orden alfabético como tercer criterio.7) Los jugadores podrán solicitar no ser emparejados todas las veces que lo deseen. De la 1era a la 3era ronda se puede acceder a un solo bye de medio punto y de cero en todas las rondas. "
https://nau64.com/8-de-junio-comienza-el-primer-torneo-domingos-de-gambito/,1,"Deberán notificarlo al árbitro antes de realizar el emparejamiento. Para la primera ronda deberán hacerlo en el momento de la inscripción.8) DESEMPATES: Para dirimir posiciones igualadas en puntos al final del Torneo, se utilizarán en el orden que sigue, los sistemas de desempate a saber: I) Encuentro directo II) Buchholz con corte 1 III) Buchholz total IV) Sistema Arranz V) Mayoría de victorias con negras
9) Teléfonos celulares y demás dispositivos electrónicos: Durante la partida, los jugadores no podrán portar teléfonos celulares ni otros dispositivos electrónicos (como ser tablets, smartwatches, etc.). Sin embargo, antes de comenzar la partida podrán dejar su celular en el lugar asignado por la organización para su guardado, sin manipularlo mientras se desarrolle la partida. Si a un jugador le suena el celular en la sala de juego, o es evidente que porta cualquier dispositivo electrónico, perderá la partida.10) Es competencia del Árbitro Principal decidir ante casos no previstos en este reglamento.11) Los jugadores, con su participación, aceptan las condiciones del presente reglamento en todos sus términos.
Inscripciones: Socios de nau64 $300No Socios $600
Pagos de las Inscripciones:
Santander:Transferencias dentro de Santander: Cuenta: 1201640616 Moneda: UYU Sucursal: 73 – ArocenaTransferencias desde otros bancos: Cuenta: 0073001201640616 Moneda: UYUCuenta Prex: 1211475 Jose Riverol
Realizado el pago enviar foto de comprobante al Whatsapp 099 556 123








Navegación de entradas
Fabulosa Liga ATRACOAprendé a Programar desde Cero con Python"
https://nau64.com/about/,0,"Qué es nau64? 

Un lugar donde 
aprendizaje y entrenamiento; información y formación; o esparcimiento y 
recreación son valorados de igual manera, como distintos aspectos de 
una pasión en común por el juego ciencia.
"
https://nau64.com/about/,1,"Aprendizaje y entrenamiento dirigido a niños, jóvenes y adultos quienes como aficionados o jugadores experimentados deseen ampliar sus conocimientos y mejorar su juego, a través de cursos y/o clases personalizadas.
Información y formación incorporando la 
valiosa herramienta de la informática en la formación integral del 
ajedrecista, poniendo al alcance de quienes lo deseen el acceso a Internet;
 facilitando no sólo la búsqueda de su propia fuente de estudio a través
 de bases de datos y partidas, apoyo indispensable del ajedrecista de 
hoy en día; sino posibilitando el seguimiento on-line de torneos en todo
 el mundo, y fomentando la competencia a distancia con rivales en 
cualquier parte del planeta.
Esparcimiento y recreación para quienes 
simplemente añoren un lugar donde disfrutar de su tiempo libre frente a 
un tablero y un amigo, compartiendo un café y el gusto por el ajedrez rápido o clásico.
Nau64 chess club, un sitio para el ajedrez, en sus múltiples facetas, con actividades y horarios diferenciados y en espacios especialmente acondicionados para que cada una no interfiera con las demás.
Un lugar donde todo nuestro esfuerzo está dirigido a colmar tus expectativas, que como ajedrecistas conocemos perfectamente.
Contáctenos en:
nau64 chess club Clases Individuales, grupales, para niños, adultos, online o presencial en nuestra academia.Email: nau64ajedrez@gmail.com"
https://nau64.com/actividades/,0,"Featured





Online


Actividades

 Victoria Galatro 2 diciembre, 2024 


A partir de Enero 2025, ¡nuevos horarios de clases!
Con la membresía, se puede participar en todos grupos de clases de nivel Iniciado y Medio, en los talleres y en el Espacio para Juegos. También se cuenta con importantes descuentos de hasta el 100% en Torneos.
Para acceder al grupo de ELITE se requiere un pago de cuota adicional, y la previa autorización del docente.
"
https://nau64.com/actividades/,1,"Clases: Prof. MF José Riverol:

Nivel Iniciados (Presencial o por la Plataforma):

Martes 19:00 – 20:15 hs.
Jueves 15:15– 16:30 hs.
Sábados 10:00 – 11:15 hs.


Nivel Medio (Presencial o por la Plataforma):

Lunes 18:00 – 19:15 hs.
Viernes 15:15 – 16:30 hs.


Nivel ELITE (Presencial o por la Plataforma): Martes 15:15 – 16:30 hs.Jueves 20:00 – 21:15 hs
Torneo Internos:  Con aviso un Miercoles 19:00 hs. Presencial y Plataforma


Clases para Niños: Prof Prof Nikolai Yakes y MF Jose Riverol

Martes, Miercoles y Viernes Clases y Taller de 18:00 a 19:45 hs
Sábados Clases y Taller 11:00 a 12:15 hs.
Sábados Clases y Taller de 14:00 a 16:00 hs

Nuevo Espacio Ajedrez Femenino:

Viernes de 17:00 a 19:00 hs

Espacio libre para Juegos: 

Lunes a Viernes de 15:00 a 20:00 hs
Sábados de 14:00 a 21:00 hs (Incluye Torneo Rápido y Blitz)











Navegación de entradas
Mundial de Ajedrez 2024 (Marcador: Ding 3-3 Gukesh)XVI Torneo Reyes 2025 en nau64"
https://nau64.com/ajedrez-magico/,0,"Curiosidades


Ajedrez mágico.

 José Riverol 27 agosto, 2022 


El número de posiciones posibles en una partida de ajedrez es grande, incluso más que todos los átomos que existen en el universo:
Después del primer movimiento de las blancas, el número de posiciones posibles en una partida es 20.Después del segundo movimiento existen 400 posiciones distintas de la partida.Después del tercer movimiento existen 8902 posiciones totales posibles.Después de cuatro movimientos existen 197,724 posiciones posibles.Luego del quinto movimiento las posiciones posibles son 4,897,256 ¡Casi 5 millones!Las posiciones posibles en el sexto movimiento son más de 120 millones.En el séptimo movimiento son posibles más de 3000 millones de posiciones.
Así que aproximadamente el número de posiciones en el ajedrez, según el llamado número de Shannon, es de 10¹²⁰, mucho mayor al número de átomos del universo que es calculado en 10⁸⁰.








"
https://nau64.com/ajedrez-magico/,1,"Navegación de entradas
Homenaje al GM Ludomir KavslekFischer o Capablanca?"
https://nau64.com/ajedrez-social/,0,"Online


¡Nuevo espacio! Ajedrez Social

 Victoria Galatro 14 diciembre, 2024 


En estos tiempos locos y agitados, te invitamos a detenerte, respirar y disfrutar de un espacio donde podés jugar en paz, compartir experiencias y conectar con personas que aman el ajedrez como vos. Aquí, las piezas se mueven con calma, las ideas fluyen sin prisa, y las conexiones se construyen con cada jugada. ¡Una buena forma de terminar la semana con tranquilidad y buena compañía! 
Todos los viernes, de 17:30 a 20:00 hs.
"
https://nau64.com/ajedrez-social/,1,"Actividad gratuita para socios y pases libres.
Por informes e inscripciones: 092 321 600










Navegación de entradas
XVI Torneo Reyes 2025 en nau64Feliz 2025!"
https://nau64.com/alexandro-silva-y-charlie-posada-ganadores-del-sabatino/,0,"Sabatino
Torneos


Alexandro Silva y Charlie Posada ganadores del sabatino

 Academia Nau64 21 junio, 2026 






En una tarde de mucho ajedrez, los mejores jugadores se presentaron en la academia para participar en los torneos sabatinos de Rápidas y Blitz. Los ganadores fueron Alexandro Silva en Rápidas y Charlie Posada en Blitz. El Premio Femenino volvió a brillar en manos de la incansable Agustina Silva, vicecampeona uruguaya absoluta, quien una vez más reafirma su dominio y tradición en nuestros torneos..
Este sábado 13 de junio se disputó en la Academia Nau64 un torneo de rápidas, con un ritmo de juego de 10+5 y cinco rondas, como ya es habitual. El evento fue válido para el ELO FIDE y contó con una amplia participación, además de un clima festivo que acompañó toda la jornada.
"
https://nau64.com/alexandro-silva-y-charlie-posada-ganadores-del-sabatino/,1,"Alexandro Silva y Charlie Posada realizaron un gran torneo, sumando 4 puntos de 5 posibles. Finalmente, Alexandro Silva se consagró campeón gracias al resultado obtenido en el sistema de desempate.
Aquí dejamos la tabla de posiciones, junto con los videos de cada partida para revivir los momentos más emocionantes, además de las fotos disponibles en nuestras redes de Facebook e Instagram.El evento fue transmitido, como siempre, en nuestros canales de YouTube y Twitch.Club Online: https://www.chess.com/club/nau64?ref_id=4411389Seguí toda la acción en vivo con los Comentarios del MF Jose Riverol y su quipo de prmera!:YouTube: https://www.youtube.com/@nau64Twitch: https://www.twitch.tv/nau64ajedrez¿Querés estar al tanto de todo?Unite a nuestro canal de WhatsApp:whatsapp.com/channel/0029VaAf3s565yDBpnBdJg42



Ronda 1 





Ronda 2





Ronda 3




Ronda 4





Ronda 5








Por su parte, el torneo de Blitz se jugó bajo el sistema round robin a siete rondas. El campeón fue Charlie Posada, quien obtuvo 6,5 puntos de 7 posibles.







Nos reencontramos el próximo sábado 20 de junio a las 16hrs con más torneos rápidos y blitz con validez para elo FIDE.




#ajedrez#chess#Nau64#nau64ajedrezTorneo 




Navegación de entradas
1° Abierto Rápido Club EspañolTorneo Standard Viernes LXIX El Original"
https://nau64.com/amateur/,0,"Online
Torneos


Ajedrez entre Amigos – Torneo Amateur Nau64

 José Riverol 9 febrero, 2026 


La Academia de Ajedrez Nau64 celebra con orgullo su primer Torneo Amateur, un evento diseñado para jugadores No Rankeados que desean dar sus primeros pasos en la competencia, así como para quienes poseen un Elo FIDE de hasta 1600.El torneo ofrecerá a los participantes la oportunidad de sumar experiencia en un entorno cálido y desafiante.Se trata de una actividad que promete emoción, competitividad y un excelente ambiente para toda la comunidad ajedrecística.📅 Fechas: del 13 al 15 de febrero (fin de semana de Carnaval)⏱ Ritmo de juego: 25 minutos + 10 segundos de incremento♟ Sistema: Suizo a 5 rondas📍 Lugar: Sala de juego de la Academia – Bv. España 2586, Montevideo👨‍⚖️ Dirección arbitral: FA José Riverol
Un torneo ideal para quienes buscan disfrutar del ajedrez en un entorno cálido y desafiante, con la seriedad organizativa que caracteriza a Nau64.
Fechas de juego:Ronda 1: Viernes 13 febrero 19:00 hs.Ronda 2: Sabado 14 febrero 16:00 hs.Ronda 3: Sabado 14 febrero 17:30 hs.Ronda 4: Domingo 15 febrero 16:00 hsRonda 5: Domingo 15 febrero 17:30 hs.
Premios (*): 
1° Puesto: Trofeo y una Beca full por el mes de marzo 2026.2º Puesto: Medalla y un juego de Ajedrez nau64.3° Puesto: Medalla y un Pase Libre para el mes de marzo 2026.Femenino: Medallas.Sub-14: Medalla.No Rankeados: Medalla.No Rankeado: Medalla.
(*) los premios no son acumulables
Inscripciones:Socios y Alumnos de la Academia GRATIS.No Socios: $600
Pagos de las Inscripciones:Transferencias dentro de Santander: Cuenta: 1201640616 Moneda: UYU Sucursal: 73 – ArocenaTransferencias desde otros bancos: Cuenta: 0073001201640616 Moneda: UYU
Cuenta Prex: 1211475 Jose Riverol
R E G L A M E N T O1) AUTORIDADES Y ASPECTOS ADMINISTRATIVOS

Organizador: Academia de Ajedrez Nau64
Árbitro Principal: FA Jose Riverol
Sala de Juego: Academia Nau64, Bv. España 2586 – Montevideo2) LEYES DEL AJEDREZEl torneo se regirá por las Leyes del Ajedrez de la FIDE vigentes a la fecha.3) SISTEMA DE JUEGO
Sistema Suizo a 5 rondas.
"
https://nau64.com/amateur/,1,"Emparejamientos realizados con el programa Swiss Manager.
Ranking inicial:


Elo Rápido FIDE
Elo FUA
Orden alfabético4) CALENDARIO Y HORARIOS


El torneo se disputará los días 13, 14 y 15 de febrero de 2026.
Se jugará la primera ronda a las 19:00 hs y dos rondas por jornada el sabado y domingo, comenzando a las 16:00 horas.5) RITMO DE JUEGO
25 minutos por jugador + 10 segundos de incremento por jugada desde el primer movimiento.
Tiempo de tolerancia: 25 minutos desde el inicio de la sesión de juego.6) TABLASLos jugadores podrán acordar tablas en cualquier momento de la partida, siempre que ambos hayan efectuado al menos un movimiento.7) BYES Y AUSENCIAS
Los jugadores podrán solicitar no ser emparejados en cualquier ronda, notificando al árbitro antes de finalizar la ronda anterior.
En la primera ronda, la solicitud debe hacerse al momento de la inscripción.
Se permiten hasta dos (2) bye de medio punto (0.5) entre las rondas 1 y 3 inclusive.
Un jugador que pierda una partida por incomparecencia será retirado del torneo, salvo decisión distinta del árbitro.8) DESEMPATESEn caso de igualdad de puntos, se aplicarán en el siguiente orden:


Resultado particular (válido solo si todos los involucrados jugaron entre sí).
Mayor cantidad de victorias (incluyendo puntos por incomparecencia).
Buchholz total (con oponente virtual).
Buchholz con corte 1 (excluyendo el peor resultado, con oponente virtual).
Sonneborn-Berger (con puntos reales).9) TRIBUNAL DE APELACIONES

La participación en el torneo implica la aceptación plena de estas condiciones.Montevideo, enero de 2026
Los reclamos podrán realizarse hasta 15 minutos después de finalizada la última partida de la ronda en cuestión.
El reclamo debe constar por escrito, con relato de los hechos y fundamentos, acompañado de un depósito de $500 (quinientos pesos uruguayos).
El Tribunal de Apelaciones deberá expedirse hasta 15 minutos antes del inicio de la siguiente ronda.
Sus fallos son inapelables.10) DISPOSITIVOS ELECTRÓNICOS
Durante la partida, los jugadores no podrán portar teléfonos celulares ni dispositivos electrónicos (tablets, smartwatches, etc.).
Antes de comenzar la partida, podrán dejar el celular en el lugar asignado por la organización.
Si un celular suena o se detecta que un jugador porta un dispositivo, perderá la partida.11) DISPOSICIONES FINALES
El Árbitro Principal y el Árbitro Adjunto Principal decidirán sobre cualquier situación no prevista en este reglamento.



#ajedrez#chess#Nau64#nau64ajedrez#uruguayTorneo 




Navegación de entradas
Ajedrez de Miercoles IIFernández imparable: campeón con puntaje perfecto en el Sabatino Rápido."
https://nau64.com/aniversario/,0,"Torneos


Aniversario de nau64!

 José Riverol 19 diciembre, 2025 


Torneo XXI Aniversario de nau64 -20 y 21 de diciembre.

Suizo 7 rondas – Ritmo de juego 15+10Valido ELO FIDE RapidoR1 Sábado 20 diciembre: 16:00 hs.R2 Sábado 20 diciembre: 17:00 hs.R3 Sábado 20 diciembre: 18:00 hs.R4 Sàbado 20 diciembre: 19:00 hs.R5 Domingo 21 diciembre: 10:00 hs.R6 Domingo 21 diciembre: 11:00 hs.R7 Domingo 21 diciembre: 13:30 hs.Cupos limitados! Lista de Participantes 
Transmisión en vivo en nuestros canales de Twitch y YoutubeInscripciones:Socios, alumnos y Becados $400 – No Socios $ 800.
Premios:

Primer Premio: Trofeo y $4000
Segundo Premio: Trofeo y $2500
Tercer Premio: Trofeo y $1500
Cuarto Premio: Medalla y $1000
Sub-2000: Medalla y $1000
Primer Puesto Femenino: Trofeo y $1000
Mejor Jugador de la Academia: Trofeo y $1000
Segundo y Tercer Puesto Femenino: Medalla
Sub-1600: Medalla
Mejor no Rankeado: Medalla
Mejor Senior +50
Sub-18 y Sub-14: Medalla

Torneo Sub-14 – Sabado 20 de diciembre a las 10 hs.Sistema Suizo 5 rondas: Ritmo 10+5Inscripciones: General $400 – Alumnos y Socios GRATIS.Pedido de bye – Se puede solicitar uno en las 2 primeras rondas.

Medios de pago:
Santander:Transferencias dentro de Santander: Cuenta: 1201640616 Moneda: UYU Sucursal: 73 – ArocenaTransferencias desde otros bancos: Cuenta: 0073001201640616 Moneda: UYUCuenta Prex: 1211475 Jose RiverolEnviar comprobante al whatsapp: 099 556 123.R E G L A M E N T O1) AUTORIDADES Y ASPECTOS ADMINISTRATIVOS:ORGANIZADOR: Academia de Ajedrez Nau64Arbitro Principal: FA Jose RiverolSALA DE JUEGO: Academia Nau64, Bv. España 2586 – Montevideo2) El Torneo se regirá por las Leyes del Ajedrez de la FIDE vigentes a lafecha.3) Se disputará por sistema Suizo a 7 rondas.4) Ritmo de juego: 15 minutos, más un incremento de 10 segundos porjugada desde el primer movimiento. El tiempo de tolerancia será de 15minutos desde el comienzo de la sesión de juego.5) Los jugadores podrán acordar tablas en cualquier momento de lapartida sin necesidad de consentimiento arbitral, siempre y cuando amboshayan efectuado al menos un movimiento.6) El árbitro se asistirá con el programa informático Swiss Manager. Alos efectos de los emparejamientos, el ranking inicial será ordenado porElo FIDE como primer criterio y por orden alfabético como tercer criterio.7) Los jugadores podrán solicitar no ser emparejados todas las veces quelo deseen. Deberán notificarlo al árbitro antes que termine la rondaanterior a la que deseen no ser pareados. Para la primera ronda deberánhacerlo en el momento de la inscripción. 8) Aquel jugador que pierda una partida por incomparecencia, seráretirado del torneo, salvo otra decisión arbitral.9) DESEMPATES:Para dirimir posiciones igualadas en puntos al final del Torneo, seutilizarán en el orden que sigue, los sistemas de desempate a saber:I) Resultado particular. (Este sistema es válido sólo si todos losinvolucrados jugaron entre sí)II) Mayor cantidad de victorias (incluyendo puntos por incomparecencia)III) Buchholz total (Todos los resultados cuentan, se usará el criterio deoponente virtual)IV) Buchholz con corte 1 (uno) (Se excluye el peor resultado, se usará elcriterio de oponente virtual)V) Sonneborn Berger (con puntos reales)10) Los reclamos al Tribunal de Apelaciones podrán realizarse hasta 15minutos después de terminada la última partida de la ronda en que seoriginaron. Constarán de un breve relato de los hechos, así como de losfundamentos para realizarlos. "
https://nau64.com/aniversario/,1,"Deberán ser entregados por escrito alDirector del Torneo, acompañado de un depósito de $500 (pesosuruguayos quinientos). El Tribunal de Apelaciones tendrá como tiempomáximo para expedirse hasta 15 minutos antes que comience la siguienteronda.Los fallos del tribunal son inapelables.11) Teléfonos celulares y demás dispositivos electrónicos: Durante lapartida, los jugadores no podrán portar teléfonos celulares ni otrosdispositivos electrónicos (como ser tablets, smartwatches, etc.). Sinembargo, antes de comenzar la partida podrán dejar el celular en el lugarasignado por la organización para ello, sin manipularlo mientras sedesarrolle la partida. Si a un jugador le suena el celular, o es evidente queporta cualquier dispositivo electrónico, perderá la partida.12) Es competencia del Árbitro Principal decidir ante casos no previstosen este reglamento.13) Los jugadores, con su participación, aceptan las condiciones delpresente reglamento en todos sus términos.Montevideo, diciembre de 2025








Navegación de entradas
El Campeón Uruguayo sub20, conquista el Sabatino Rápido de Nau64!Benjamín Martello se consagró campeón del Sabatino Rápido de Nau64"
https://nau64.com/apertura-de-la-apertura-escocesa/,0,"Aperturas
Clases


Estudio de la Apertura Escocesa.

 José Riverol 22 agosto, 2022 


Tercera entrega del estudio de la Apertura Escocesa. Realizado en directo en el Twitch nau64ajedrezNo se olviden de darle seguir a los directos del Twitch: https://www.twitch.tv/nau64ajedrezY al canal de YouTube: https://www.youtube.com/c/JoseRiverol












Navegación de entradas
El nuevo Fischer!"
https://nau64.com/apertura-de-la-apertura-escocesa/,1,!Jugar como Capablanca…
https://nau64.com/author/academia/,0,"Autor: Academia Nau64 




 





FIDE
Partidas
Torneos
Videos


Diego Moreno arrasa y se consagra Campeón del Open 136

 Academia Nau64 21 agosto, 2026 


El pasado lunes 17 de agosto finalizó el Open 136 de nau64, que consagró a Diego Moreno como campeón absoluto. La quinta y última ronda se disputó con dos ausencias … Read More



#ajedrez#chess#nau64ajedrez#uruguayTorneo Comment on Diego Moreno arrasa y se consagra Campeón del Open 136 






 





Torneos


La Casona vibró con ajedrez y tres campeones de Cerro.

 Academia Nau64 19 agosto, 2026 


El pasado domingo 16 de agosto, la histórica Casona del Municipio CH fue escenario de un vibrante torneo clasificatorio rumbo a la Final de la Liga Uruguaya de Ajedrez por … Read More



#ajedrez#chess#uruguayTorneo Comment on La Casona vibró con ajedrez y tres campeones de Cerro. 






 





Partidas
Sabatino
Torneos


Gian Franco imparable en rápidas, Gustavo se adueña del blitz.

 Academia Nau64 19 agosto, 2026 


Este sábado 15 de agosto la Academia Nau64 volvió a vibrar con los tradicionales torneos de Rápidas y Blitz, que reunieron a una gran cantidad de jugadores en un ambiente … Read More



#ajedrez#chess#Nau64#nau64ajedrezTorneo Comment on Gian Franco imparable en rápidas, Gustavo se adueña del blitz. 






 





Online
Partidas
Torneos


Open 136 – Ronda 4 Diego Moreno domina!

 Academia Nau64 19 agosto, 2026 


El pasado lunes 10 de agosto se disputó la cuarta ronda del Torneo Estándar Open 136, marcada por dos ausencias: la de Juan Ignacio Urruty en la mesa 1 y … Read More



#ajedrez#chess#Nau64#nau64ajedrezTorneo Comment on Open 136 – Ronda 4 Diego Moreno domina! 






 





Online


1er Torneo Suizo sistema Match – Ronda 3 y 4

 Academia Nau64 19 agosto, 2026 


Ronda 3 El pasado jueves 30 de Julio se realizo la tercer ronda de este torneo rapido en nuestra academia. Solamente se jugaron dos match en esta ronda: Daniel Fuce-Gabriel … Read More



Comment on 1er Torneo Suizo sistema Match – Ronda 3 y 4 






 





FIDE
Partidas
Sabatino
Torneos


Doble consagración: Rivas Puch gana Rápidas y Blitz.

 Academia Nau64 11 agosto, 2026 


El pasado sábado 8 de agosto nuestra academia fue sede de los tradicionales torneos de Rápidas y Blitz, que reunieron a una gran cantidad de jugadores en un ambiente competitivo … Read More



#ajedrez#Nau64#nau64ajedrez#uruguayTorneo Comment on Doble consagración: Rivas Puch gana Rápidas y Blitz. 






 





"
https://nau64.com/author/academia/,1,"FIDE
Online
Partidas
Torneos


Open 136 – Ronda 3

 Academia Nau64 6 agosto, 2026 


El pasado lunes 3 de agosto se realizó la tercera ronda del Open 136, con la participación de 16 jugadores, distribuidos en ocho partidas. Como es habitual, el evento fue … Read More



#ajedrez#chess#Nau64#nau64ajedrez#uruguayTorneo Comment on Open 136 – Ronda 3 






 





FIDE
Partidas
Sabatino
Torneos
Uruguay


MN Benjamin Martello arrasa en los torneos rapidos y blitz

 Academia Nau64 6 agosto, 2026 


El pasado fin de semana se realizaron los tradicionales torneos de Blitz y Rápidas, como ya es costumbre en nuestra academia. En esta ocasión participaron dos jugadores extranjeros: Félix Isaiah, … Read More



#ajedrez#chess#nau64ajedrez#uruguay Comment on MN Benjamin Martello arrasa en los torneos rapidos y blitz 






 





Academia
Partidas
Torneos


1er Torneo Suizo sistema Match – Rondas 1 y 2

 Academia Nau64 29 julio, 2026 


Los días jueves se está disputando un torneo suizo en formato match a dos partidas, es decir, una partida de ida y otra de vuelta, bajo un ritmo de juego … Read More



Comment on 1er Torneo Suizo sistema Match – Rondas 1 y 2 






 





FIDE
Online
Partidas
Torneos


Open 136: Ronda 2

 Academia Nau64 29 julio, 2026 


El pasado lunes 27 de julio se disputó la segunda ronda del Open 136, en la que se jugaron ocho partidas. La jornada dejó varios resultados sorprendentes, ya fuera por … Read More



#ajedrez#nau64ajedrez#uruguayTorneo Comment on Open 136: Ronda 2 




Posts pagination
1
2
3
Siguientes"
https://nau64.com/author/bryan/,0,"Autor: Bryan Lopez 




 





Academia
FIDE
Finales
FUA
Online
Partidas
Torneos
Uruguay
Videos


Culminaron los cuartos de final serie B del Club Cerro

 Bryan Lopez 4 febrero, 2026 


Del 23 al 25 de enero se llevó a cabo los cuartos de final serie B del Club Cerro, se jugó a ritmo standard 60 minutos + 30 segundos de … Read More



#ajedrez#chess#fuajedrez#nau64ajedrezTorneo 






 





FIDE
Finales
FUA
Nau64 en ChessCom
Online
Partidas
Torneos
Uruguay
Videos


Culminaron los cuartos de final serie A del Club Cerro

 Bryan Lopez 3 febrero, 2026 


Del 5 al 19 de enero se llevó a cabo los cuartos de final serie A del Club Cerro, se jugó a ritmo standard 60 minutos + 30 segundos de … Read More



#ajedrez#chess#fuajedrez#nau64ajedrezTorneo 






 





Academia
FIDE
Internacional
Partidas
Sabatino
Uruguay


Victoria Contundente de Federico Canias en el Torneo Sabatino de Nau64

 Bryan Lopez 28 enero, 2026 


El pasado 24 de enero se llevó a cabo el tradicional torneo de los sábados, en La sede de la academia nau64 en Montevideo, se jugó a un ritmo rápido … Read More



#ajedrez#nau64ajedrezTorneo 






 





Academia
FIDE
Internacional
Partidas
Sabatino
Torneos
Videos


Benjamín Martello se llevó el Sabatino rápido de nau64

 Bryan Lopez 28 enero, 2026 


El pasado Sabado 17 de enero Benjamín Martello se consagró campeón del Sabatino Rápido de Nau64.El torneo, disputado en Montevideo bajo el sistema suizo a 5 rondas y ritmo de … Read More



#ajedrez#chess#nau64ajedrez#uruguayTorneo 






 





Academia
Torneos


XVII Torneo de Reyes VALIDO ELO FUA/FIDE

 Bryan Lopez 7 enero, 2026 


Del 9 al 11 de enero la Academia celebrará su 17° Festival de ReyesUn evento con historia: 17 ediciones consecutivas que han visto pasar maestros, talentos emergentes y jugadores de … Read More



#ajedrez#chess#Nau64#nau64ajedrez#uruguayTorneo 






 





Academia
FIDE
FUA
Match
Partidas


Franco Manteiga Ganador de la Copa AN Edmundo Infante

 Bryan Lopez 29 diciembre, 2025 


En la academia de Nau64, desde el 29 de noviembre al 14 de diciembre se celebró la primera edición de la Copa AN Edmundo Infante. En la cual participaron jugadores … Read More



#ajedrez#chess#nau64ajedrez#uruguayTorneo 






 





Academia
FIDE
Internacional
Partidas
Torneos
Videos


Emanuel Jesus Se llevó el XXI aniversario Open de nau64

 Bryan Lopez 29 diciembre, 2025 


En Nau64, los días 20 y 21 de diciembre se desarrolló el XXI Aniversario de nuestra academia. "
https://nau64.com/author/bryan/,1,"Este evento constó de tres torneos. Uno de ellos fue el Torneo Aniversario … Read More



#ajedrez#chess#nau64ajedrezInternacionalTorneo 






 





Academia
Online
Partidas
Torneos
Videos


Matteo Reyes se llevó el XXI Aniversario sub-14 de Nau64

 Bryan Lopez 26 diciembre, 2025 


En la Academia Nau64, los días 20 y 21 de diciembre se desarrolló el XXI Aniversario de nuestra academia. Este evento constó de tres torneos. El primero de ellos fue … Read More



#ajedrez#chess#nau64ajedrezTorneo 






 





Academia
Online
Partidas
Torneos


El campeón sub-20 se llevó el XXI Aniversario Blitz de Nau64

 Bryan Lopez 26 diciembre, 2025 


En la Academia Nau64, los días 20 y 21 de diciembre se desarrolló el XXI Aniversario de nuestra academia. Este evento constó de tres torneos. El último de ellos fue … Read More



#ajedrez#chess#nau64ajedrezTorneo 






 





Online


Benjamín Martello se consagró campeón del Sabatino Rápido de Nau64

 Bryan Lopez 25 diciembre, 2025 


El pasado Sabado 13 de diciembre Benjamín Martello se consagró campeón del Sabatino Rápido de Nau64.El torneo, disputado el 6 de diciembre en Montevideo bajo el sistema suizo a 5 … Read More








Posts pagination
1
2
Siguientes"
https://nau64.com/author/charlie/,0,"Autor: Charlie Posada 




 





Online


La vuelta triunfal de Leonel Recine!

 Charlie Posada 8 junio, 2026 


El sábado 6 de junio se jugó en la Academia Nau64 un torneo de rápidas a ritmo de 10+5 en 5 rondas, válido para el ELO FIDE, con amplia participación … Read More"
https://nau64.com/author/el_enigmatico/,0,"Autor: Enigmatico 




 





Entrenamiento
Tactica


Reta tu Mente: Ejercicios de Ajedrez .

 Enigmatico 16 enero, 2025 


¡Hola de nuevo! Siguiendo la línea del primer artículo Nuevo Año: Hábitos que Transforman tu Juego , que si aún no lo has leído te recomiendo hacerlo, quiero compartir contigo … Read More



#ajedrez#chess#chesspunks#nau64ajedrezEntrenamientoTáctica 1 comentario en Reta tu Mente: Ejercicios de Ajedrez . 






 





Online


Nuevo Año: Hábitos que Transforman tu Juego

 Enigmatico 1 enero, 2025 


Nuevo Año, Nuevos Hábitos: Mejora tu Ajedrez desde Hoy



#ajedrez#chess#nau64ajedrez#uruguayTáctica 






 





Partidas
Torneos
Uruguay


Semifinal 2024 – Femenina – Ronda 5 – Final con todas las partidas.

 Enigmatico 18 febrero, 2024 


Se fue el fin de semana, con mucho ajedrez en la academia muy agradecidos a todos los que de una forma u otra apoyaron y dieron su granito de arena … Read More



#chess#fuajedrez#Nau64#nau64ajedrez#uruguayTácticaTorneo 






 





FUA
Torneos
Uruguay


Semifinal 2024 – Femenina – Ronda 4

 Enigmatico 18 febrero, 2024 


Esta por concluir la semifinal del ajedrez femenino en nuestro club, mucha lucha en todos los tablero asi como especulación para llegar a la última ronda con chances de clasificar … Read More



#chess#fuajedrez#Nau64#nau64ajedrez#uruguayClasesTorneo 






 





FIDE
Tactica
Uruguay


Semifinal 2024 – Femenina – Ronda 3

 Enigmatico 17 febrero, 2024 


Pasamos el ecuador del torneo y solo quedan dos rondas para saber quienes son las finalistas del uruguayo Femenino 2024. Interesantes posiciones se producieron en esta ronda. "
https://nau64.com/author/el_enigmatico/,1,"En esta posición … Read More



#chess#fuajedrez#Nau64#nau64ajedrez#uruguayTáctica 






 





Tactica
Uruguay


Semifinal 2024 – Femenina – Ronda 2

 Enigmatico 17 febrero, 2024 


Sigue desarollándose en las instalaciones del club Nau64 la semifinal 2024 Femenina. El club cuenta con instalaciones únicas en el pais ideal para desarrollar este tipo de torneos. Al estar … Read More



#chess#fuajedrez#Nau64#nau64ajedrez#uruguayTáctica 






 





FIDE
FUA
Online


Semifinal 2024 – Femenina – Ronda 1

 Enigmatico 16 febrero, 2024 


El ajedrez uruguayo comienza su camino para definir su campeona femenina , desde el 16 al 18 de febrero se estara disputando en el club Nau64 (Bv. España 2586, Departamento … Read More



#ajedrez#chess#fuajedrez#Nau64#nau64ajedrez#uruguay"
https://nau64.com/author/nau64/,0,"Autor: José RiverolMaestro y Arbitro FIDE de Ajedrez 




 





Online


Clasificatorio Final Liga Uruguaya de Ajedrez

 José Riverol 6 agosto, 2026 


Liga Uruguaya de Ajedrez 3 categorías: Absoluta, Sub-12 y Sub-16 Lugar: Casona de Punta Carretas, José Ellauri 306 – Municipio CHFecha: Domingo 16 de agostoHora de comienzo: 15:00 hsSistema de … Read More



Comment on Clasificatorio Final Liga Uruguaya de Ajedrez 






 





Academia
Torneos


Open 136 el 20 de julio Torneo Pensado (FIDE)

 José Riverol 24 junio, 2026 


El lunes 20 de julio se juega un nuevo Torneo Abierto (Suizo 5 rondas) presencial.Las partidas se trasmitirán en vivo! en nau64 en Twitch: https://www.twitch.tv/nau64ajedrez Las lista de participantes se … Read More










 





Sabatino
Torneos


1° Abierto Rápido Club Español

 José Riverol 15 junio, 2026 


En una tarde propicia para la práctica del deporte ciencia, el Club Español abrió sus puertas para albergar una vez más, y después de mucho tiempo, un torneo de ajedrez … Read More



#ajedrez#Nau64#uruguayTorneo 






 





Torneos


22 de mayo comienza el 69 Torneo de los Viernes.

 José Riverol 10 mayo, 2026 


Será un sistema suizo a 5 rondas valido para el elo FIDE con un ritmo de juego de 60 min + 30 seg.de incremento.Tendremos trasmisión con Tableros DGT en nuestros … Read More



2 comentarios en 22 de mayo comienza el 69 Torneo de los Viernes. 






 





Curiosidades
Historia
Historias de Ajedrez
Videos


Joyita de Victor el terrible!

 José Riverol 23 abril, 2026 


Víktor Kortchnoi, apodado “El Terrible Víctor”, fue uno de los grandes luchadores de la historia del ajedrez, famoso por su estilo combativo y su longevidad en la élite. En el … Read More










 





Sabatino
Torneos


Una Pascuas inolvidable junto al MI Facundo Vázquez

 José Riverol 6 abril, 2026 


🐣 Pascuas a puro ajedrez en Nau64 Festejamos una nueva Pascua en nuestra academia, y qué mejor manera de hacerlo que con un torneo de rápidas. Participaron 26 ajedrecistas y … Read More



#ajedrez#chess#Nau64#nau64ajedrez#uruguayTorneo 






 





Online


Nicolás Kulik arrasa en el sabatino de la Academia

 José Riverol 30 marzo, 2026 


Con un impecable 5 en 5, el joven campeón uruguayo Sub-18 Nicolás Kulik se consagró en el tradicional sabatino de la Academia. En esta ocasión lo acompañaron en el podio … Read More










 





Sabatino
Torneos


Frank y Federico brillan en el Rápido y Blitz Sabatino.

 José Riverol 26 marzo, 2026 


Torneos jugados el sábado 21 de marzo en nuestra academia, Frank Machado ganador del Torneo Rápido con puntaje ideal y Federico Canias por sistema en el Torneo Blitz. Ambos torneos … Read More










 





Historia
Historias de Ajedrez


La Batalla Infinita: Karpov vs. Kasparov

 José Riverol 12 marzo, 2026 


Cinco meses. Cuarenta y ocho partidas. Un duelo que aún huele a conspiración.En 1984, el mundo del ajedrez se detuvo ante un enfrentamiento que rozó la tragedia.No fue un simple … Read More



#ajedrez#chessHistoria del ajedrezInternacional 






 





Academia
Clases
Partidas


Sábados a Todo Ajedrez

 José Riverol 8 marzo, 2026 


Mejora tu ajedrez, disfrutando del proceso. La amistad es una de las mayores fuentes de felicidad. "
https://nau64.com/author/nau64/,1,"El ajedrez, además de ser llamado el “juego-ciencia”, abarca el estudio, la preparación y … Read More








Posts pagination
1
2
…
49
Siguientes"
https://nau64.com/author/sympey/,0,"Autor: Marcelo 




 





Online


Fabulosa Liga ATRACO

 Marcelo 13 mayo, 2025 


El día Domingo 11 de Mayo del corriente año en el prestigioso Club nau64 de chess com se disputo el primer GOLPE de lo que es la Fabulosa Liga ATRACO.Un … Read More










 





Nau64 en ChessCom
Online


Coronamos a un nuevo PIRATA GARFIO RELOJERO

 Marcelo 27 marzo, 2023 


Este Domingo en justa lid, gualanday se coronó Campeón de el Súper Torneo PIRATA GARFIO RELOJERO, el Colombiano logra así un nuevo logro en lo referente a los Piratas,… su … Read More



1 comentario en Coronamos a un nuevo PIRATA GARFIO RELOJERO 






 





Nau64 en ChessCom
Online


TRUENOS en el TABLERO, semana del Lunes 20 al Viernes 25 de Marzo

 Marcelo 21 marzo, 2023 


Hoy Miércoles se desarrollo una nueva etapa del Torneo TRUENOS en el TABLERO siendo GANADOR el hermano Peruano Shirojk de forma INVICTA con 9 Victoria, sin Tablas ni Derrotas,… sin … Read More










 





Online


En justa LID, CalebArpi GRAN Campeón del Torneo

 Marcelo 20 marzo, 2023 


SI amigos y amigas de NAU64, el amigo del Hermano País Perú se CORONO Campeón del Torneo Pirata Garfio Relojero que ya es una SAGA qu se extenderá hasta Diciembre … Read More










 





Nau64 en ChessCom
Online


TRUENOS en el TABLERO, semana del lunes 13 al Viernes 17 de Marzo

 Marcelo 13 marzo, 2023 


Para ver TODOS los resultados de estos y TODOS los torneos deben dirigirse a Torneos en vivo en el Club nau64, en los que a estos TORNEOS refiere en el … Read More










 





Nau64 en ChessCom
Online


Coronamos a NO el PIRATA GARFIO RELOJERO sino a la RELOJERA!!!

 "
https://nau64.com/author/sympey/,1,"Marcelo 13 marzo, 2023 


Si amigos de nau64, no fue PIRATA GARFIO RELOJERO porque fue PIRATA GARFIO RELOJERA ya que la ganadora fue una FEMENINA y conocida de la casa, la AJEDRECISTA Iza Tomassini … Read More










 





Nau64 en ChessCom


TÁCTICAS en el CANAL de TWITCH de nau64

 Marcelo 9 marzo, 2023 


Hola amigos, queremos invitarlos a participar en las resoluciones de problemas TÁCTICOS en el CANAL de TWITCH https://www.twitch.tv/nau64ajedrez los días Lunes, Martes, Miércoles & Viernes después de TRUENOS en el … Read More










 





Nau64 en ChessCom


TRUENOS en el TABLERO, acá TODA la información de la QUINTA SEMANA actualizada Ronda a Ronda

 Marcelo 9 marzo, 2023 


RESULTADOS FINALES del TORNEO del MIÉRCOLES de la SEMANA 5ta https://www.chess.com/tournament/live/arena/truenos-en-el-tablero-mircoles-2558975 A partir del día de la fecha se instauró que el GANADOR del TORNEO tendrá el derecho a exponer … Read More










 





Curiosidades
Online


Este Jueves Festejaremos JUNTOS el hecho de ser 4444 seguidores en el CANAL de TWITCH

 Marcelo 7 marzo, 2023 


Si amigos y amigas, somos ya 4444 seguidores en el CANAL de TWITCH, pasaron ya casi 9 años desde entonces y como no festejar tal acontecimiento verdad? El Jueves PRÓXIMO … Read More










 





Entrevista


Te invitamos a conocer a fondo al compañero gualanday,…

 Marcelo 5 marzo, 2023 


ENTREVISTA a gualanday “gualanday (Enrique) es un jugador VERIFICADO de Chess.com con registro en la PLATAFORMA desde el 6 de Junio del 2014, pero nau64 no lo ENTREVISTA por ello … Read More








Posts pagination
1
2
…
25
Siguientes"
https://nau64.com/author/tiavicky444/,0,"Autor: Victoria Galatro 




 





Online


Aprendé a Programar desde Cero con Python

 Victoria Galatro 1 junio, 2025 


¡La academia nau64 amplía sus servicios educativos sumando un nuevo espacio de formación! El curso de Programación desde Cero con Python está diseñado con un enfoque centrado en el desarrollo … Read More










 





Academia
Torneos


8 de junio comienza el Primer Torneo Domingos de Gambito

 Victoria Galatro 26 mayo, 2025 


Será un sistema suizo a 5 rondas valido para el elo FUA con un ritmo de juego de 60 min + 30 seg.de incremento.Tendremos trasmisión con Tableros DGT en nuestros … Read More










 





Academia
Clases


Clases de Ajedrez para Niños

 Victoria Galatro 17 abril, 2025 


♟️♟️♟️ El ajedrez es mucho más que un juego: es una herramienta poderosa para desarrollar habilidades cognitivas, emocionales y sociales desde la infancia. En Nau64, ofrecemos clases diseñadas especialmente para … Read More










 





Online


¡Nuevo espacio! Ajedrez Social

 Victoria Galatro 14 diciembre, 2024 


En estos tiempos locos y agitados, te invitamos a detenerte, respirar y disfrutar de un espacio donde podés jugar en paz, compartir experiencias y conectar con personas que aman el … Read More










 


Featured





Online


Actividades

 Victoria Galatro 2 diciembre, 2024 


A partir de Enero 2025, ¡nuevos horarios de clases! Con la membresía, se puede participar en todos grupos de clases de nivel Iniciado y Medio, en los talleres y en … Read More










 





Online


Torneo XX Aniversario de nau64 -14 y 15 de diciembren (cupos cubiertos)

 Victoria Galatro 17 noviembre, 2024 


Suizo 6 rondas – Ritmo de juego 30+20Valido ELO FIDE RapidoR1 Sábado 14 diciembre: 16:00 hs.R2 Sábado 14 diciembre: 18:00 hs.R3 Sábado 14 diciembre: 20:00 hs.R4 Domingo 15 diciembre: 10:00 … Read More










 





Online


¡PARTICIPA Y GANA CON EL MATCH NAKLE-COMAS!

 Victoria Galatro 4 noviembre, 2024 


Por motivos de fuerza mayor, este match fue postergado para el 2025, apenas los jugadores y organizadores tengan noticias lo haremos público. "
https://nau64.com/author/tiavicky444/,1,"Nuestras disculpas a todos. ¡Se fue la segunda … Read More










 





Academia
Novedades
Torneos


Torneo de ajedrez SUB-14 del día del niño en NAU64 valido elo FIDE!

 Victoria Galatro 27 julio, 2024 


¡Se viene el torneo sub-14 del día del niño en #nau64! Sábado 10 de agosto a las 10:00 horas en Bulevar España 2586 ¡Válido para ELO FIDE! Sistema Suizo 5 … Read More










 





Academia
Clases
Entrevista
Novedades
Uruguay


Sesión Magistral del GM Georg Meier en NAU64

 Victoria Galatro 8 febrero, 2024 


El GM uruguayo Georg Meier está entre los mejores de Latinoamérica, y tendremos oportunidad de contar con su presencia en la Academia de #Ajedrez nau64 el día 11 de febrero luego de … Read More"
https://nau64.com/benjamin-martello-se-consagro-campeon-del-sabatino-rapido-de-nau64/,0,"Online


Benjamín Martello se consagró campeón del Sabatino Rápido de Nau64

 Bryan Lopez 25 diciembre, 2025 


El pasado Sabado 13 de diciembre Benjamín Martello se consagró campeón del Sabatino Rápido de Nau64.El torneo, disputado el 6 de diciembre en Montevideo bajo el sistema suizo a 5 rondas y ritmo de 10+5, reunió a jugadores de todas las edades en un ambiente competitivo y cálido.
Campeón absoluto: nuestro Campeón Uruguayo Sub-20, que brilló con gran madurez y se llevó el primer puesto Benjamín Martello.2º lugar: Nikolai Yakes, con una sólida actuación.3º lugar: Alexandro Silva, con gran audacia y motivación.

"
https://nau64.com/benjamin-martello-se-consagro-campeon-del-sabatino-rapido-de-nau64/,1,"A continuación un video del torneo:









Navegación de entradas
Aniversario de nau64!El campeón sub-20 se llevó el XXI Aniversario Blitz de Nau64"
https://nau64.com/benjamin-martello-se-llevo-el-sabatino-rapido-de-nau64/,0,"Academia
FIDE
Internacional
Partidas
Sabatino
Torneos
Videos


Benjamín Martello se llevó el Sabatino rápido de nau64

 Bryan Lopez 28 enero, 2026 


El pasado Sabado 17 de enero Benjamín Martello se consagró campeón del Sabatino Rápido de Nau64.El torneo, disputado en Montevideo bajo el sistema suizo a 5 rondas y ritmo de 10+5, reunió a jugadores de todas las edades y nacionalidades en un ambiente competitivo y cálido.
Además se transmitieron en vivo las dos primeros Tableros DGT por los canales de Youtube y Twitch de Nau64
Campeón absoluto: nuestro Campeón Uruguayo Sub-20, que brilló con gran madurez y se llevó el primer puesto Benjamín Martello.2º lugar: MN Nicolas Kulik, con una sólida actuación.3º lugar: Paul L Linxwiler, Siendo su primer torneo válido FIDE viniendo directamente desde estados Unidos.

"
https://nau64.com/benjamin-martello-se-llevo-el-sabatino-rapido-de-nau64/,1,"A continuación Las partidas de los Tableros DGT:



































Aquí Las Fotos del Torneo sabatino:




#ajedrez#chess#nau64ajedrez#uruguayTorneo 




Navegación de entradas
Final del Festival de Reyes 2026Victoria Contundente de Federico Canias en el Torneo Sabatino de Nau64"
https://nau64.com/bielorrusia-vence-a-uruguay-por-la-liga-mundial-de-ajedrez/,0,"Liga Mundial
Match
Online


Bielorrusia vence a Uruguay por la Liga Mundial de Ajedrez.

 José Riverol 22 febrero, 2022 


El pasado día 20 de febrero Bielorrusia y Uruguay se midieron en la plataforma de ChessCom, el equipo europeo se llevo el triunfo en las dos disciplina de tiempo en forma apretada. En Blitz (5+2) 19½ a 14½ aquí se puede ver el match: https://www.chess.com/club/matches/li… 

y en las partidas rápidas (10+2) el resultado fue de 19 a 13 pts. "
https://nau64.com/bielorrusia-vence-a-uruguay-por-la-liga-mundial-de-ajedrez/,1,"https://www.chess.com/club/matches/li… 

El evento fue trasmitido en directo en el Twitch https://www.twitch.tv/nau64ajedrez el cual invitamos a que le den seguir para estar informados.












Navegación de entradas
Buen inicio de Uruguay en la Liga Panamericana.Rumania vence por la Liga de las Naciones de Ajedrez al equipo de Uruguay."
https://nau64.com/boris-spassky/,0,"Historia


Boris Spassky

 José Riverol 8 junio, 2025 


Creo que el Campeón del Mundo debería intentar defender la calidad de su juego más que nadie.

Como décimo campeón del mundo, el campeón vivo de mayor edad y protagonista de algunas de las partidas más emocionantes de la historia del ajedrez, resulta un tanto triste que el increíble legado de Spassky a veces se vea eclipsado por el hecho de que perdió una partida extremadamente tensa contra Bobby Fischer. Su flexible y brutal estilo universal lo llevó a la victoria contra muchos de los mejores jugadores de la historia.

Spassky nació en Leningrado y, como resultado, vivió de primera mano gran parte de la agitación en Rusia en aquella época, teniendo que evacuar a Leningrado de niño durante el asedio. Sin embargo, nada de esto mermó su genio como ajedrecista, y rápidamente ascendió en las filas de los jugadores soviéticos. El profundo amor de Spassky por su país ha sido y sigue siendo un tema recurrente en las entrevistas con él.

Estilo de juegoSpassky era un jugador versátil, capaz de jugar posiciones agudas y tranquilas con una precisión devastadora. Esto fue lo que lo hizo tan difícil de vencer para sus contemporáneos en su mejor momento: Spassky siempre podía jugar el tipo de partida con la que uno no se sentía cómodo. También tenía una visión táctica muy aguda y un ojo para las combinaciones de medio juego. Curiosamente, Spassky no era conocido como un gran abridor ni un maestro de la teoría; en cambio, vencía a rivales en el medio juego y el final gracias a su habilidad y adaptabilidad.


Spassky – Bronstein 1960. ¡Las blancas sacrifican su torre con 15.Cd6! Las variantes se complican enormemente, pero la conclusión es que la captura de la torre por parte de las negras simplemente no importa. Tras 15…Cf8, que impide el jaque mate, las blancas sacrifican de nuevo con 16.Cxf7! y su ataque es imparable. "
https://nau64.com/boris-spassky/,1,"Esta partida apareció en la película de James Bond Desde Rusia con amor.




#ajedrez#chess#historia 




Navegación de entradas
Aprendé a Programar desde Cero con PythonXII Torneo online pensado nau64."
https://nau64.com/buen-inicio-de-uruguay-en-la-liga-panamericana/,0,"Liga Panamericana
Match
Online


Buen inicio de Uruguay en la Liga Panamericana.

 José Riverol 21 febrero, 2022 


Por la ronda 2 de la Liga Panamericana se midieron en ChessCom los equipos de El Salvador y Uruguay. El ritmo era de 5+2. "
https://nau64.com/buen-inicio-de-uruguay-en-la-liga-panamericana/,1,"El match finalizo en empate a 9, pero el equipo centro americano no pudo llegar al mínimo requerido por la organización que es de 15 jugadores, mientras que los charrúas si tenían unos 18 representantes para jugar, por ese motivo el match se otorga los celestes. El match fue trasmitido en el Twitch del Maestro FIDE José Riverol con sus comentarios, los invitamos a darle seguir y así estar al tanto de todos sus directos: https://www.twitch.tv/nau64ajedrez Las partidas y resultados están para su observación en: https://www.chess.com/club/matches/live/uruguay-open/1145319 












Navegación de entradas
Viernes 11 de Febrero, en el TWITCH del FIDE Master José Riverol; la esperada GRAN FINALISIMA de los PIRATAS!!!Bielorrusia vence a Uruguay por la Liga Mundial de Ajedrez."
https://nau64.com/calendario-semanal-de-clases/,0,"Academia
Clases
Online


Clases de Ajedrez para todos los niveles

 José Riverol 21 febrero, 2023 


Brindamos clases para todos los niveles: principiantes, intermedios, avanzados y para niños.
Las clases pueden ser individuales, o grupales, ya sea presenciales, virtuales o híbridas. 
"
https://nau64.com/calendario-semanal-de-clases/,1,"Contamos con un equipo docente de alto nivel y una academia de puertas abiertas donde los alumnos pueden concurrir a jugar, estudiar y compartir buenos momentos.Tenemos plataforma propia de la Academia, en donde los alumnos pueden jugar libremente entre ellos o con bot, realizar ejercicios, tomar las clases, recibir simultaneas y competir en Torneos.

Promociones:

50% de descuento en la Academia de Puertas Abiertas. Aquellos alumnos que se inscriban a clases antes del 30 de abril de 2023, tienen tres meses de acceso gratuito.
Descuentos en Torneos FIDE y otros.

Por información:
092 321 600099 556 123


Calendario de Clases 2023 

Maestros de la Academia Nau64 Chess Club
Maestro FIDE José Riverol 
Clases grupales híbridas nivel Medio Avanzado: Lunes 18:30 hs.Clases Grupales híbridas nivel Medio los jueves 20:00 hs.Clases Grupales híbridas nivel inicial medio los martes 19:15 hs.  
Creador y director de la Academia Nau64, abierta desde 2004.Docente de ajedrez en instituciones educativas de nivel escolar desde 1986Tallerista de ajedrez en AUTE.Docente de ajedrez de todos los niveles.Entrenador de ajedrez de nivel avanzado. Organizador de eventos de Ajedrez y Arbitro desde 1989Streamer oficial en chess.comCreador y administrador del club Nau64 en la plataforma chess.com desde 2011.Creador y administrador del club Uruguay Open en la plataforma chess.com desde 2019.Director de la Revista Nuestro Ajedrez desde 1995 a 2002. Títulos ante la Federación Uruguaya de Ajedrez y la Federación Internacional de Ajedrez.2009 – Federación Internacional de Ajedrez (Link a la Federación Internacional de Ajedrez: http://ratings.fide.com/card.phtml?event=3000427 )Maestro Nacional  de Ajedrez desde el año 1993 – Federación Uruguaya de AjedrezRanking Nacional Top 2402, Internacional 2304 (2009-2022)Arbitro Nacional de Ajedrez desde 1989Arbitro de FIDE (Federación Internacional de Ajedrez) – 2008







Clases 




Navegación de entradas
TRUENOS en el TABLERO acá toda la información de el Lunes de la TERCERA SEMANALos 5 de martes."
https://nau64.com/category/academia/,0,"Categoría: Academia 




 





Academia
Partidas
Torneos


1er Torneo Suizo sistema Match – Rondas 1 y 2

 Academia Nau64 29 julio, 2026 


Los días jueves se está disputando un torneo suizo en formato match a dos partidas, es decir, una partida de ida y otra de vuelta, bajo un ritmo de juego … Read More



Comment on 1er Torneo Suizo sistema Match – Rondas 1 y 2 






 





Academia
FIDE
Online
Partidas
Sabatino
Torneos
Uruguay


MN Federico Canias Campeón del Cumpleañero de Julio

 Academia Nau64 29 julio, 2026 


El pasado sábado 25 de julio se disputó el torneo de rápidas Cumpleañero de Julio, una competencia que no solo reúne a los aficionados al ajedrez en un torneo de … Read More



#ajedrez#chess#Nau64#uruguayTorneo Comment on MN Federico Canias Campeón del Cumpleañero de Julio 






 





Academia
FIDE
Partidas
Torneos
Uruguay


Open 136: Ronda 1

 Academia Nau64 27 julio, 2026 


El pasado lunes 20 de julio dio comienzo el Open 136, un torneo suizo a cinco rondas, en modalidad estándar, con un ritmo de juego de 60 minutos por jugador … Read More



#ajedrez#nau64ajedrez#uruguay Comment on Open 136: Ronda 1 






 





Academia
FIDE
Partidas
Torneos
Uruguay


II Amateur Sub 1600 de NAU 64

 Academia Nau64 12 julio, 2026 


Este jueves 2 de julio finalizó el Segundo Torneo de Rápidas Sub-1600. La competencia se disputó a razón de una ronda por jueves, con un ritmo de juego de 20 … Read More



#ajedrez#nau64ajedrez#uruguayTorneo 






 





Academia
Sabatino
Torneos


CM Tabare Bustelo y Miguel Pinto, Campeones del sabatino

 Academia Nau64 7 julio, 2026 


Este sábado 4 de julio se disputaron, como ya es tradición en la academia, los torneos sabatinos de Rápidas y Blitz, ambos válidos para el rating ELO FIDE. El torneo … Read More










 





Academia
FUA
Torneos


NAU 64 en el Interclubes de Rápidas y Blitz

 Academia Nau64 7 julio, 2026 


El fin de semana del sábado 20 y domingo 21 de Junio, se disputaron en los salones Rojo y Dorado de la Intendencia de Montevideo los torneos de Rápidas y … Read More



#ajedrez#Nau64#uruguayTorneo 






 





Academia
Torneos


Open 136 el 20 de julio Torneo Pensado (FIDE)

 José Riverol 24 junio, 2026 


El lunes 20 de julio se juega un nuevo Torneo Abierto (Suizo 5 rondas) presencial.Las partidas se trasmitirán en vivo! en nau64 en Twitch: https://www.twitch.tv/nau64ajedrez Las lista de participantes se … Read More










 





Academia
Clases
Partidas


Sábados a Todo Ajedrez

 José Riverol 8 marzo, 2026 


Mejora tu ajedrez, disfrutando del proceso. La amistad es una de las mayores fuentes de felicidad. "
https://nau64.com/category/academia/,1,"El ajedrez, además de ser llamado el “juego-ciencia”, abarca el estudio, la preparación y … Read More










 





Academia
Nau64 en ChessCom
Partidas
Torneos
Uruguay
Videos


Fiesta de ajedrez en Nau64: Torneo para No Rankeados y Sub-1600

 José Riverol 26 febrero, 2026 


Del 13 al 15 de febrero, nuestra academia Nau64 Chess Club se vistió de gala para recibir el primer Torneo destinado a jugadores No Rankeados y Sub-1600 de Elo. Fueron … Read More



#ajedrez#chess#Nau64#nau64ajedrez#uruguay 






 





Academia
FIDE
Finales
FUA
Online
Partidas
Torneos
Uruguay
Videos


Culminaron los cuartos de final serie B del Club Cerro

 Bryan Lopez 4 febrero, 2026 


Del 23 al 25 de enero se llevó a cabo los cuartos de final serie B del Club Cerro, se jugó a ritmo standard 60 minutos + 30 segundos de … Read More



#ajedrez#chess#fuajedrez#nau64ajedrezTorneo 




Posts pagination
1
2
…
6
Siguientes"
https://nau64.com/category/ajedrez-y-leyendas/,0,"Categoría: Ajedrez y Leyendas 




 





Ajedrez y Leyendas
Historia


El mejor de todos.

 José Riverol 6 octubre, 2024 


Las veinte razones principales por las que Bobby Fischer uno de los mejores jugadores de ajedrez de todos los tiempos:



#ajedrez#chess#historiaHistoria del ajedrez 3 comentarios en El mejor de todos. 






 





Ajedrez y Leyendas
Liga Mundial
Match


Desgastante partida de alta tensión, con rápido desenlace en final tablas.

 "
https://nau64.com/category/ajedrez-y-leyendas/,1,"Marcelo 29 noviembre, 2021 


Video con el ALTO analisis del FIDE Master Jose Riverol y MÁS de 500 Fotografias de esta tercera partida!










 





Ajedrez y Leyendas


Ajedrez y Leyendas

 José Riverol 23 abril, 2020 


La Federación Uruguaya de Ajedrez con muy buena iniciativa ha lanzado en forma totalmente libre el juego Ajedrez y Leyendas, este es muy entretenido y pedagógico para los pequeños que … Read More



2 comentarios en Ajedrez y Leyendas"
https://nau64.com/category/aperturas/,0,"Categoría: Aperturas 




 





Aperturas
Videos


Defensa India de Rey

 José Riverol 16 junio, 2023 


Estudiando la Defensa India de Rey con el MF José Riverol en vivo con nuestro canal de Twitch y alumnos en la Academia de nau64 chess club. Dejamos aquí la … Read More










 





Aperturas


Estudio de la Defensa Bird contra la Apertura Española. Base y Video.

 José Riverol 26 mayo, 2023 


Estudio de la Defensa Bird realizado el 25 de mayo 2023 en el directo en el canal de Twitch https://www.twitch.tv/nau64ajedrez










 





Aperturas


Estudio de las Aperturas por nau64

 José Riverol 31 diciembre, 2022 


Gambito de Dama Aceptado I (Video): : Entrar al enlace aquí.Gambito de Dama Aceptado II (Video): Entrar al enlace aquí.Defensa Siciliana – Gambito Kasparov – (Nota): Entrar al enlace aquí. … Read More










 





Aperturas
Videos


Defensa Francesa Variante Winawer.

 José Riverol 2 octubre, 2022 


Video del Directo del Twitch sobre el estudio de las aperturas, en este caso toco la Defensa Francesa con la Variante Winawer 1.e4 e6 2.d4 d5 3.Cc3 Ab4. dejo el … Read More










 





Aperturas


Variante McCutcheon de la defensa Francesa.

 José Riverol 20 septiembre, 2022 


Video del Directo del Twitch sobre el estudio de las aperturas, en este caso toco la Defensa Francesa con la Variación McCutcheon. Con el aporte teórico y las partidas seleccionadas. "
https://nau64.com/category/aperturas/,1,"… Read More










 





Aperturas
Clases


Estudio de la Apertura Escocesa.

 José Riverol 22 agosto, 2022 


Tercera entrega del estudio de la Apertura Escocesa. Realizado en directo en el Twitch nau64ajedrezNo se olviden de darle seguir a los directos del Twitch: https://www.twitch.tv/nau64ajedrezY al canal de YouTube: https://www.youtube.com/c/JoseRiverol










 





Aperturas


Estudio de las Aperturas Escocesa

 José Riverol 12 agosto, 2022 


En este caso nos centramos en 4…Cf6.










 





Aperturas


Estudio de las Aperturas: Apertura Central.

 José Riverol 9 mayo, 2022 


Esta Apertura antigua hoy en día no goza de mucho entusiasmo, pero puede dar un buen dolor de cabeza a los conductores de las piezas negras si no la tienen … Read More










 





Aperturas


Defensa Nimzoinda – Apertura en 5 minutos.

 José Riverol 25 octubre, 2021 


Un video en donde se da una entradita a una defensa super moderna y activa."
https://nau64.com/category/clases/,0,"Categoría: Clases 




 





Academia
Clases
Partidas


Sábados a Todo Ajedrez

 José Riverol 8 marzo, 2026 


Mejora tu ajedrez, disfrutando del proceso. La amistad es una de las mayores fuentes de felicidad. El ajedrez, además de ser llamado el “juego-ciencia”, abarca el estudio, la preparación y … Read More










 





Academia
Clases
Online


Clases online de Ajedrez

 José Riverol 6 mayo, 2025 


♟️♟️♟️ ¡Te ofrecemos una plataforma interactiva donde tú eres el protagonista! Contamos con una plataforma especializada en la enseñanza de ajedrez, lo cual hace sencillo su manejo desde un PC, … Read More










 





Academia
Clases


Clases de Ajedrez para Niños

 Victoria Galatro 17 abril, 2025 


♟️♟️♟️ El ajedrez es mucho más que un juego: es una herramienta poderosa para desarrollar habilidades cognitivas, emocionales y sociales desde la infancia. En Nau64, ofrecemos clases diseñadas especialmente para … Read More










 





Academia
Clases


Día Nacional del Ajedrez

 José Riverol 27 mayo, 2024 


Hoy es un día especial para los amantes del ajedrez en Uruguay, ya que celebramos el Día Nacional del Ajedrez. Esta fecha fue declarada oficialmente el 27 de mayo mediante … Read More



#ajedrez#chess#uruguayTorneo 






 





Academia
Clases
Entrevista
Novedades
Uruguay


Sesión Magistral del GM Georg Meier en NAU64

 Victoria Galatro 8 febrero, 2024 


El GM uruguayo Georg Meier está entre los mejores de Latinoamérica, y tendremos oportunidad de contar con su presencia en la Academia de #Ajedrez nau64 el día 11 de febrero luego de … Read More










 





Academia
Clases


Entrenamiento Intensivo para el Festival de la Juventud 2023.

 José Riverol 2 abril, 2023 


Entrenamiento para el Festival de las Categorías 2023 en nau64. Se viene unos de los Torneos más importantes para los jóvenes jugadores de nuestro país, la Academia de Ajedrez nau64 … Read More










 





Academia
Clases
Online


Clases de Ajedrez para todos los niveles

 José Riverol 21 febrero, 2023 


Brindamos clases para todos los niveles: principiantes, intermedios, avanzados y para niños. Las clases pueden ser individuales, o grupales, ya sea presenciales, virtuales o híbridas. "
https://nau64.com/category/clases/,1,"Contamos con un equipo docente … Read More



Clases 






 





Aperturas
Clases


Estudio de la Apertura Escocesa.

 José Riverol 22 agosto, 2022 


Tercera entrega del estudio de la Apertura Escocesa. Realizado en directo en el Twitch nau64ajedrezNo se olviden de darle seguir a los directos del Twitch: https://www.twitch.tv/nau64ajedrezY al canal de YouTube: https://www.youtube.com/c/JoseRiverol"
https://nau64.com/category/copa-america/,0,"Categoría: Copa America 




 





Copa America
Online


Copa America Online 2025 – Se viene la Jornada 7

 José Riverol 31 agosto, 2025 


La Copa América de ChessCom es una liga entre equipos de América del Sur.La segunda edición se llevará a cabo entre el 29 de junio y el 14 de diciembre. … Read More










 





Copa America
Online


28 de julio: Ronda 4 de la Copa América, liderada por Argentina y Brasil

 José Riverol 22 julio, 2024 


Entre el 24 de marzo y el 22 de septiembre con el auspicio y a través de la plataforma numero uno del mundo del ajedrez Chess.Com se desarrollara la Primera … Read More"
https://nau64.com/category/curiosidades/,0,"Categoría: Curiosidades 




 





Curiosidades
Historia
Historias de Ajedrez
Videos


Joyita de Victor el terrible!

 José Riverol 23 abril, 2026 


Víktor Kortchnoi, apodado “El Terrible Víctor”, fue uno de los grandes luchadores de la historia del ajedrez, famoso por su estilo combativo y su longevidad en la élite. En el … Read More










 





Curiosidades
Internacional


Super ajedrecistas.

 José Riverol 18 julio, 2023 


Número de Super Ajedrecistas por Región y País de acuerdo a su ELO FIDE >=2500 en julio 2023. Nótese aún el poderío de la geoesfera ex soviética, que sin embargo … Read More



Internacional 






 





Curiosidades
Historia
Partidas


Sacrificio o descuidó?

 "
https://nau64.com/category/curiosidades/,1,"José Riverol 28 mayo, 2023 


Una vez fue la audiencia la que ayudó al Gran Maestro Vladimir Pavlovich Simagin (1919-1968) a averiguar si cometió un error con un peón o lo sacrificó. Se estaba llevando … Read More










 





Curiosidades
Online


Este Jueves Festejaremos JUNTOS el hecho de ser 4444 seguidores en el CANAL de TWITCH

 Marcelo 7 marzo, 2023 


Si amigos y amigas, somos ya 4444 seguidores en el CANAL de TWITCH, pasaron ya casi 9 años desde entonces y como no festejar tal acontecimiento verdad? El Jueves PRÓXIMO … Read More










 





Curiosidades


La BANDA Música para Búhos le puso RockandRoll a los PIRATAS!!!

 Marcelo 2 marzo, 2023 


El EXITOSO EVENTO de nau64 La Maravillosa AVENTURA PIRATA ya tiene su tema OFICIAL compuesto por la PRESTIGIOSA Banda Música para Búhos (a los que podes escuchar en famosas aplicaciones),… … Read More










 





Curiosidades


El misterio del infiltrado.

 José Riverol 2 septiembre, 2022 


En la siguiente posición juegan la blancas, pero la pregunta es: ¿Ha habido alguna coronación en este juego?










 





Curiosidades
Entrevista


Magnus Carlsen te aconseja para mejorar tu ajedrez!

 José Riverol 1 septiembre, 2022 


Magnus Carlsen, indiscutible número uno de la clasificación y campeón del mundo de ajedrez, no es un entusiasta de las entrevistas, pero da algunos consejos personales para mejorar en ajedrez … Read More



Historia del ajedrez 






 





Curiosidades


Ajedrez mágico.

 José Riverol 27 agosto, 2022 


El número de posiciones posibles en una partida de ajedrez es grande, incluso más que todos los átomos que existen en el universo: Después del primer movimiento de las blancas, … Read More"
https://nau64.com/category/entrenamiento/,0,"Categoría: Entrenamiento 




 





Entrenamiento
Tactica


Reta tu Mente: Ejercicios de Ajedrez .

 "
https://nau64.com/category/entrenamiento/,1,"Enigmatico 16 enero, 2025 


¡Hola de nuevo! Siguiendo la línea del primer artículo Nuevo Año: Hábitos que Transforman tu Juego , que si aún no lo has leído te recomiendo hacerlo, quiero compartir contigo … Read More



#ajedrez#chess#chesspunks#nau64ajedrezEntrenamientoTáctica 1 comentario en Reta tu Mente: Ejercicios de Ajedrez ."
https://nau64.com/category/entrevista/,0,"Categoría: Entrevista 




 





Entrevista
FUA


Jugadores Final Absoluta Uruguayo 2024

 José Riverol 17 marzo, 2024 


En esta sección tendremos breve resumen de cada participante con su propio aporte. Que lo disfruten!Enlaces de interes. Directos con comentarios del MF José Riverol en Twitch y YoutubeInstagram – … Read More



2 comentarios en Jugadores Final Absoluta Uruguayo 2024 






 





Academia
Clases
Entrevista
Novedades
Uruguay


Sesión Magistral del GM Georg Meier en NAU64

 Victoria Galatro 8 febrero, 2024 


El GM uruguayo Georg Meier está entre los mejores de Latinoamérica, y tendremos oportunidad de contar con su presencia en la Academia de #Ajedrez nau64 el día 11 de febrero luego de … Read More










 





Entrevista


Te invitamos a conocer a fondo al compañero gualanday,…

 Marcelo 5 marzo, 2023 


ENTREVISTA a gualanday “gualanday (Enrique) es un jugador VERIFICADO de Chess.com con registro en la PLATAFORMA desde el 6 de Junio del 2014, pero nau64 no lo ENTREVISTA por ello … Read More










 





Entrevista


La gran entrevista de Karpov.

 José Riverol 10 octubre, 2022 


KASPAROV RECIBIÓ 48 LECCIONES GRATIS DE MÍ Gran entrevista del múltiple campeón del mundo en Sport-Express. El 23 de mayo del 2021. "
https://nau64.com/category/entrevista/,1,"El máximo ganador de torneos uno de los … Read More










 





Entrevista


MF Andreina Quevedo

 José Riverol 5 septiembre, 2022 


Miércoles 21:00 hs. Tendremos a la MF Andreina Quevedo en primera persona, estaremos hablando sobre la reciente olimpiada de ajedrez entre otras cosas. Preparen sus preguntas! Los esperamos en: https://www.twitch.tv/nau64ajedrez … Read More










 





Curiosidades
Entrevista


Magnus Carlsen te aconseja para mejorar tu ajedrez!

 José Riverol 1 septiembre, 2022 


Magnus Carlsen, indiscutible número uno de la clasificación y campeón del mundo de ajedrez, no es un entusiasta de las entrevistas, pero da algunos consejos personales para mejorar en ajedrez … Read More



Historia del ajedrez 






 





Entrevista
Historia


Fischer o Capablanca?

 José Riverol 28 agosto, 2022 


UNA BELLA ANECDOTA SOBRE FISCHER Y CAPABLANCA: En Octubre de 1971, el genial Bobby Fischer derrotó categóricamente al casi invencible armenio Tigrán Petrosián con el score de 6.5 a 2.5 … Read More



Historia del ajedrez 2 comentarios en Fischer o Capablanca? 






 





Entrevista
Olimpiada
Partidas


Bajo la Lupa: MI Bernardo Roselli

 José Riverol 19 agosto, 2022 


Finalizada la 44 olimpiada de Ajedrez nos hemos propuesto contactarnos con los participantes celestes, nuestro primer invitado fue el múltiple campeón uruguayo el MI Bernardo Roselli. En hora y media … Read More










 





Entrevista


Entrevistamos a Strategydead un talento Mexicano de 19 años…

 Marcelo 16 noviembre, 2021 


En chess.com es nada más y nada menos que Strategydead, se llama Diego, y es un joven talento del Ajedrez Mexicano. WEB nau64 tiene el gusto de brindarte la charla … Read More










 





Entrevista


Ajedrez para Todos.

 José Riverol 3 noviembre, 2021 


Un “clase A” del mundo cambia de bandera para representar a Uruguay en ajedrez El gran maestro alemán Georg Meier decidió cambiar de federación y pasar a representar a Uruguay, … Read More








Posts pagination
1
2
Siguientes"
https://nau64.com/category/fide/,0,"Categoría: FIDE 




 





FIDE
Partidas
Torneos
Videos


Diego Moreno arrasa y se consagra Campeón del Open 136

 Academia Nau64 21 agosto, 2026 


El pasado lunes 17 de agosto finalizó el Open 136 de nau64, que consagró a Diego Moreno como campeón absoluto. La quinta y última ronda se disputó con dos ausencias … Read More



#ajedrez#chess#nau64ajedrez#uruguayTorneo Comment on Diego Moreno arrasa y se consagra Campeón del Open 136 






 





FIDE
Partidas
Sabatino
Torneos


Doble consagración: Rivas Puch gana Rápidas y Blitz.

 Academia Nau64 11 agosto, 2026 


El pasado sábado 8 de agosto nuestra academia fue sede de los tradicionales torneos de Rápidas y Blitz, que reunieron a una gran cantidad de jugadores en un ambiente competitivo … Read More



#ajedrez#Nau64#nau64ajedrez#uruguayTorneo Comment on Doble consagración: Rivas Puch gana Rápidas y Blitz. 






 





"
https://nau64.com/category/fide/,1,"FIDE
Online
Partidas
Torneos


Open 136 – Ronda 3

 Academia Nau64 6 agosto, 2026 


El pasado lunes 3 de agosto se realizó la tercera ronda del Open 136, con la participación de 16 jugadores, distribuidos en ocho partidas. Como es habitual, el evento fue … Read More



#ajedrez#chess#Nau64#nau64ajedrez#uruguayTorneo Comment on Open 136 – Ronda 3 






 





FIDE
Partidas
Sabatino
Torneos
Uruguay


MN Benjamin Martello arrasa en los torneos rapidos y blitz

 Academia Nau64 6 agosto, 2026 


El pasado fin de semana se realizaron los tradicionales torneos de Blitz y Rápidas, como ya es costumbre en nuestra academia. En esta ocasión participaron dos jugadores extranjeros: Félix Isaiah, … Read More



#ajedrez#chess#nau64ajedrez#uruguay Comment on MN Benjamin Martello arrasa en los torneos rapidos y blitz 






 





FIDE
Online
Partidas
Torneos


Open 136: Ronda 2

 Academia Nau64 29 julio, 2026 


El pasado lunes 27 de julio se disputó la segunda ronda del Open 136, en la que se jugaron ocho partidas. La jornada dejó varios resultados sorprendentes, ya fuera por … Read More



#ajedrez#nau64ajedrez#uruguayTorneo Comment on Open 136: Ronda 2 






 





Academia
FIDE
Online
Partidas
Sabatino
Torneos
Uruguay


MN Federico Canias Campeón del Cumpleañero de Julio

 Academia Nau64 29 julio, 2026 


El pasado sábado 25 de julio se disputó el torneo de rápidas Cumpleañero de Julio, una competencia que no solo reúne a los aficionados al ajedrez en un torneo de … Read More



#ajedrez#chess#Nau64#uruguayTorneo Comment on MN Federico Canias Campeón del Cumpleañero de Julio 






 





Academia
FIDE
Partidas
Torneos
Uruguay


Open 136: Ronda 1

 Academia Nau64 27 julio, 2026 


El pasado lunes 20 de julio dio comienzo el Open 136, un torneo suizo a cinco rondas, en modalidad estándar, con un ritmo de juego de 60 minutos por jugador … Read More



#ajedrez#nau64ajedrez#uruguay Comment on Open 136: Ronda 1 






 





FIDE
Partidas
Sabatino
Torneos
Uruguay


Sorpresa: Miguel Pinto y Daniel Kaciusis Campeones

 Academia Nau64 15 julio, 2026 


El sábado 11 de julio se disputaron, como ya es tradición, los torneos de Rápidas y Blitz en Nuestra Academia ambos eventos fueron validos para el ELO FIDE, con la … Read More



#nau64ajedrez#uruguayTorneo 






 





Academia
FIDE
Partidas
Torneos
Uruguay


II Amateur Sub 1600 de NAU 64

 Academia Nau64 12 julio, 2026 


Este jueves 2 de julio finalizó el Segundo Torneo de Rápidas Sub-1600. La competencia se disputó a razón de una ronda por jueves, con un ritmo de juego de 20 … Read More



#ajedrez#nau64ajedrez#uruguayTorneo 






 





FIDE
Partidas
Sabatino
Torneos
Uruguay


Juan Esquibel ganó el sabatino rápido

 Academia Nau64 1 julio, 2026 


El sábado 27 de junio se llevó a cabo el tradicional Torneo Cumpleañero de partidas rápidas, como es costumbre, el último sábado de cada mes, celebrando a los jugadores que … Read More



#ajedrez#nau64ajedrez#uruguayTorneo 




Posts pagination
1
2
3
Siguientes"
https://nau64.com/category/finales/,0,"Categoría: Finales 




 





Academia
FIDE
Finales
FUA
Online
Partidas
Torneos
Uruguay
Videos


Culminaron los cuartos de final serie B del Club Cerro

 Bryan Lopez 4 febrero, 2026 


Del 23 al 25 de enero se llevó a cabo los cuartos de final serie B del Club Cerro, se jugó a ritmo standard 60 minutos + 30 segundos de … Read More



#ajedrez#chess#fuajedrez#nau64ajedrezTorneo 






 





FIDE
Finales
FUA
Nau64 en ChessCom
Online
Partidas
Torneos
Uruguay
Videos


Culminaron los cuartos de final serie A del Club Cerro

 Bryan Lopez 3 febrero, 2026 


Del 5 al 19 de enero se llevó a cabo los cuartos de final serie A del Club Cerro, se jugó a ritmo standard 60 minutos + 30 segundos de … Read More



#ajedrez#chess#fuajedrez#nau64ajedrezTorneo 






 





Finales


Finales de Ajedrez 7

 José Riverol 11 mayo, 2020 


Juegan las blancas.










 





Finales


Finales de Ajedrez 6

 José Riverol 8 mayo, 2020 


Juegan las blancas.



"
https://nau64.com/category/finales/,1,"1 comentario en Finales de Ajedrez 6 






 





Finales


Finales de Ajedrez 5

 José Riverol 7 mayo, 2020 


Juegan las blancas.



3 comentarios en Finales de Ajedrez 5 






 





Finales


Finales de Ajedrez 4

 José Riverol 5 mayo, 2020 


Juegan las blancas. Para vencer hay que promocionar el Peón, podrás lograrlo?










 





Finales


Finales de Ajedrez

 José Riverol 4 mayo, 2020 


Turno de las blancas. Será capaz el Rey blanco llevar el Peón a su coronación?










 





Finales


Finales de Ajedrez

 José Riverol 1 mayo, 2020 


Es el turno de las blancas, jugando con exactitud tienen la posibilidad de ganar este final. ¿Serás capaz de encontrar la maniobra ganadora?



2 comentarios en Finales de Ajedrez 






 





Finales


Finales de Ajedrez

 José Riverol 30 abril, 2020 


Juegan las blancas. Se gana el siguiente final?"
https://nau64.com/category/fua/,0,"Categoría: FUA 




 





Academia
FUA
Torneos


NAU 64 en el Interclubes de Rápidas y Blitz

 Academia Nau64 7 julio, 2026 


El fin de semana del sábado 20 y domingo 21 de Junio, se disputaron en los salones Rojo y Dorado de la Intendencia de Montevideo los torneos de Rápidas y … Read More



#ajedrez#Nau64#uruguayTorneo 






 





Academia
FIDE
Finales
FUA
Online
Partidas
Torneos
Uruguay
Videos


Culminaron los cuartos de final serie B del Club Cerro

 Bryan Lopez 4 febrero, 2026 


Del 23 al 25 de enero se llevó a cabo los cuartos de final serie B del Club Cerro, se jugó a ritmo standard 60 minutos + 30 segundos de … Read More



#ajedrez#chess#fuajedrez#nau64ajedrezTorneo 






 





FIDE
Finales
FUA
Nau64 en ChessCom
Online
Partidas
Torneos
Uruguay
Videos


Culminaron los cuartos de final serie A del Club Cerro

 Bryan Lopez 3 febrero, 2026 


Del 5 al 19 de enero se llevó a cabo los cuartos de final serie A del Club Cerro, se jugó a ritmo standard 60 minutos + 30 segundos de … Read More



#ajedrez#chess#fuajedrez#nau64ajedrezTorneo 






 





Academia
FIDE
FUA
Match
Partidas


Franco Manteiga Ganador de la Copa AN Edmundo Infante

 Bryan Lopez 29 diciembre, 2025 


En la academia de Nau64, desde el 29 de noviembre al 14 de diciembre se celebró la primera edición de la Copa AN Edmundo Infante. En la cual participaron jugadores … Read More



#ajedrez#chess#nau64ajedrez#uruguayTorneo 






 





FUA
Torneos


Semifinales Uruguayo Femenino

 José Riverol 10 febrero, 2025 


La Academia de Ajedrez nau64 se enorgullece en recibir a todas las talentosas jugadoras de ajedrez de Uruguay en el Torneo Clasificatorio del 47° Campeonato Uruguayo Femenino de Ajedrez 2025.Los … Read More










 





FUA
Torneos


Campeonato Uruguayo Femenino 2024

 José Riverol 17 marzo, 2024 


El campeonato uruguayo de ajedrez femenino 100 AÑOS DE FIDE – AI PEDRO LAMAS BALIERO IN MEMORIAM se jugara del 24 al 30 de marzo en la Academia de nau64 … Read More










 





FUA
Uruguay


Campeonato Uruguayo Absoluto 2024

 José Riverol 17 marzo, 2024 


Enlaces de interes.Directos con comentarios del MF José Riverol en Twitch y YoutubeInstagram – Twitter – Facebook Participantes: Tabla de Posiciones Final Emparejamientos Resultados Partida Ronda 11: Partida Ronda 10: Partida Ronda 9: Partida Ronda 8: Partida … Read More










 





FUA
Uruguay


Jugadoras Final Femenina Uruguayo 2024

 José Riverol 17 marzo, 2024 


En esta sección tendremos breve resumen de cada participante con su propio aporte. Que lo disfruten! "
https://nau64.com/category/fua/,1,"Enlaces de interes. Directos con comentarios del MF José Riverol en Twitch y Youtube … Read More










 





Entrevista
FUA


Jugadores Final Absoluta Uruguayo 2024

 José Riverol 17 marzo, 2024 


En esta sección tendremos breve resumen de cada participante con su propio aporte. Que lo disfruten!Enlaces de interes. Directos con comentarios del MF José Riverol en Twitch y YoutubeInstagram – … Read More



2 comentarios en Jugadores Final Absoluta Uruguayo 2024 






 





FUA
Uruguay


Uruguayo 2024

 José Riverol 15 marzo, 2024 


En esta página se podrá ver toda la información del Campeonato uruguayo Absoluto y Femenino 2024.Las fechas de juego son del 23 al 30 de marzo en Nuestra Academia nau64 … Read More








Posts pagination
1
2
Siguientes"
https://nau64.com/category/historia/,0,"Categoría: Historia 




 





Curiosidades
Historia
Historias de Ajedrez
Videos


Joyita de Victor el terrible!

 José Riverol 23 abril, 2026 


Víktor Kortchnoi, apodado “El Terrible Víctor”, fue uno de los grandes luchadores de la historia del ajedrez, famoso por su estilo combativo y su longevidad en la élite. En el … Read More










 





Historia
Historias de Ajedrez


La Batalla Infinita: Karpov vs. Kasparov

 José Riverol 12 marzo, 2026 


Cinco meses. Cuarenta y ocho partidas. Un duelo que aún huele a conspiración.En 1984, el mundo del ajedrez se detuvo ante un enfrentamiento que rozó la tragedia.No fue un simple … Read More



#ajedrez#chessHistoria del ajedrezInternacional 






 





Historia


Leyenda danesa

 José Riverol 30 noviembre, 2025 


En esta foto de P. Poulsen vemos al Gran Maestro Bent Larsen (1935-2010) Datos destacados: ✅ 1. El tablero 1 en Belgrado 1970: En el famoso match URSS vs. Resto … Read More



#ajedrez#chess#historia 






 





Historia


Boris Spassky

 José Riverol 8 junio, 2025 


Creo que el Campeón del Mundo debería intentar defender la calidad de su juego más que nadie. Como décimo campeón del mundo, el campeón vivo de mayor edad y protagonista … Read More



#ajedrez#chess#historia 






 





Historias de Ajedrez


La Intuición

 José Riverol 25 febrero, 2025 


Foto de Beliavsky vs Tal, Moscu 82, observa Kasparov



#ajedrez 






 





Historia


La Reina del Ajedrez

 José Riverol 14 octubre, 2024 


Judit Polgar no solo es la mejor jugadora de ajedrez de todos los tiempos, sino que rompió todas las barreras que existían para las mujeres en el ajedrez. Desde pequeña, … Read More



#ajedrez#chess#Nau64#nau64ajedrez#uruguayHistoria del ajedrez 






 





Ajedrez y Leyendas
Historia


El mejor de todos.

 José Riverol 6 octubre, 2024 


Las veinte razones principales por las que Bobby Fischer uno de los mejores jugadores de ajedrez de todos los tiempos:



#ajedrez#chess#historiaHistoria del ajedrez 3 comentarios en El mejor de todos. 






 





"
https://nau64.com/category/historia/,1,"Historia
Tactica


Combinación búlgara!

 José Riverol 24 mayo, 2024 


Hoy es el cumpleaños del Gran Maestro Krum Georgiev, nacido en Pazardzhik, Bulgaria, el 24 de mayo de 1958. Krum se convirtió en campeón juvenil de Bulgaria en 1977 y … Read More










 





Historia


Feliz cumpleaños Tolia!

 José Riverol 23 mayo, 2024 


Hoy es el cumpleaños del ex campeón mundial Anatoly Karpov, nacido en Zlatoust, en los Urales, el 23 de mayo de 1951. Karpov, campeón mundial de 1975 a 1985 y … Read More



1 comentario en Feliz cumpleaños Tolia! 






 





Historia


Fabiano Caruana

 José Riverol 8 abril, 2024 


Trabajas durante un largo período de tiempo y los resultados realmente no se ven, pero en algún momento todo se junta y comienzas a jugar mejor o a tener más … Read More



Historia del ajedrez 




Posts pagination
1
2
…
7
Siguientes"
https://nau64.com/category/historia/historias-de-ajedrez/,0,"Categoría: Historias de Ajedrez 




 





Curiosidades
Historia
Historias de Ajedrez
Videos


Joyita de Victor el terrible!

 José Riverol 23 abril, 2026 


Víktor Kortchnoi, apodado “El Terrible Víctor”, fue uno de los grandes luchadores de la historia del ajedrez, famoso por su estilo combativo y su longevidad en la élite. En el … Read More










 





Historia
Historias de Ajedrez


La Batalla Infinita: Karpov vs. "
https://nau64.com/category/historia/historias-de-ajedrez/,1,"Kasparov

 José Riverol 12 marzo, 2026 


Cinco meses. Cuarenta y ocho partidas. Un duelo que aún huele a conspiración.En 1984, el mundo del ajedrez se detuvo ante un enfrentamiento que rozó la tragedia.No fue un simple … Read More



#ajedrez#chessHistoria del ajedrezInternacional 






 





Historias de Ajedrez


La Intuición

 José Riverol 25 febrero, 2025 


Foto de Beliavsky vs Tal, Moscu 82, observa Kasparov



#ajedrez"
https://nau64.com/category/internacional/,0,"Categoría: Internacional 




 





Academia
FIDE
Internacional
Partidas
Sabatino
Uruguay


Victoria Contundente de Federico Canias en el Torneo Sabatino de Nau64

 Bryan Lopez 28 enero, 2026 


El pasado 24 de enero se llevó a cabo el tradicional torneo de los sábados, en La sede de la academia nau64 en Montevideo, se jugó a un ritmo rápido … Read More



#ajedrez#nau64ajedrezTorneo 






 





Academia
FIDE
Internacional
Partidas
Sabatino
Torneos
Videos


Benjamín Martello se llevó el Sabatino rápido de nau64

 Bryan Lopez 28 enero, 2026 


El pasado Sabado 17 de enero Benjamín Martello se consagró campeón del Sabatino Rápido de Nau64.El torneo, disputado en Montevideo bajo el sistema suizo a 5 rondas y ritmo de … Read More



#ajedrez#chess#nau64ajedrez#uruguayTorneo 






 





Academia
FIDE
Internacional
Partidas
Torneos
Videos


Emanuel Jesus Se llevó el XXI aniversario Open de nau64

 Bryan Lopez 29 diciembre, 2025 


En Nau64, los días 20 y 21 de diciembre se desarrolló el XXI Aniversario de nuestra academia. Este evento constó de tres torneos. Uno de ellos fue el Torneo Aniversario … Read More



#ajedrez#chess#nau64ajedrezInternacionalTorneo 






 





Internacional
Partidas


GM Wei Yi

 José Riverol 6 mayo, 2024 


Aquí hay una partida de ajedrez que Wei Yi jugó en el Tata Steel Masters 2024 contra Jorden van Foreest: Wei Yi (2773) vs. Jorden van Foreest (2686) 1.e4 c5 … Read More



Internacional 






 





Internacional
Mundial de Ajedrez
Partidas


Magnus a punto de ser eliminado del Mundial.

 José Riverol 10 agosto, 2023 


El noruego pudo perder el segundo juego si el aleman Vincent veia el golpe táctico. Dejo mis comentarios en el video con partida completa en donde Magnus gana de forma … Read More










 





Curiosidades
Internacional


Super ajedrecistas.

 José Riverol 18 julio, 2023 


Número de Super Ajedrecistas por Región y País de acuerdo a su ELO FIDE >=2500 en julio 2023. Nótese aún el poderío de la geoesfera ex soviética, que sin embargo … Read More



Internacional 






 





FIDE
Internacional
Match
Mundial de Ajedrez
Videos


Ding Liren se corona Campeón del Mundo de Ajedrez.

 José Riverol 30 abril, 2023 


El jugador chino se convierte en el 17 Campeón Mundial de Ajedrez al ganar la cuarta partida en la modalidad de ajedrez rápido del duelo de desempate. Ian Nepomniachtchi parecía … Read More










 





Internacional
Mundial de Ajedrez
Partidas
Videos


Mundial de Ajedrez emocionante final!

 José Riverol 29 abril, 2023 


29/04/2023: Los nervios ponen al chino Ding Liren muy cerca de la derrota, pero él Nepo vuelve a ser demasiado impulsivo en posiciones claves, en lugar de pensar con calma. … Read More










 





Internacional
Partidas


La partida de la jornada.

 José Riverol 28 abril, 2023 


El 29 de agosto de 2019 se enfrentaba el indiscutible número uno del mundo Magnus Carlsen ante el chino Ding Liren por la 7th Sinquefield Cup TB Saint Louis USA, veamos … Read More










 





Internacional
Match
Mundial de Ajedrez
Partidas


Ding gana la pulseada de nervios y empata el match por el Mundial de Ajedrez a falta de dos partidas.

 José Riverol 26 abril, 2023 


Niepomniashi tuvo una ventaja demoledora, pero no se concentró en el momento decisivo y no encontró las jugadas ganadoras. El marcador ahora está 6 a 6 y pelota al medio. "
https://nau64.com/category/internacional/,1,"… Read More








Posts pagination
1
2
3
Siguientes"
https://nau64.com/category/liga-de-naciones/,0,"Categoría: Liga de Naciones 




 





Liga de Naciones
Match
Online


Rumania vence por la Liga de las Naciones de Ajedrez al equipo de Uruguay.

 José Riverol 22 febrero, 2022 


En una jornada doble del domingo 20 de febrero 2022 los celestes se enfrentaron al poderoso equipo rumano y se recibió un dudo traspié en manos de los europeos. "
https://nau64.com/category/liga-de-naciones/,1,"Primero … Read More










 





Liga de Naciones
Match
Online


Dramática CAIDA de Uruguay en la tabla de posiciones!!!

 Marcelo 21 diciembre, 2021 


El combinado celeste que a falta de 3 fechas lideraba el TORNEO clasificatorio, NO logró sumar pts en las últimas 2 RONDAS y cae del TOP1 al TOP3, peligrando su … Read More










 





Liga de Naciones
Online


No se pudo contra USA por la Liga de Naciones.

 José Riverol 7 febrero, 2021 


A pesar del esfuerzo de los compañeros celestes (Uruguay Open) no se pudo contra el potente equipo de Estados Unidos de Norteamérica, que cuenta con más de 27000 jugadores en … Read More"
https://nau64.com/category/liga-mundial/,0,"Categoría: Liga Mundial 




 





Liga Mundial
Online
Uruguay


Live Chess World League 2025

 José Riverol 13 octubre, 2025 


Uruguay dice presente en el evento oficial más prestigioso del ajedrez online: la Chess.com Nations LeagueEl equipo nacional Uruguay Open vuelve a representar a nuestro país en la competencia internacional … Read More










 





Liga Mundial
Match
Partidas
Uruguay


Uruguay cayo ante Bolivia por la Sub-1600 Mundial.

 José Riverol 16 octubre, 2022 


Este 16 de octubre los charrúas jugaron ante el equipo de Bolivia y se perdió por 14 a 8, la celeste tenia para competidores para el match pero solo pudieron … Read More










 





Liga Mundial
Match
Online


Match 960 (Random Fischer) Uruguay vs Uzbekistán.

 José Riverol 16 octubre, 2022 


El segundo match del equipo uruguayo (Uruguay Open) se jugó el domingo 16 octubre a las 12 hs. Y tubo como equipo rival al poderoso Team Uzbeskitán (2300 jugadores y … Read More










 





Liga Mundial
Match
Online


Bielorrusia vence a Uruguay por la Liga Mundial de Ajedrez.

 José Riverol 22 febrero, 2022 


El pasado día 20 de febrero Bielorrusia y Uruguay se midieron en la plataforma de ChessCom, el equipo europeo se llevo el triunfo en las dos disciplina de tiempo en … Read More










 





Ajedrez y Leyendas
Liga Mundial
Match


Desgastante partida de alta tensión, con rápido desenlace en final tablas.

 Marcelo 29 noviembre, 2021 


Video con el ALTO analisis del FIDE Master Jose Riverol y MÁS de 500 Fotografias de esta tercera partida!










 





Liga Mundial
Online


Uruguay Campeón!

 José Riverol 24 mayo, 2021 


Es con orgullo que sumamos un nuevo trofeo virtual a nuestras vitrinas al Club Uruguay Open del Sitio de ChessCom, en está ocasión se ganó la S4 de la Liga Mundial … Read More










 





Liga Mundial
Match
Online


Uruguay saca ventaja en la Liga Mundial de Ajedrez.

 José Riverol 21 febrero, 2021 


El equipo celeste (Uruguay Open) venció en las dos modalidades al potente equipo de la India con más de 33 mil jugadores! . "
https://nau64.com/category/liga-mundial/,1,"El el match blitz (5+2) participaron 28 … Read More



2 comentarios en Uruguay saca ventaja en la Liga Mundial de Ajedrez."
https://nau64.com/category/liga-panamericana/,0,"Categoría: Liga Panamericana 




 





Liga Panamericana
Match
Online


Buen inicio de Uruguay en la Liga Panamericana.

 José Riverol 21 febrero, 2022 


Por la ronda 2 de la Liga Panamericana se midieron en ChessCom los equipos de El Salvador y Uruguay. El ritmo era de 5+2. "
https://nau64.com/category/liga-panamericana/,1,"El match finalizo en empate a … Read More










 





Liga Panamericana
Online


Finalizó La Liga Panamericana de Naciones, Puerto Rico TOP1, USA TOP2, Uruguay TOP3.

 Marcelo 30 diciembre, 2021 












 





Liga Panamericana
Online


Cae el invicto de Uruguay tras perder feo ante USA (32½ a 9½), y hay nuevo líder en la Liga.

 Marcelo 13 diciembre, 2021 


El match vs USA fue muy duro en el día de ayer, el equipo del norte con más de 30 mil jugadores mostro una alineación super competitiva, eran 4 titulados … Read More










 





Liga Panamericana
Online


Uruguay Lider en SOLITARIO, Puerto Rico firme en la persecución a tan solo 1pts

 Marcelo 8 diciembre, 2021 


Finalizada la SEPTIMA Ronda estos fueron los resultados: Brasil   24½  vs   19½  MéxicoArgentina  6  vs  0  CanadáBolivia  16  vs  12  Colombia USA  18  vs  2   VenezuelaPuerto Rico   20½  … Read More










 





Liga Panamericana
Match
Online
Partidas
Torneos


Uruguay vence a Canadá y se afirma en el TOP.1 de La Liga Panamericana

 Marcelo 13 noviembre, 2021 


Tras vencer a Canadá, en un MATCH de 17 tableros (pocos); Uruguay se afirma en la tabla de posiciones y a la vez, mantiene el invicto y se consolida como … Read More










 





Liga Panamericana
Online
Torneos


Terminada ya la 4ª Ronda…

 Marcelo 9 noviembre, 2021 


Terminada ya la 4ª Ronda del Torneo de la Liga PANAMERICANA de Naciones en lo relativo al Ajedrez así se desarrollaron los diferentes MATCH’s… Team Brazil Live – vs – … Read More










 





Liga Panamericana
Match
Online


Uruguay lider e invicto…

 Marcelo 6 noviembre, 2021 


En más (mucho más) que reñido enfrentamiento, Uruguay conserva el liderato e invito en el PANAMERICANO de Ajedrez tras vencer a México. La transmisión del canal de Twitch del FIDE … Read More










 





Liga Panamericana


Uruguay vs Brasil por la Sub-1600.

 José Riverol 12 marzo, 2021 


Por la liga Panamericana Sub-1600 de Ajedrez Blitz 5+2 se miden este viernes a las 22:15 hs. Los Equipos de Uruguay y BrasilInscripciones desde una hora antes en: https://www.chess.com/live#tm=606071Transmisión en vivo … Read More










 





Liga Panamericana
Online


Uruguay vs México

 José Riverol 9 marzo, 2021 


Este martes 9 marzo por la Liga  Panamericana los celestes jugarán vs México.El match comenzará a las 23:15 hs, y las inscripciones se abren una hora antes en: https://www.chess.com/live#tm=606049El enfrentamiento serà transmitido … Read More










 





Liga Panamericana
Online


Uruguay vs Venezuela este jueves 4 enero.

 José Riverol 1 febrero, 2021 


Por la Liga Panamericana de Ajedrez 2021 se medirán el jueves 4 de enero a las 22:15 hs en el rito Blitz 5+2 Uruguay y Venezuela.El equipo de Venezuela cuenta … Read More"
https://nau64.com/category/match/,0,"Categoría: Match 




 





Academia
FIDE
FUA
Match
Partidas


Franco Manteiga Ganador de la Copa AN Edmundo Infante

 Bryan Lopez 29 diciembre, 2025 


En la academia de Nau64, desde el 29 de noviembre al 14 de diciembre se celebró la primera edición de la Copa AN Edmundo Infante. En la cual participaron jugadores … Read More



#ajedrez#chess#nau64ajedrez#uruguayTorneo 






 





FIDE
Internacional
Match
Mundial de Ajedrez
Videos


Ding Liren se corona Campeón del Mundo de Ajedrez.

 José Riverol 30 abril, 2023 


El jugador chino se convierte en el 17 Campeón Mundial de Ajedrez al ganar la cuarta partida en la modalidad de ajedrez rápido del duelo de desempate. Ian Nepomniachtchi parecía … Read More










 





Internacional
Match
Mundial de Ajedrez
Partidas


Ding gana la pulseada de nervios y empata el match por el Mundial de Ajedrez a falta de dos partidas.

 José Riverol 26 abril, 2023 


Niepomniashi tuvo una ventaja demoledora, pero no se concentró en el momento decisivo y no encontró las jugadas ganadoras. El marcador ahora está 6 a 6 y pelota al medio. … Read More










 





Internacional
Match
Partidas
Videos


Din Liren devuelve el guante y se impone en la partida 6.

 "
https://nau64.com/category/match/,1,"José Riverol 17 abril, 2023 


No debe haber quejas sobre tablas aburridas en el Campeonato del Mundo FIDE de este año, ya que GM Ding Liren y GM Ian Nepomniachtchi siguen intercambiando golpes. En la sexta partida se produjo el cuarto … Read More










 





Liga Mundial
Match
Partidas
Uruguay


Uruguay cayo ante Bolivia por la Sub-1600 Mundial.

 José Riverol 16 octubre, 2022 


Este 16 de octubre los charrúas jugaron ante el equipo de Bolivia y se perdió por 14 a 8, la celeste tenia para competidores para el match pero solo pudieron … Read More










 





Liga Mundial
Match
Online


Match 960 (Random Fischer) Uruguay vs Uzbekistán.

 José Riverol 16 octubre, 2022 


El segundo match del equipo uruguayo (Uruguay Open) se jugó el domingo 16 octubre a las 12 hs. Y tubo como equipo rival al poderoso Team Uzbeskitán (2300 jugadores y … Read More










 





Liga de Naciones
Match
Online


Rumania vence por la Liga de las Naciones de Ajedrez al equipo de Uruguay.

 José Riverol 22 febrero, 2022 


En una jornada doble del domingo 20 de febrero 2022 los celestes se enfrentaron al poderoso equipo rumano y se recibió un dudo traspié en manos de los europeos. Primero … Read More










 





Liga Mundial
Match
Online


Bielorrusia vence a Uruguay por la Liga Mundial de Ajedrez.

 José Riverol 22 febrero, 2022 


El pasado día 20 de febrero Bielorrusia y Uruguay se midieron en la plataforma de ChessCom, el equipo europeo se llevo el triunfo en las dos disciplina de tiempo en … Read More










 





Liga Panamericana
Match
Online


Buen inicio de Uruguay en la Liga Panamericana.

 José Riverol 21 febrero, 2022 


Por la ronda 2 de la Liga Panamericana se midieron en ChessCom los equipos de El Salvador y Uruguay. El ritmo era de 5+2. El match finalizo en empate a … Read More










 





Liga de Naciones
Match
Online


Dramática CAIDA de Uruguay en la tabla de posiciones!!!

 Marcelo 21 diciembre, 2021 


El combinado celeste que a falta de 3 fechas lideraba el TORNEO clasificatorio, NO logró sumar pts en las últimas 2 RONDAS y cae del TOP1 al TOP3, peligrando su … Read More








Posts pagination
1
2
…
4
Siguientes"
https://nau64.com/category/match/page/2/,0,"Categoría: Match 




 





Match


Tras un error infantil y de principiante de el aspirante al que le flaquean las piernas y parece estar pidiendo la hora, el GALACTICO Magnus Carlsen a nada de una nueva Corona MUNDIAL más!

 Marcelo 8 diciembre, 2021 












 





Match


MAGNUS lo hizo otra vez!!!,… ¿es acaso de este MUNDO?

 Marcelo 5 diciembre, 2021 












 





Match


SEPTIMA partida termina en tablas que momentáneamente favorecen a Carlsen quien adelanta en 1pts al aspirante Nepomniachtchi

 Marcelo 4 diciembre, 2021 












 





Match


Y a el sexto día (PERDÓN), al sexto duelo cae el primer punto,… del lado del actual Campeón MUNDIAL,… con CLASE y MAESTRIA!!!

 Marcelo 3 diciembre, 2021 












 





Match
Torneos


Quinto empate consecutivo entre Nepo y Carsen. Invitado especial el CM Facundo Vázquez.

 José Riverol 2 diciembre, 2021 


Nepomniachtchi, con las piezas blancas y la apertura española, consiguió una ligera ventaja que Carlsen neutralizó sin mayores problemas no sin consumir muchos minutos (20), como por ejemplo cuando realizó 19…De8. El … Read More










 





Match
Partidas


Nuevas tablas por el Campeonato Mundial de Ajedrez. Partida 4 con Trivia divertida de yapa!

 José Riverol 1 diciembre, 2021 


Video de la partida 4 comentada por los MF Manuel Larrea y MF José Riverol La Trivia en donde cada día aprendemos más sobre Carlsen y Nepomniachtchi.










 





Ajedrez y Leyendas
Liga Mundial
Match


Desgastante partida de alta tensión, con rápido desenlace en final tablas.

 Marcelo 29 noviembre, 2021 


Video con el ALTO analisis del FIDE Master Jose Riverol y MÁS de 500 Fotografias de esta tercera partida!










 





Match
Torneos


Los maestros Carlsen y Nepomniatchhi jugaron una partida intensa pero al final todo termino en paz.

 "
https://nau64.com/category/match/page/2/,1,"Marcelo 27 noviembre, 2021 












 





Match


Tablas en la primera partida del mundial entre Carlsen y Nepómniaschi

 José Riverol 27 noviembre, 2021 


Partida analizada por el MF Diego Carbone en el canal del MF José Riverol.










 





Liga Panamericana
Match
Online
Partidas
Torneos


Uruguay vence a Canadá y se afirma en el TOP.1 de La Liga Panamericana

 Marcelo 13 noviembre, 2021 


Tras vencer a Canadá, en un MATCH de 17 tableros (pocos); Uruguay se afirma en la tabla de posiciones y a la vez, mantiene el invicto y se consolida como … Read More








Posts pagination
Anteriores
1
2
3
4
Siguientes"
https://nau64.com/category/match/page/4/,0,"Categoría: Match 




 





Match
Online


Amistoso entre Argentina y Uruguay con vídeo y partidas para ver!

 José Riverol 11 abril, 2020 


El viernes 10 de abril se concreto un match entre el equipo de Argentina Krakens y Uruguay Open. El equipo argentino lo lideraba el GM Federico Perez Ponsa con 2554 … Read More










 





Match
Online


Match entre Gigantes.

 José Riverol 4 abril, 2020 


El viernes 3 de abril se desarrollo en la plataforma de ChessCom el primer match entre gigantes de Nuestro Ajedrez. "
https://nau64.com/category/match/page/4/,1,"En esta primera ocasión los protagonistas fueron el GM Alejandro … Read More








Posts pagination
Anteriores
1
…
3
4"
https://nau64.com/category/mundial-de-ajedrez/,0,"Categoría: Mundial de Ajedrez 




 





Mundial de Ajedrez
Partidas


Mundial de Ajedrez 2024 (Marcador: Ding 3-3 Gukesh)

 José Riverol 25 noviembre, 2024 


El encuentro del Campeonato Mundial FIDE 2024 es el primero en 138 años que cuenta con dos concursantes de Asia, el actual campeón mundial, el chino Ding Liren y el … Read More



#ajedrez#chessMundial 






 





Internacional
Mundial de Ajedrez
Partidas


Magnus a punto de ser eliminado del Mundial.

 José Riverol 10 agosto, 2023 


El noruego pudo perder el segundo juego si el aleman Vincent veia el golpe táctico. Dejo mis comentarios en el video con partida completa en donde Magnus gana de forma … Read More










 





FIDE
Internacional
Match
Mundial de Ajedrez
Videos


Ding Liren se corona Campeón del Mundo de Ajedrez.

 José Riverol 30 abril, 2023 


El jugador chino se convierte en el 17 Campeón Mundial de Ajedrez al ganar la cuarta partida en la modalidad de ajedrez rápido del duelo de desempate. Ian Nepomniachtchi parecía … Read More










 





Internacional
Mundial de Ajedrez
Partidas
Videos


Mundial de Ajedrez emocionante final!

 José Riverol 29 abril, 2023 


29/04/2023: Los nervios ponen al chino Ding Liren muy cerca de la derrota, pero él Nepo vuelve a ser demasiado impulsivo en posiciones claves, en lugar de pensar con calma. … Read More










 





Mundial de Ajedrez
Partidas


Mundial de Ajedrez, el sábado se define!

 José Riverol 27 abril, 2023 


27/04/2023 El jugador ruso vuelve a jugar con demasiada rapidez en momentos claves, pero por suerte para Nepo el chino lo acompaña en el error hasta llegar a un justo … Read More










 





Internacional
Match
Mundial de Ajedrez
Partidas


Ding gana la pulseada de nervios y empata el match por el Mundial de Ajedrez a falta de dos partidas.

 José Riverol 26 abril, 2023 


Niepomniashi tuvo una ventaja demoledora, pero no se concentró en el momento decisivo y no encontró las jugadas ganadoras. El marcador ahora está 6 a 6 y pelota al medio. … Read More










 





Mundial de Ajedrez
Partidas
Videos


Campeonato del Mundo: partida 11 – tablas

 José Riverol 24 abril, 2023 


Hoy por la partida 11 del Campeonato del Mundo de la FIDE 2023. Concluyendo en tablas tras una partida tranquila y no muy larga (39 movimientos). Ian Nepomniatchi tiene ahora … Read More










 





Mundial de Ajedrez
Partidas


El equipo de Nepo mantiene a raya a Ding Liren por el mundial de Ajedrez.

 José Riverol 23 abril, 2023 


Empate en la partida 10 del Campeonato Mundial de Ajedrez 2023. "
https://nau64.com/category/mundial-de-ajedrez/,1,El equipo del ruso realiza una excelente preparación casera con el claro objetivo de hacer tablas desde una posición … Read More
https://nau64.com/category/nau64-en-chesscom/,0,"Categoría: Nau64 en ChessCom 




 





Academia
Nau64 en ChessCom
Partidas
Torneos
Uruguay
Videos


Fiesta de ajedrez en Nau64: Torneo para No Rankeados y Sub-1600

 José Riverol 26 febrero, 2026 


Del 13 al 15 de febrero, nuestra academia Nau64 Chess Club se vistió de gala para recibir el primer Torneo destinado a jugadores No Rankeados y Sub-1600 de Elo. Fueron … Read More



#ajedrez#chess#Nau64#nau64ajedrez#uruguay 






 





FIDE
Finales
FUA
Nau64 en ChessCom
Online
Partidas
Torneos
Uruguay
Videos


Culminaron los cuartos de final serie A del Club Cerro

 Bryan Lopez 3 febrero, 2026 


Del 5 al 19 de enero se llevó a cabo los cuartos de final serie A del Club Cerro, se jugó a ritmo standard 60 minutos + 30 segundos de … Read More



#ajedrez#chess#fuajedrez#nau64ajedrezTorneo 






 





Nau64 en ChessCom
Online
Videos


El maya1969 manda en el Blitz dominguero.

 José Riverol 1 mayo, 2023 


30/04/2023 El jugador uruguayo manya1969 fue el ganandor del Torneo Blitz del domingo con 38 pts. "
https://nau64.com/category/nau64-en-chesscom/,1,"(+11 =0 -2) El Torneo se jugó a un ritmo de 3+2 por 90 … Read More










 





Nau64 en ChessCom
Online


Sábado de Blitz y Shirojk1000 aprovecho!

 José Riverol 30 abril, 2023 


29/04/2023 El jugador peruano Shirok1000 ganando todas sus partidas +8 ganó el Torneo Blitz del sábado con 29 pts. El Torneo se jugó a un ritmo de 5+2 por 90 … Read More










 





Nau64 en ChessCom
Online


Gualanday imparable en el Blitz de Viernes.

 José Riverol 30 abril, 2023 


28/04/2023 El jugador colombiano Gualanday se llevo el Torneo Blitz de los Viernes con 30 pts (+10 =1 -4) en buena forma. El Torneo se jugó a un ritmo de … Read More










 





Nau64 en ChessCom
Online


El_el_Cuervo ganador del Blitz de jueves.

 José Riverol 27 abril, 2023 


27/04/2023 En apretada definición el_el_cuervo se llevó el Torneo Blitz con 15 pts, con tan solo uno de diferencia ante jugador venezolando JoelAOB, terminado el trio de premiados Lucaselbuscador. Se … Read More










 





Nau64 en ChessCom
Online


Blitz de miércoles para Brxyson!

 José Riverol 26 abril, 2023 


26/04/2023 Luego del directo del resumen del Campeonato del mundo de Ajedrez entre Ding Liren y Nepo se jugó en la plataforma de ChessCom el clásico Torneo Blitz, (Nuestro Club … Read More










 





Nau64 en ChessCom
Online
Videos


Iza Tomazzini se llevo el Bltz de lunes.

 José Riverol 24 abril, 2023 


24/04/2023 Luego del directo del Campeonato del mundo se jugó en la plataforma de ChessCom el clásico Torneo Blitz, (Nuestro Club ya cuenta con más de 2500 jugadores!) en un … Read More










 





Nau64 en ChessCom
Online
Partidas


Unefelante ganador del Blitz dominguero.

 José Riverol 23 abril, 2023 


Este domingo 23 de abril se llevó a cabo un blitz 3+2 en el club de nau64 en ChessCom. El ganador fue nuestro coocido Unefelante con 34 pts. El Torneo … Read More










 





Nau64 en ChessCom
Online


Coronamos a un nuevo PIRATA GARFIO RELOJERO

 Marcelo 27 marzo, 2023 


Este Domingo en justa lid, gualanday se coronó Campeón de el Súper Torneo PIRATA GARFIO RELOJERO, el Colombiano logra así un nuevo logro en lo referente a los Piratas,… su … Read More



1 comentario en Coronamos a un nuevo PIRATA GARFIO RELOJERO 




Posts pagination
1
2
3
Siguientes"
https://nau64.com/category/novedades/,0,"Categoría: Novedades 




 





Academia
Novedades
Torneos


Torneo de ajedrez SUB-14 del día del niño en NAU64 valido elo FIDE!

 Victoria Galatro 27 julio, 2024 


¡Se viene el torneo sub-14 del día del niño en #nau64! "
https://nau64.com/category/novedades/,1,"Sábado 10 de agosto a las 10:00 horas en Bulevar España 2586 ¡Válido para ELO FIDE! Sistema Suizo 5 … Read More










 





Academia
Clases
Entrevista
Novedades
Uruguay


Sesión Magistral del GM Georg Meier en NAU64

 Victoria Galatro 8 febrero, 2024 


El GM uruguayo Georg Meier está entre los mejores de Latinoamérica, y tendremos oportunidad de contar con su presencia en la Academia de #Ajedrez nau64 el día 11 de febrero luego de … Read More










 





Novedades


Novedades para 2023

 José Riverol 1 enero, 2023 


¡Hola amigos y alumnos de la Academia!Les contamos que, durante enero, nos tomaremos un receso. No solo descansaremos, también estaremos planificando el 2023, porque volveremos con un montón de sorpresas … Read More"
https://nau64.com/category/olimpiada/,0,"Categoría: Olimpiada 




 





Olimpiada


Uruguay Cierra con Éxito su Participación en la Olimpiada de Ajedrez

 José Riverol 22 septiembre, 2024 


Finalizó la 45ª Olimpiada de Ajedrez desarrollada en Budapest, y los equipos uruguayos lograron superar sus expectativas. En la categoría Absoluta, subieron 12 puestos, y en la categoría Femenina lograron … Read More










 





Olimpiada


India triunfa en la 45ª Olimpiada de Ajedrez, ganando tanto la sección abierta como la femenina.

 José Riverol 22 septiembre, 2024 


La India ha recorrido un largo camino desde que Vishy Anand quien allanó el camino para la nueva generación de ajedrecistas. Han surgido jóvenes talentos que han crecido hasta convertirse … Read More










 





Olimpiada


Todo o Nada: La Ronda Final con Esperanza Celeste en Budapest

 José Riverol 21 septiembre, 2024 


Estamos llegando a la final de la Olimpiada. Muchos sueños se gestaron antes del evento, mientras que otros, más experimentados, llegaron con realidades diferentes. Sin embargo, lo que nadie puede … Read More










 





Olimpiada


45ª Olimpiada de Ajedrez: India Arrasa en el Torneo Abierto; Expectativa en la Competición Femenina

 José Riverol 21 septiembre, 2024 


¡La India es imparable! El partido crucial de la Olimpiada de Ajedrez, India vs. Estados Unidos, terminó con una victoria de 2,5-1,5 para la India, lo que supone su novena … Read More










 





Olimpiada


45ª Olimpiada de Ajedrez: Estados Unidos se prepara para enfrentarse a India; Kazajstán se hace con el liderato en el evento femenino

 José Riverol 20 septiembre, 2024 


El momento culminante de la jornada fue la partida entre Gukesh D y Nodirbek Abdusattorov en el primer tablero del partido India vs. Uzbekistán. Ambos jóvenes prodigios tienen un historial … Read More










 





Olimpiada


Ronda 9 Uruguay: Un Rival Digno en la Olimpiada de Ajedrez.

 José Riverol 20 septiembre, 2024 


Se ha jugado una nueva ronda de la 45ª Olimpiada de Ajedrez “Budapest 2024”. Solo restan dos fechas para terminar y los nervios están a flor de piel. Por ejemplo, … Read More










 





Olimpiada


45ª Olimpiada de Ajedrez R08: India domina la sección abierta, enfrenta un revés en la femenina.

 José Riverol 19 septiembre, 2024 


Mientras que el equipo indio domina la sección abierta, al vencer a Irán con un impresionante marcador de 3½-½ en la octava ronda, sus compatriotas en la competición femenina sufrieron … Read More










 





Olimpiada


Uruguay Demuestra su Talento en la 8va Ronda de la Olimpiada de Ajedrez 2024

 José Riverol 19 septiembre, 2024 


Se jugó la fecha 8 de las 11 programada de la 45° Olimpiada de Ajedrez 2024 con resultados dispares para los equipos celestes. Es casi un calco de lo que … Read More










 





Olimpiada


45ª Olimpiada de Ajedrez R07: India sigue brillando y gana todas las partidas

 José Riverol 18 septiembre, 2024 


El primer movimiento ceremonial en la sección abierta de la 45ª Olimpiada de Ajedrez lo realizaron el Sr. László Bekefi, Director General de Coca-Cola HBC Hungría, y el Sr. Alexey … Read More










 





Olimpiada


El sube y baja de la celeste en la 7ma ronda de la Olimpiada de Ajedrez.

 "
https://nau64.com/category/olimpiada/,1,"José Riverol 18 septiembre, 2024 


Este miércoles 18 de septiembre se desarrolló la séptima ronda de las once pactadas en la 45ª Olimpiada de Ajedrez que se celebra en Budapest. Los equipos celestes han entrado … Read More



2 comentarios en El sube y baja de la celeste en la 7ma ronda de la Olimpiada de Ajedrez. 




Posts pagination
1
2
3
Siguientes"
https://nau64.com/category/olimpiada/page/2/,0,"Categoría: Olimpiada 




 





Olimpiada


45a Olimpiada de Ajedrez R06: India emerge como líder único en ambas secciones

 José Riverol 17 septiembre, 2024 


India llega al único día de descanso de la 45ª Olimpiada de Ajedrez como líder en solitario, tras haber ganado todos los encuentros tanto en la sección abierta como en … Read More










 





Olimpiada


Suerte impar en la 6a Ronda de la Olimpiada de Ajedrez.

 José Riverol 16 septiembre, 2024 


Hoy se desarrolló la sexta ronda de la 45ª Olimpiada de Ajedrez en Budapest. Los equipos celestes tuvieron resultados dispares: en la categoría absoluta, se ganó 3-1, como se esperaba, … Read More










 





Olimpiada


45ª Olimpiada de Ajedrez R5: Vietnam, Armenia y Mongolia dan la sorpresa!

 José Riverol 16 septiembre, 2024 


La India está sobresaliendo tanto en la sección abierta como en la femenina de la 45ª Olimpiada de Ajedrez en Budapest. "
https://nau64.com/category/olimpiada/page/2/,1,"En la sección abierta, el equipo de India derrotó … Read More










 





Olimpiada


Se fue la 5ta ronda con doble triunfo celeste!

 José Riverol 15 septiembre, 2024 


En la tarde del domingo se disputó la quinta ronda de la 45ª Olimpiada de Ajedrez Budapest 2024. A pesar de la molesta lluvia y el frío, los equipos celestes … Read More










 





Olimpiada


45ª Olimpiada de Ajedrez Ronda 4: Ucrania derrota a Estados Unidos, Vietnam vence a Uzbekistán

 José Riverol 14 septiembre, 2024 


En la cuarta ronda de la 45ª Olimpiada de Ajedrez de Budapest, Ucrania se impuso a Estados Unidos en un emocionante encuentro. Fabiano Caruana fue el primero en anotar, derrotando … Read More










 





Olimpiada


Sorpresas en la ronda 3 de la Olimpiada de Ajedrez

 José Riverol 13 septiembre, 2024 


Doble triunfo celeste.La tercera ronda fue excelente para los representantes uruguayos en la 45ª Olimpiada de Ajedrez que se está desarrollando en Budapest. En el Torneo Abierto, los celestes triunfaron … Read More










 





Olimpiada


Ronda 2 de la 45 Olimpiada de Ajedrez

 José Riverol 12 septiembre, 2024 


A medida que avanza la Olimpiada de Ajedrez, las partidas se vuelven más difíciles. En la segunda ronda, los favoritos todavía se enfrentan a equipos más débiles, pero las diferencias … Read More










 





Olimpiada


Ronda 1 de la Olimpiada de Ajedrez

 José Riverol 11 septiembre, 2024 


Hoy ha comenzado en Budapest la Olimpiada de Ajedrez con 89 partidas en la sección abierta y 81 en la sección femenina. Los favoritos se han enfrentado a oponentes más … Read More










 





Olimpiada


Inauguración de la 45 Olimpiada de Ajedrez

 José Riverol 11 septiembre, 2024 


La gran inauguración de la 45ª Olimpiada de Ajedrez tuvo lugar en el Centro Deportivo Dr. Jeno Koltai de Budapest, y reunió a miles de personas: jugadores de 194 países … Read More










 





Olimpiada


Uruguay a la Olimpiada 2024

 José Riverol 10 septiembre, 2024 


Del 10 al 23 de septiembre, en la ciudad de Budapest, Hungría, a orillas del magnìfico río Danubio, se desarrollará la 45 Olimpiada de Ajedrez.  Nota original La Diaria Este … Read More



#ajedrez#chess 




Posts pagination
Anteriores
1
2
3
Siguientes"
https://nau64.com/category/olimpiada/page/3/,0,"Categoría: Olimpiada 




 





Internacional
Olimpiada


Ascenso Meteorico.

 José Riverol 29 agosto, 2022 


Eline Roebers 🇳🇱 dieciséis años, ha tenido un ascenso meteórico en el ajedrez. Campeona mundial en línea Sub-14 (Primera jugadora holandesa en ganar un campeonato mundial juvenil en cualquier categoría.) "
https://nau64.com/category/olimpiada/page/3/,1,"… Read More










 





FUA
Internacional
Olimpiada


Participación celeste en la Olimpiada 2022 de India.

 José Riverol 20 agosto, 2022 


Ha sido un trabajo arduo, más de 12 hs de resumen con análisis de partidas de todos los competidores uruguayos, más el trabajo de edición que seguro suman el doble, … Read More










 





Entrevista
Olimpiada
Partidas


Bajo la Lupa: MI Bernardo Roselli

 José Riverol 19 agosto, 2022 


Finalizada la 44 olimpiada de Ajedrez nos hemos propuesto contactarnos con los participantes celestes, nuestro primer invitado fue el múltiple campeón uruguayo el MI Bernardo Roselli. En hora y media … Read More








Posts pagination
Anteriores
1
2
3"
https://nau64.com/category/online/,0,"Categoría: Online 




 





Online
Partidas
Torneos


Open 136 – Ronda 4 Diego Moreno domina!

 Academia Nau64 19 agosto, 2026 


El pasado lunes 10 de agosto se disputó la cuarta ronda del Torneo Estándar Open 136, marcada por dos ausencias: la de Juan Ignacio Urruty en la mesa 1 y … Read More



#ajedrez#chess#Nau64#nau64ajedrezTorneo Comment on Open 136 – Ronda 4 Diego Moreno domina! 






 





Online


1er Torneo Suizo sistema Match – Ronda 3 y 4

 Academia Nau64 19 agosto, 2026 


Ronda 3 El pasado jueves 30 de Julio se realizo la tercer ronda de este torneo rapido en nuestra academia. Solamente se jugaron dos match en esta ronda: Daniel Fuce-Gabriel … Read More



Comment on 1er Torneo Suizo sistema Match – Ronda 3 y 4 






 





FIDE
Online
Partidas
Torneos


Open 136 – Ronda 3

 Academia Nau64 6 agosto, 2026 


El pasado lunes 3 de agosto se realizó la tercera ronda del Open 136, con la participación de 16 jugadores, distribuidos en ocho partidas. Como es habitual, el evento fue … Read More



#ajedrez#chess#Nau64#nau64ajedrez#uruguayTorneo Comment on Open 136 – Ronda 3 






 





Online


Clasificatorio Final Liga Uruguaya de Ajedrez

 José Riverol 6 agosto, 2026 


Liga Uruguaya de Ajedrez 3 categorías: Absoluta, Sub-12 y Sub-16 Lugar: Casona de Punta Carretas, José Ellauri 306 – Municipio CHFecha: Domingo 16 de agostoHora de comienzo: 15:00 hsSistema de … Read More



Comment on Clasificatorio Final Liga Uruguaya de Ajedrez 






 





FIDE
Online
Partidas
Torneos


Open 136: Ronda 2

 Academia Nau64 29 julio, 2026 


El pasado lunes 27 de julio se disputó la segunda ronda del Open 136, en la que se jugaron ocho partidas. La jornada dejó varios resultados sorprendentes, ya fuera por … Read More



#ajedrez#nau64ajedrez#uruguayTorneo Comment on Open 136: Ronda 2 






 





Academia
FIDE
Online
Partidas
Sabatino
Torneos
Uruguay


MN Federico Canias Campeón del Cumpleañero de Julio

 Academia Nau64 29 julio, 2026 


El pasado sábado 25 de julio se disputó el torneo de rápidas Cumpleañero de Julio, una competencia que no solo reúne a los aficionados al ajedrez en un torneo de … Read More



#ajedrez#chess#Nau64#uruguayTorneo Comment on MN Federico Canias Campeón del Cumpleañero de Julio 






 





Online


La vuelta triunfal de Leonel Recine!

 Charlie Posada 8 junio, 2026 


El sábado 6 de junio se jugó en la Academia Nau64 un torneo de rápidas a ritmo de 10+5 en 5 rondas, válido para el ELO FIDE, con amplia participación … Read More










 





Online


Eduardo Elena, el campeón sin corona de Pando: hazaña histórica y clasificación olímpica

 Academia Nau64 5 abril, 2026 


Por Federico Esteve Hay historias que el ajedrez guarda durante décadas y actuaciones que, aunque no terminen con el trofeo del primer puesto, marcan un antes y un después. Esta … Read More



#ajedrez#AjedrezNacional#AjedrezUruguayo#chess#ClubSolisDePando#DeporteUruguayo#EduardoElena#FUA#MentalidadDeCrecimiento#OlimpiadaDeAjedrez2026#PandoCanelones#TalentoLocal 






 





Online


Nicolás Kulik arrasa en el sabatino de la Academia

 José Riverol 30 marzo, 2026 


Con un impecable 5 en 5, el joven campeón uruguayo Sub-18 Nicolás Kulik se consagró en el tradicional sabatino de la Academia. En esta ocasión lo acompañaron en el podio … Read More










 





Online


Fernández imparable: campeón con puntaje perfecto en el Sabatino Rápido.

 "
https://nau64.com/category/online/,1,"José Riverol 22 febrero, 2026 


En la tarde del sábado 7 de febrero, el ajedrez volvió a ser protagonista con un Torneo Sabatino Rápido válido para el Elo FIDE, que reunió a 20 participantes en … Read More








Posts pagination
1
2
…
33
Siguientes"
https://nau64.com/category/partidas/,0,"Categoría: Partidas 




 





FIDE
Partidas
Torneos
Videos


Diego Moreno arrasa y se consagra Campeón del Open 136

 Academia Nau64 21 agosto, 2026 


El pasado lunes 17 de agosto finalizó el Open 136 de nau64, que consagró a Diego Moreno como campeón absoluto. La quinta y última ronda se disputó con dos ausencias … Read More



#ajedrez#chess#nau64ajedrez#uruguayTorneo Comment on Diego Moreno arrasa y se consagra Campeón del Open 136 






 





Partidas
Sabatino
Torneos


Gian Franco imparable en rápidas, Gustavo se adueña del blitz.

 Academia Nau64 19 agosto, 2026 


Este sábado 15 de agosto la Academia Nau64 volvió a vibrar con los tradicionales torneos de Rápidas y Blitz, que reunieron a una gran cantidad de jugadores en un ambiente … Read More



#ajedrez#chess#Nau64#nau64ajedrezTorneo Comment on Gian Franco imparable en rápidas, Gustavo se adueña del blitz. 






 





Online
Partidas
Torneos


Open 136 – Ronda 4 Diego Moreno domina!

 "
https://nau64.com/category/partidas/,1,"Academia Nau64 19 agosto, 2026 


El pasado lunes 10 de agosto se disputó la cuarta ronda del Torneo Estándar Open 136, marcada por dos ausencias: la de Juan Ignacio Urruty en la mesa 1 y … Read More



#ajedrez#chess#Nau64#nau64ajedrezTorneo Comment on Open 136 – Ronda 4 Diego Moreno domina! 






 





FIDE
Partidas
Sabatino
Torneos


Doble consagración: Rivas Puch gana Rápidas y Blitz.

 Academia Nau64 11 agosto, 2026 


El pasado sábado 8 de agosto nuestra academia fue sede de los tradicionales torneos de Rápidas y Blitz, que reunieron a una gran cantidad de jugadores en un ambiente competitivo … Read More



#ajedrez#Nau64#nau64ajedrez#uruguayTorneo Comment on Doble consagración: Rivas Puch gana Rápidas y Blitz. 






 





FIDE
Online
Partidas
Torneos


Open 136 – Ronda 3

 Academia Nau64 6 agosto, 2026 


El pasado lunes 3 de agosto se realizó la tercera ronda del Open 136, con la participación de 16 jugadores, distribuidos en ocho partidas. Como es habitual, el evento fue … Read More



#ajedrez#chess#Nau64#nau64ajedrez#uruguayTorneo Comment on Open 136 – Ronda 3 






 





FIDE
Partidas
Sabatino
Torneos
Uruguay


MN Benjamin Martello arrasa en los torneos rapidos y blitz

 Academia Nau64 6 agosto, 2026 


El pasado fin de semana se realizaron los tradicionales torneos de Blitz y Rápidas, como ya es costumbre en nuestra academia. En esta ocasión participaron dos jugadores extranjeros: Félix Isaiah, … Read More



#ajedrez#chess#nau64ajedrez#uruguay Comment on MN Benjamin Martello arrasa en los torneos rapidos y blitz 






 





Academia
Partidas
Torneos


1er Torneo Suizo sistema Match – Rondas 1 y 2

 Academia Nau64 29 julio, 2026 


Los días jueves se está disputando un torneo suizo en formato match a dos partidas, es decir, una partida de ida y otra de vuelta, bajo un ritmo de juego … Read More



Comment on 1er Torneo Suizo sistema Match – Rondas 1 y 2 






 





FIDE
Online
Partidas
Torneos


Open 136: Ronda 2

 Academia Nau64 29 julio, 2026 


El pasado lunes 27 de julio se disputó la segunda ronda del Open 136, en la que se jugaron ocho partidas. La jornada dejó varios resultados sorprendentes, ya fuera por … Read More



#ajedrez#nau64ajedrez#uruguayTorneo Comment on Open 136: Ronda 2 






 





Academia
FIDE
Online
Partidas
Sabatino
Torneos
Uruguay


MN Federico Canias Campeón del Cumpleañero de Julio

 Academia Nau64 29 julio, 2026 


El pasado sábado 25 de julio se disputó el torneo de rápidas Cumpleañero de Julio, una competencia que no solo reúne a los aficionados al ajedrez en un torneo de … Read More



#ajedrez#chess#Nau64#uruguayTorneo Comment on MN Federico Canias Campeón del Cumpleañero de Julio 






 





Academia
FIDE
Partidas
Torneos
Uruguay


Open 136: Ronda 1

 Academia Nau64 27 julio, 2026 


El pasado lunes 20 de julio dio comienzo el Open 136, un torneo suizo a cinco rondas, en modalidad estándar, con un ritmo de juego de 60 minutos por jugador … Read More



#ajedrez#nau64ajedrez#uruguay Comment on Open 136: Ronda 1 




Posts pagination
1
2
…
8
Siguientes"
https://nau64.com/category/sabatino/,0,"Categoría: Sabatino 




 





Partidas
Sabatino
Torneos


Gian Franco imparable en rápidas, Gustavo se adueña del blitz.

 Academia Nau64 19 agosto, 2026 


Este sábado 15 de agosto la Academia Nau64 volvió a vibrar con los tradicionales torneos de Rápidas y Blitz, que reunieron a una gran cantidad de jugadores en un ambiente … Read More



#ajedrez#chess#Nau64#nau64ajedrezTorneo Comment on Gian Franco imparable en rápidas, Gustavo se adueña del blitz. 






 





FIDE
Partidas
Sabatino
Torneos


Doble consagración: Rivas Puch gana Rápidas y Blitz.

 Academia Nau64 11 agosto, 2026 


El pasado sábado 8 de agosto nuestra academia fue sede de los tradicionales torneos de Rápidas y Blitz, que reunieron a una gran cantidad de jugadores en un ambiente competitivo … Read More



#ajedrez#Nau64#nau64ajedrez#uruguayTorneo Comment on Doble consagración: Rivas Puch gana Rápidas y Blitz. 






 





FIDE
Partidas
Sabatino
Torneos
Uruguay


MN Benjamin Martello arrasa en los torneos rapidos y blitz

 Academia Nau64 6 agosto, 2026 


El pasado fin de semana se realizaron los tradicionales torneos de Blitz y Rápidas, como ya es costumbre en nuestra academia. En esta ocasión participaron dos jugadores extranjeros: Félix Isaiah, … Read More



#ajedrez#chess#nau64ajedrez#uruguay Comment on MN Benjamin Martello arrasa en los torneos rapidos y blitz 






 





Academia
FIDE
Online
Partidas
Sabatino
Torneos
Uruguay


MN Federico Canias Campeón del Cumpleañero de Julio

 Academia Nau64 29 julio, 2026 


El pasado sábado 25 de julio se disputó el torneo de rápidas Cumpleañero de Julio, una competencia que no solo reúne a los aficionados al ajedrez en un torneo de … Read More



#ajedrez#chess#Nau64#uruguayTorneo Comment on MN Federico Canias Campeón del Cumpleañero de Julio 






 





FIDE
Partidas
Sabatino
Torneos
Uruguay


Sorpresa: Miguel Pinto y Daniel Kaciusis Campeones

 Academia Nau64 15 julio, 2026 


El sábado 11 de julio se disputaron, como ya es tradición, los torneos de Rápidas y Blitz en Nuestra Academia ambos eventos fueron validos para el ELO FIDE, con la … Read More



#nau64ajedrez#uruguayTorneo 






 





Academia
Sabatino
Torneos


CM Tabare Bustelo y Miguel Pinto, Campeones del sabatino

 Academia Nau64 7 julio, 2026 


Este sábado 4 de julio se disputaron, como ya es tradición en la academia, los torneos sabatinos de Rápidas y Blitz, ambos válidos para el rating ELO FIDE. El torneo … Read More










 





FIDE
Partidas
Sabatino
Torneos
Uruguay


Juan Esquibel ganó el sabatino rápido

 Academia Nau64 1 julio, 2026 


El sábado 27 de junio se llevó a cabo el tradicional Torneo Cumpleañero de partidas rápidas, como es costumbre, el último sábado de cada mes, celebrando a los jugadores que … Read More



#ajedrez#nau64ajedrez#uruguayTorneo 






 





Partidas
Sabatino
Torneos
Uruguay


Franco Ugarte y Bruno Escardo, Campeones en los Sabatinos

 Academia Nau64 27 junio, 2026 


Este sábado 20 de Junio, se disputaron los torneos sabatinos de rápidas y blitz. "
https://nau64.com/category/sabatino/,1,"En esta ocasión, no fueron válidos para Elo FIDE, como es tradicional, debido a que se … Read More



#ajedrez#chess#Nau64#uruguayTorneo 






 





Sabatino
Torneos


Alexandro Silva y Charlie Posada ganadores del sabatino

 Academia Nau64 21 junio, 2026 


En una tarde de mucho ajedrez, los mejores jugadores se presentaron en la academia para participar en los torneos sabatinos de Rápidas y Blitz. Los ganadores fueron Alexandro Silva en … Read More



#ajedrez#chess#Nau64#nau64ajedrezTorneo 






 





Sabatino
Torneos


1° Abierto Rápido Club Español

 José Riverol 15 junio, 2026 


En una tarde propicia para la práctica del deporte ciencia, el Club Español abrió sus puertas para albergar una vez más, y después de mucho tiempo, un torneo de ajedrez … Read More



#ajedrez#Nau64#uruguayTorneo 




Posts pagination
1
2
Siguientes"
https://nau64.com/category/tactica/,0,"Categoría: Tactica 




 





Entrenamiento
Tactica


Reta tu Mente: Ejercicios de Ajedrez .

 Enigmatico 16 enero, 2025 


¡Hola de nuevo! Siguiendo la línea del primer artículo Nuevo Año: Hábitos que Transforman tu Juego , que si aún no lo has leído te recomiendo hacerlo, quiero compartir contigo … Read More



#ajedrez#chess#chesspunks#nau64ajedrezEntrenamientoTáctica 1 comentario en Reta tu Mente: Ejercicios de Ajedrez . 






 





Historia
Tactica


Combinación búlgara!

 José Riverol 24 mayo, 2024 


Hoy es el cumpleaños del Gran Maestro Krum Georgiev, nacido en Pazardzhik, Bulgaria, el 24 de mayo de 1958. Krum se convirtió en campeón juvenil de Bulgaria en 1977 y … Read More










 





FIDE
Tactica
Uruguay


Semifinal 2024 – Femenina – Ronda 3

 Enigmatico 17 febrero, 2024 


Pasamos el ecuador del torneo y solo quedan dos rondas para saber quienes son las finalistas del uruguayo Femenino 2024. "
https://nau64.com/category/tactica/,1,"Interesantes posiciones se producieron en esta ronda. En esta posición … Read More



#chess#fuajedrez#Nau64#nau64ajedrez#uruguayTáctica 






 





Tactica
Uruguay


Semifinal 2024 – Femenina – Ronda 2

 Enigmatico 17 febrero, 2024 


Sigue desarollándose en las instalaciones del club Nau64 la semifinal 2024 Femenina. El club cuenta con instalaciones únicas en el pais ideal para desarrollar este tipo de torneos. Al estar … Read More



#chess#fuajedrez#Nau64#nau64ajedrez#uruguayTáctica 






 





Tactica


El Mañanero 2756

 José Riverol 1 agosto, 2023 


Las negras pasan al contraataque y quedan con ventaja, ¿Puedes encontrar la solución? #Ajedrez #Puzzle










 





Tactica
Videos


El Mañanero 2755

 José Riverol 31 julio, 2023 


Ejercicio de Táctica – Juegan las blancas. Entrando al video se puede ver la solucion.










 





Tactica
Videos


El Mañanero 2754

 José Riverol 30 julio, 2023 


Estamos en la olimpiada del 2014 y el ahora jugador uruguayo GM George Meier da cuenta de la leyenda GM Gata Kamsky. ¿Tu serás capaz de encontrar la mejor jugada … Read More










 





Tactica
Videos


El Mañanero 2753

 José Riverol 29 julio, 2023 


El niño Anton con piezas negras realiza una excelente jugada que lo deja en posición ganadora ante el ex campéón mundial Topalov. ¿Podrás hallarla?No te olvides de darle seguir al Twitter – Instagram … Read More










 





Tactica
Videos


El Mañanero 2752

 José Riverol 28 julio, 2023 


La posición del diagrama es tomada de una partida que Nakamura venció a Rapport en el GP FIDE de Sharjah 2017. Las blancas parecen tener problemas por el peligroso Peón … Read More










 





Tactica
Videos


El Mañanero 2751

 José Riverol 27 julio, 2023 


El GM Esloveno-Yugoslavo Albin Planic con las piezas negras realiza en esta posición una jugada que le da ventaja decisiva, ¿Podrás encontrar la solución? La solución la puedes ver en … Read More








Posts pagination
1
2
…
18
Siguientes"
https://nau64.com/category/torneos/,0,"Categoría: Torneos 




 





FIDE
Partidas
Torneos
Videos


Diego Moreno arrasa y se consagra Campeón del Open 136

 Academia Nau64 21 agosto, 2026 


El pasado lunes 17 de agosto finalizó el Open 136 de nau64, que consagró a Diego Moreno como campeón absoluto. La quinta y última ronda se disputó con dos ausencias … Read More



#ajedrez#chess#nau64ajedrez#uruguayTorneo Comment on Diego Moreno arrasa y se consagra Campeón del Open 136 






 





Torneos


La Casona vibró con ajedrez y tres campeones de Cerro.

 Academia Nau64 19 agosto, 2026 


El pasado domingo 16 de agosto, la histórica Casona del Municipio CH fue escenario de un vibrante torneo clasificatorio rumbo a la Final de la Liga Uruguaya de Ajedrez por … Read More



#ajedrez#chess#uruguayTorneo Comment on La Casona vibró con ajedrez y tres campeones de Cerro. 






 





Partidas
Sabatino
Torneos


Gian Franco imparable en rápidas, Gustavo se adueña del blitz.

 "
https://nau64.com/category/torneos/,1,"Academia Nau64 19 agosto, 2026 


Este sábado 15 de agosto la Academia Nau64 volvió a vibrar con los tradicionales torneos de Rápidas y Blitz, que reunieron a una gran cantidad de jugadores en un ambiente … Read More



#ajedrez#chess#Nau64#nau64ajedrezTorneo Comment on Gian Franco imparable en rápidas, Gustavo se adueña del blitz. 






 





Online
Partidas
Torneos


Open 136 – Ronda 4 Diego Moreno domina!

 Academia Nau64 19 agosto, 2026 


El pasado lunes 10 de agosto se disputó la cuarta ronda del Torneo Estándar Open 136, marcada por dos ausencias: la de Juan Ignacio Urruty en la mesa 1 y … Read More



#ajedrez#chess#Nau64#nau64ajedrezTorneo Comment on Open 136 – Ronda 4 Diego Moreno domina! 






 





FIDE
Partidas
Sabatino
Torneos


Doble consagración: Rivas Puch gana Rápidas y Blitz.

 Academia Nau64 11 agosto, 2026 


El pasado sábado 8 de agosto nuestra academia fue sede de los tradicionales torneos de Rápidas y Blitz, que reunieron a una gran cantidad de jugadores en un ambiente competitivo … Read More



#ajedrez#Nau64#nau64ajedrez#uruguayTorneo Comment on Doble consagración: Rivas Puch gana Rápidas y Blitz. 






 





FIDE
Online
Partidas
Torneos


Open 136 – Ronda 3

 Academia Nau64 6 agosto, 2026 


El pasado lunes 3 de agosto se realizó la tercera ronda del Open 136, con la participación de 16 jugadores, distribuidos en ocho partidas. Como es habitual, el evento fue … Read More



#ajedrez#chess#Nau64#nau64ajedrez#uruguayTorneo Comment on Open 136 – Ronda 3 






 





FIDE
Partidas
Sabatino
Torneos
Uruguay


MN Benjamin Martello arrasa en los torneos rapidos y blitz

 Academia Nau64 6 agosto, 2026 


El pasado fin de semana se realizaron los tradicionales torneos de Blitz y Rápidas, como ya es costumbre en nuestra academia. En esta ocasión participaron dos jugadores extranjeros: Félix Isaiah, … Read More



#ajedrez#chess#nau64ajedrez#uruguay Comment on MN Benjamin Martello arrasa en los torneos rapidos y blitz 






 





Academia
Partidas
Torneos


1er Torneo Suizo sistema Match – Rondas 1 y 2

 Academia Nau64 29 julio, 2026 


Los días jueves se está disputando un torneo suizo en formato match a dos partidas, es decir, una partida de ida y otra de vuelta, bajo un ritmo de juego … Read More



Comment on 1er Torneo Suizo sistema Match – Rondas 1 y 2 






 





FIDE
Online
Partidas
Torneos


Open 136: Ronda 2

 Academia Nau64 29 julio, 2026 


El pasado lunes 27 de julio se disputó la segunda ronda del Open 136, en la que se jugaron ocho partidas. La jornada dejó varios resultados sorprendentes, ya fuera por … Read More



#ajedrez#nau64ajedrez#uruguayTorneo Comment on Open 136: Ronda 2 






 





Academia
FIDE
Online
Partidas
Sabatino
Torneos
Uruguay


MN Federico Canias Campeón del Cumpleañero de Julio

 Academia Nau64 29 julio, 2026 


El pasado sábado 25 de julio se disputó el torneo de rápidas Cumpleañero de Julio, una competencia que no solo reúne a los aficionados al ajedrez en un torneo de … Read More



#ajedrez#chess#Nau64#uruguayTorneo Comment on MN Federico Canias Campeón del Cumpleañero de Julio 




Posts pagination
1
2
…
12
Siguientes"
https://nau64.com/category/uruguay/,0,"Categoría: Uruguay 




 





FIDE
Partidas
Sabatino
Torneos
Uruguay


MN Benjamin Martello arrasa en los torneos rapidos y blitz

 Academia Nau64 6 agosto, 2026 


El pasado fin de semana se realizaron los tradicionales torneos de Blitz y Rápidas, como ya es costumbre en nuestra academia. En esta ocasión participaron dos jugadores extranjeros: Félix Isaiah, … Read More



#ajedrez#chess#nau64ajedrez#uruguay Comment on MN Benjamin Martello arrasa en los torneos rapidos y blitz 






 





Academia
FIDE
Online
Partidas
Sabatino
Torneos
Uruguay


MN Federico Canias Campeón del Cumpleañero de Julio

 Academia Nau64 29 julio, 2026 


El pasado sábado 25 de julio se disputó el torneo de rápidas Cumpleañero de Julio, una competencia que no solo reúne a los aficionados al ajedrez en un torneo de … Read More



#ajedrez#chess#Nau64#uruguayTorneo Comment on MN Federico Canias Campeón del Cumpleañero de Julio 






 





Academia
FIDE
Partidas
Torneos
Uruguay


Open 136: Ronda 1

 Academia Nau64 27 julio, 2026 


El pasado lunes 20 de julio dio comienzo el Open 136, un torneo suizo a cinco rondas, en modalidad estándar, con un ritmo de juego de 60 minutos por jugador … Read More



#ajedrez#nau64ajedrez#uruguay Comment on Open 136: Ronda 1 






 





FIDE
Partidas
Sabatino
Torneos
Uruguay


Sorpresa: Miguel Pinto y Daniel Kaciusis Campeones

 Academia Nau64 15 julio, 2026 


El sábado 11 de julio se disputaron, como ya es tradición, los torneos de Rápidas y Blitz en Nuestra Academia ambos eventos fueron validos para el ELO FIDE, con la … Read More



#nau64ajedrez#uruguayTorneo 






 





Academia
FIDE
Partidas
Torneos
Uruguay


II Amateur Sub 1600 de NAU 64

 Academia Nau64 12 julio, 2026 


Este jueves 2 de julio finalizó el Segundo Torneo de Rápidas Sub-1600. La competencia se disputó a razón de una ronda por jueves, con un ritmo de juego de 20 … Read More



#ajedrez#nau64ajedrez#uruguayTorneo 






 





FIDE
Partidas
Sabatino
Torneos
Uruguay


Juan Esquibel ganó el sabatino rápido

 Academia Nau64 1 julio, 2026 


El sábado 27 de junio se llevó a cabo el tradicional Torneo Cumpleañero de partidas rápidas, como es costumbre, el último sábado de cada mes, celebrando a los jugadores que … Read More



#ajedrez#nau64ajedrez#uruguayTorneo 






 





Partidas
Sabatino
Torneos
Uruguay


Franco Ugarte y Bruno Escardo, Campeones en los Sabatinos

 Academia Nau64 27 junio, 2026 


Este sábado 20 de Junio, se disputaron los torneos sabatinos de rápidas y blitz. "
https://nau64.com/category/uruguay/,1,"En esta ocasión, no fueron válidos para Elo FIDE, como es tradicional, debido a que se … Read More



#ajedrez#chess#Nau64#uruguayTorneo 






 





Academia
Nau64 en ChessCom
Partidas
Torneos
Uruguay
Videos


Fiesta de ajedrez en Nau64: Torneo para No Rankeados y Sub-1600

 José Riverol 26 febrero, 2026 


Del 13 al 15 de febrero, nuestra academia Nau64 Chess Club se vistió de gala para recibir el primer Torneo destinado a jugadores No Rankeados y Sub-1600 de Elo. Fueron … Read More



#ajedrez#chess#Nau64#nau64ajedrez#uruguay 






 





Academia
FIDE
Finales
FUA
Online
Partidas
Torneos
Uruguay
Videos


Culminaron los cuartos de final serie B del Club Cerro

 Bryan Lopez 4 febrero, 2026 


Del 23 al 25 de enero se llevó a cabo los cuartos de final serie B del Club Cerro, se jugó a ritmo standard 60 minutos + 30 segundos de … Read More



#ajedrez#chess#fuajedrez#nau64ajedrezTorneo 






 





FIDE
Finales
FUA
Nau64 en ChessCom
Online
Partidas
Torneos
Uruguay
Videos


Culminaron los cuartos de final serie A del Club Cerro

 Bryan Lopez 3 febrero, 2026 


Del 5 al 19 de enero se llevó a cabo los cuartos de final serie A del Club Cerro, se jugó a ritmo standard 60 minutos + 30 segundos de … Read More



#ajedrez#chess#fuajedrez#nau64ajedrezTorneo 




Posts pagination
1
2
3
Siguientes"
https://nau64.com/category/videos/,0,"Categoría: Videos 




 





FIDE
Partidas
Torneos
Videos


Diego Moreno arrasa y se consagra Campeón del Open 136

 Academia Nau64 21 agosto, 2026 


El pasado lunes 17 de agosto finalizó el Open 136 de nau64, que consagró a Diego Moreno como campeón absoluto. La quinta y última ronda se disputó con dos ausencias … Read More



#ajedrez#chess#nau64ajedrez#uruguayTorneo Comment on Diego Moreno arrasa y se consagra Campeón del Open 136 






 





Curiosidades
Historia
Historias de Ajedrez
Videos


Joyita de Victor el terrible!

 José Riverol 23 abril, 2026 


Víktor Kortchnoi, apodado “El Terrible Víctor”, fue uno de los grandes luchadores de la historia del ajedrez, famoso por su estilo combativo y su longevidad en la élite. "
https://nau64.com/category/videos/,1,"En el … Read More










 





Academia
Nau64 en ChessCom
Partidas
Torneos
Uruguay
Videos


Fiesta de ajedrez en Nau64: Torneo para No Rankeados y Sub-1600

 José Riverol 26 febrero, 2026 


Del 13 al 15 de febrero, nuestra academia Nau64 Chess Club se vistió de gala para recibir el primer Torneo destinado a jugadores No Rankeados y Sub-1600 de Elo. Fueron … Read More



#ajedrez#chess#Nau64#nau64ajedrez#uruguay 






 





Academia
FIDE
Finales
FUA
Online
Partidas
Torneos
Uruguay
Videos


Culminaron los cuartos de final serie B del Club Cerro

 Bryan Lopez 4 febrero, 2026 


Del 23 al 25 de enero se llevó a cabo los cuartos de final serie B del Club Cerro, se jugó a ritmo standard 60 minutos + 30 segundos de … Read More



#ajedrez#chess#fuajedrez#nau64ajedrezTorneo 






 





FIDE
Finales
FUA
Nau64 en ChessCom
Online
Partidas
Torneos
Uruguay
Videos


Culminaron los cuartos de final serie A del Club Cerro

 Bryan Lopez 3 febrero, 2026 


Del 5 al 19 de enero se llevó a cabo los cuartos de final serie A del Club Cerro, se jugó a ritmo standard 60 minutos + 30 segundos de … Read More



#ajedrez#chess#fuajedrez#nau64ajedrezTorneo 






 





Academia
FIDE
Internacional
Partidas
Sabatino
Torneos
Videos


Benjamín Martello se llevó el Sabatino rápido de nau64

 Bryan Lopez 28 enero, 2026 


El pasado Sabado 17 de enero Benjamín Martello se consagró campeón del Sabatino Rápido de Nau64.El torneo, disputado en Montevideo bajo el sistema suizo a 5 rondas y ritmo de … Read More



#ajedrez#chess#nau64ajedrez#uruguayTorneo 






 





Academia
Partidas
Torneos
Uruguay
Videos


Final del Festival de Reyes 2026

 José Riverol 27 enero, 2026 


XVII Festival de Reyes – Academia NAU64 Entre el 9 y el 11 de enero se llevó a cabo en la Academia NAU64 la XVII edición del tradicional Festival de … Read More










 





Academia
FIDE
Internacional
Partidas
Torneos
Videos


Emanuel Jesus Se llevó el XXI aniversario Open de nau64

 Bryan Lopez 29 diciembre, 2025 


En Nau64, los días 20 y 21 de diciembre se desarrolló el XXI Aniversario de nuestra academia. Este evento constó de tres torneos. Uno de ellos fue el Torneo Aniversario … Read More



#ajedrez#chess#nau64ajedrezInternacionalTorneo 






 





Academia
Online
Partidas
Torneos
Videos


Matteo Reyes se llevó el XXI Aniversario sub-14 de Nau64

 Bryan Lopez 26 diciembre, 2025 


En la Academia Nau64, los días 20 y 21 de diciembre se desarrolló el XXI Aniversario de nuestra academia. Este evento constó de tres torneos. El primero de ellos fue … Read More



#ajedrez#chess#nau64ajedrezTorneo 






 





FIDE
Partidas
Sabatino
Torneos
Videos


El Campeón Uruguayo sub20, conquista el Sabatino Rápido de Nau64!

 Bryan Lopez 11 diciembre, 2025 


El Campeón Uruguayo sub20 Benjamín Martello se consagró campeón del Sabatino Rápido de Nau64, El torneo, disputado el 6 de diciembre en Montevideo bajo el sistema suizo a 5 rondas … Read More








Posts pagination
1
2
…
4
Siguientes"
https://nau64.com/clases-ajedrez/,0,"Academia
Clases
Online


Clases de Ajedrez para todos los niveles

 José Riverol 21 febrero, 2023 


Brindamos clases para todos los niveles: principiantes, intermedios, avanzados y para niños.
Las clases pueden ser individuales, o grupales, ya sea presenciales, virtuales o híbridas. 
"
https://nau64.com/clases-ajedrez/,1,"Contamos con un equipo docente de alto nivel y una academia de puertas abiertas donde los alumnos pueden concurrir a jugar, estudiar y compartir buenos momentos.Tenemos plataforma propia de la Academia, en donde los alumnos pueden jugar libremente entre ellos o con bot, realizar ejercicios, tomar las clases, recibir simultaneas y competir en Torneos.

Promociones:

50% de descuento en la Academia de Puertas Abiertas. Aquellos alumnos que se inscriban a clases antes del 30 de abril de 2023, tienen tres meses de acceso gratuito.
Descuentos en Torneos FIDE y otros.

Por información:
092 321 600099 556 123


Calendario de Clases 2023 

Maestros de la Academia Nau64 Chess Club
Maestro FIDE José Riverol 
Clases grupales híbridas nivel Medio Avanzado: Lunes 18:30 hs.Clases Grupales híbridas nivel Medio los jueves 20:00 hs.Clases Grupales híbridas nivel inicial medio los martes 19:15 hs.  
Creador y director de la Academia Nau64, abierta desde 2004.Docente de ajedrez en instituciones educativas de nivel escolar desde 1986Tallerista de ajedrez en AUTE.Docente de ajedrez de todos los niveles.Entrenador de ajedrez de nivel avanzado. Organizador de eventos de Ajedrez y Arbitro desde 1989Streamer oficial en chess.comCreador y administrador del club Nau64 en la plataforma chess.com desde 2011.Creador y administrador del club Uruguay Open en la plataforma chess.com desde 2019.Director de la Revista Nuestro Ajedrez desde 1995 a 2002. Títulos ante la Federación Uruguaya de Ajedrez y la Federación Internacional de Ajedrez.2009 – Federación Internacional de Ajedrez (Link a la Federación Internacional de Ajedrez: http://ratings.fide.com/card.phtml?event=3000427 )Maestro Nacional  de Ajedrez desde el año 1993 – Federación Uruguaya de AjedrezRanking Nacional Top 2402, Internacional 2304 (2009-2022)Arbitro Nacional de Ajedrez desde 1989Arbitro de FIDE (Federación Internacional de Ajedrez) – 2008







Clases 




Navegación de entradas
TRUENOS en el TABLERO acá toda la información de el Lunes de la TERCERA SEMANALos 5 de martes."
https://nau64.com/clases-online/,0,"Academia
Clases
Online


Clases online de Ajedrez

 José Riverol 6 mayo, 2025 


♟️♟️♟️
¡Te ofrecemos una plataforma interactiva donde tú eres el protagonista!







Contamos con una plataforma especializada en la enseñanza de ajedrez, lo cual hace sencillo su manejo desde un PC, tablet o inclusive celular. (No es zoom), en la cual los alumnos pueden resolver problemas, interactuar con el docente en forma individual, jugar y participar en torneos online.


📣Metodología

Todas las clases están a cargo del Maestro FIDE José Riverol con más de 30 años en experiencia en la enseñanza del Ajedrez.
Las clases se dictan desde las instalaciones de nuestra academia, donde también participan alumnos en forma presencial.
"
https://nau64.com/clases-online/,1,"Todas las clases son grabadas en video para que los alumnos la puedan repasar tantas veces como lo deseen y para quienes en algún momento tienen que ausentarse.
Se cuenta con acceso a material en formato PDF con detalles del contenido dictado en la clase y ejercicios prácticos, a traves de moodle.


Niveles de Clases

Nivel Iniciados: Dirigida a aquellos que recién comienzan o iniciaron sus primeras armas ajedrecísticas. 
Nivel Medio: Para los que ya tienen un conocimiento y quieren empezar a mejorar en su nivel de entendimiento.
Estudio de las Aperturas: Todas las semanas descubrimos una nueva variante o línea de apertura para ampliar nuestro repertorio.
Nivel ELITE: Dirigida a los de nivel más avanzado que ya tienen una experiencia en el juego, queriendo mejorar en todas las fases del juego.

Consultá el calendario de actividades 2025.

La membresía online incluye 50% de descuento en todas las actividades presenciales. Para acceder al grupo de ELITE se requiere un pago de cuota adicional, y la previa autorización del docente.

📬Inscripciones y Consultas
🟢 Teléfonos: +092 321 600 / 099 556 123
🟡 Correo: nau64ajedrez@gmail.com
Contáctanos por whatsapp  


O bien déjanos tus datos y te responderemos a la brevedad.
Nombre y Apellido *Ingresa tu nombre y apellidoCorreo Electrónico *Ingresa tu correo electrónicoTeléfonoIngresa tu teléfonoPaísIngresa tu país de origenID FIDESi lo tienes, indica tu ID en FIDE. Nos ayudará a conocer tu nivel ajedrecístico actual.Usuario de Chess.comSi lo tienes, indica tu usuario de chess.com. Nos ayudará a conocer tu nivel ajedrecístico actual.Usuario de LichessSi lo tienes, indica tu usuario de lichess. Nos ayudará a conocer tu nivel ajedrecístico actual.¿Qué te gustaría saber?Ingresa tu consultaEnvíar solicitud










Navegación de entradas
Clases de Ajedrez para NiñosFabulosa Liga ATRACO"
https://nau64.com/clases-para-ninos/,0,"Academia
Clases


Clases de Ajedrez para Niños

 Victoria Galatro 17 abril, 2025 


♟️♟️♟️
El ajedrez es mucho más que un juego: es una herramienta poderosa para desarrollar habilidades cognitivas, emocionales y sociales desde la infancia. En Nau64, ofrecemos clases diseñadas especialmente para niños, en un espacio educativo, divertido, seguro y estimulante.


¿Por qué los niños deberían aprender a jugar al ajedrez?
El ajedrez no solo ayuda al desarrollo de las capacidades cognitivas sino que beneficia socialmente al niño, dándole madurez de caracter y contribuyendo rotundamente a mejorar su rendimiento escolar



¡Sumate a nuestras clases y regalale a tu hijo una herramienta para toda la vida!



🎯Beneficios del ajedrez para los niños

Mejora la concentración, la memoria y la atención
Desarrolla el pensamiento lógico y la toma de decisiones
Estimula la creatividad y la resolución de problemas
Fomenta la tolerancia a la frustración, la paciencia, la disciplina y el respeto
Refuerza la autoestima y la confianza



📣Metodología

No son necesarios conocimientos previos.
Las clases están dirigidas a niños de diferentes niveles y edades.
"
https://nau64.com/clases-para-ninos/,1,"Nuestros profesores de ajedrez cuentan con formación docente, lo que les permite enseñar de forma clara, efectiva y adaptada a cada edad.
Las clases pueden ser presenciales, y también contamos con una plataforma exclusiva y única para la enseñanza online de ajedrez, fácil de manejar desde un PC, tablet o inclusive celular. (No es zoom).
No se requiere traer material de juego, solo ganas de aprender jugando.


⏰Horarios de Clase
GrupoHorariosProfesorTaller de AjedrezSábados de 11:00 a 12:15Nikolai Yakes  y Charlie PosadaAvanzadosSábados de 14:00 a 16:00Nikolai Yakes  y Charlie PosadaTaller de AjedrezLunes, Martes y Viernes de 18:00 a 20:00Nikolay Yakes y Charlie PosadaOnlineHorarios a ConfirmarMF Jose Riverol

📬Inscripciones y Consultas
Contáctanos por whatsapp  


🟢 Teléfonos: +092 321 600 / 099 556 123
🟡 Correo: nau64ajedrez@gmail.com
O bien déjanos tus datos y te responderemos a la brevedad.
Nombre y Apellido *Ingresa tu nombre y apellidoCorreo Electrónico *Ingresa tu correo electrónicoTeléfonoIngresa tu teléfonoPaísIngresa tu país de origen¿Qué te gustaría saber?Ingresa tu consulta Envíar solicitud








Navegación de entradas
La IntuiciónClases online de Ajedrez"
https://nau64.com/con-solo-13-anos-conquista-el-sabatino-rapido-de-nau64/,0,"Online


Con solo 13 años, conquista el Sabatino Rápido de Nau64!

 José Riverol 25 noviembre, 2025 


El joven talento de 13 años Federico Canias se consagró campeón del Sabatino Rápido de Nau64, marcando un triunfo inolvidable para la nueva generación del club.El torneo, disputado el 22 de noviembre en Montevideo bajo el sistema suizo a 5 rondas y ritmo de 10+5, reunió a jugadores de todas las edades en un ambiente competitivo y cálido.Campeón absoluto: nuestro joven representante de 13 años, que brilló con gran madurez y se llevó el primer puesto Federico Canias.2º lugar: Ernesto Blanco, con una sólida actuación.3º lugar: Agustina Silva, invicta y además ganadora del premio Femenino.Mejor No Rankeado: Marcos Muñoz, premiado por su desempeño en su primera participación oficial. En la parte inferior de la nota se podrá ver El cuadro de posiciones completo.Las partidas de las mesas 1 y 2 jugadas en nuestros tableros DGT.
"
https://nau64.com/con-solo-13-anos-conquista-el-sabatino-rapido-de-nau64/,1,"Próxima cita:El próximo encuentro será el 29 de noviembre a las 16:00 hs, ocasión especial en la que además se celebrará el Día del Ajedrecista, con actividades y festejos para toda la comunidad.Info de Trasmision online, redes sociales etc 





Posteriormente se disputó el torneo Sabatino de Blitz a ritmo de 3+2 en el cual Juan Rivas se logró imponer como vencedor dentro de un total de 8 jugadores.



















































Navegación de entradas
Entre paridad y sorpresas, Jairo Araque brilló en el Sabatino de Nau64Experiencia vs Juventud: Gonzalo Nakle se impone en el match oficial de Nau64"
https://nau64.com/contacto/,0,"Contacto 

Por clases presencial o por Internet puede ponerse en contacto: nau64ajedrez@gmail.comWhatsApp: +598 99 556 123MF José Riverol
O dejarnos sus datos y nos pondremos en contacto lo antes posible:
Nombre / Name *Email Address *Teléfono / Phone NumberMensaje / Message0 / 180Nick Chess.com / LichessEsta información nos ayuda a evaluar tu nivel de juego. Enviar Mensaje / Send Message"
https://nau64.com/copa-america-online-2025/,0,"Copa America
Online


Copa America Online 2025 – Se viene la Jornada 7

 José Riverol 31 agosto, 2025 


La Copa América de ChessCom es una liga entre equipos de América del Sur.La segunda edición se llevará a cabo entre el 29 de junio y el 14 de diciembre. Realizando un encuentro por mes.Trasmision en vivo: https://www.twitch.tv/nau64ajedrez¡Brilla como una estrella en ChessCom!Cada mes, 24 afortunados participantes serán premiados con una exclusiva membresía Diamante. ¿Serás uno de ellos? "
https://nau64.com/copa-america-online-2025/,1,"Únete, juega y deja que la suerte te ilumine en este deslumbrante sorteo.
Los Clubes intervinientes son los oficiales de cada país, y son los siguientes: Argentina, Bolivia, Brasil, Chile, Colombia, Paraguay, Perú, Uruguay y Venezuela, si perteneces a algunos de estos equipos te invitamos a que te sumes. El sistema de competencia será el de todos contra todos, y se jugará una jornada una vez al mes (o dos) en un mismo día. Los horarios serán sorteados. Pero comenzando a las 19 hs. (-03:00 GMT)
El formato es de un match a dos partidas entre cada jugador de equipo a un ritmo de 5+2.El mínimo de jugadores por Equipos para participar será de 10, en caso que un equipo no llegue a esa cantidad será penalizado con 2 puntos por tablero faltante y una bonificación equivalente para quienes alcancen el mínimo . (Doy un ejemplo)Si el mínimo es 10, si el equipo (A) registró 10 y el equipo (B) registró 9, si el juego termina (A) 9 x 9 (B), el resultado se ajustaría y sería (A) 11 x 9 (B). Del mismo modo, si ambos equipos registraron 9, el partido continuaría con 9 tableros sin penalizaciones y, por lo tanto, no sería necesario anular el resultado.
Será transmitido por el canal de Twitch de nau64ajedrez y de #YouTube https://www.youtube.com/@nau64 tras cada ronda se realizará un sorteo de 3 membresías diamantes por un mes para cada equipo con jugadores que no tengan ya membresías gentileza de Chess.Com 
Asì estan las posiciones tras 6 jornadas.

Jornada 4 – 31/08/2025
♟️ ¡La batalla continental continúa! 🌎🔥Este domingo 31 de agosto, desde las 19:00 hs (Uruguay, -03:00 GMT), el tablero se enciende con la cuarta jornada de la Copa América de Ajedrez 2025.Los mejores estrategas del continente se enfrentan en duelos que prometen táctica, drama y gloria:

🇧🇴 Bolivia vs 🇺🇾 Uruguay
🇨🇴 Colombia vs 🇧🇷 Brasil
🇨🇱 Chile vs 🇻🇪 Venezuela
🇵🇾 Paraguay vs 🇦🇷 Argentina
El equipo de Perú descansa esta jornada, preparando su próxima embestida.
Será transmitido por el canal de Twitch de nau64ajedrez y de #YouTube https://www.youtube.com/@nau64 
Canal de WhatsApp 👉 https://whatsapp.com/channel/0029VaAf3s565yDBpnBdJg42 
Toda la informacion en: https://nau64.com/copa-america-online-2025/ 


Jornada 3 – 10/08/2025
La tercera jornada del torneo se jugará el domingo 10 de agosto, desde las 19:00 horas (GMT -03:00).Una nueva fecha cargada de emoción y rivalidades promete mantenernos al filo del tablero.El telón se abre con el enfrentamiento entre Brasil y Paraguay, un duelo que siempre deja jugadas memorables.Luego será el turno de Argentina vs. Chile, donde la intensidad y el talento se cruzan en cada movimiento.Más tarde, Venezuela y Bolivia buscarán imponer su estilo en un choque de estrategias.Y para cerrar la jornada, Uruguay se medirá ante Perú, en un encuentro que podría redefinir la tabla.En esta ocasión, Colombia tendrá fecha libre, observando desde la distancia cómo se mueve el tablero.Será transmitido por el canal de Twitch de nau64ajedrez y de #YouTube https://www.youtube.com/@nau64 Canal de WhatsApp 👉 https://whatsapp.com/channel/0029VaAf3s565yDBpnBdJg42 Toda la informacion en: https://nau64.com/copa-america-online-2025/ 





Jornada 5 






Jornada 4



Jornada 3 




Jornada 2 13/07/2025
La segunda jornada se disputó el domingo 13 de julio y trajo consigo varias sorpresas en los resultados en vivo.Nuestro directo superó las 9.000 visitas, consolidándose como uno de los más concurridos en esta edición de la Copa América.A continuación, detallamos los marcadores, que dejan a Chile y Argentina en la cima de la tabla como únicos líderes.



M1: Bolivia (4) 0-1 (10) Argentina 19:20 hs (-03:00 GMT)Bolivia obtuvo la victoria en el encuentro presencial; sin embargo, debido a la ausencia de tres jugadores, se le aplicó una penalización de 6 puntos. Estos puntos fueron asignados al equipo argentino.




M2: Chile (22½) vs (21½) Brasil 20:00 hs (-03:00 GMT)
En el duelo más vibrante y multitudinario de la jornada, Chile se impuso sobre Brasil en el último minuto, desatando una explosión de euforia entre los trasandinos que seguían el encuentro en el chat!





M3: Peru (9½) vs (16½) Venezuela 20:40 hs (-03:00 GMT)
¡Venezuela dio el golpe del día y sacudió la Copa América con una victoria contundente sobre el equipo de Perú!Con un despliegue arrollador, la vinotinto no solo superó a su rival: lo hizo con autoridad, marcando un amplio margen que dejó a todos boquiabiertos.Un resultado que reconfigura el tablero y deja claro que nadie puede subestimar el poder de los venezolanos.




M4: Paraguay (4) vs (12) Colombia 21:20 hs (-03:00 GMT)
Paraguay debutó en la Copa América frente a Colombia en un duelo vibrante que terminó empatado en el vivo.Sin embargo, la ausencia de dos jugadores clave le costó caro: según el reglamento, se le descontaron 4 puntos, que fueron automáticamente sumados al equipo colombiano.Así, Colombia se lleva la victoria final por cuestiones reglamentarias, en una jornada que deja al rojo vivo el arranque del torneo.





Jornada 1 29/06/2025La primera jornada de la Copa América 2025 se llevó a cabo el domingo 29 de junio. Los equipos que salieron victoriosos y se ubicaron en la cima de la clasificación provisional fueron Chile, Brasil, Argentina y Uruguay. La segunda jornada está programada para el domingo 13 de julio. A continuación, se presentan los resultados y los videos de la transmisión en directo.



Links M1 Colombia 0-1 Chile 





Links M2 Bolivia 0-1 Brasil 




Links M3 Peru 0-1 Argentina 






Links M4 Uruguay 1-0 Venezuela





Jornada 2

Jornada 3

Jornada 4

Jornada 5

Jornada 6

Jornada 7

Jornada 8

Jornada 9










Navegación de entradas
XII Torneo online pensado nau64.Live Chess World League 2025"
https://nau64.com/copa-an-edmundo-infante-nau64/,0,"Academia
Torneos


Copa AN Edmundo Infante – NAU64

 Bryan Lopez 21 noviembre, 2025 


Del 29 de noviembre al 14 de diciembre llega la primera edición de un torneo que promete convertirse en un clásico del ajedrez uruguayo: la Copa AN Edmundo Infante que será válido para el elo FUA y FIDE, siendo el árbitro el MF José Riverol.
✨ Protagonistas:

CM Franco Manteiga
Gonzalo Nakle
Andrés Benítez
Carlos Martínez

📌 Formato:

Matches a dos partidas.
"
https://nau64.com/copa-an-edmundo-infante-nau64/,1,"Enfrentamientos iniciales: Gonzalo Nakle vs. Andrés Benítez y CM Franco Manteiga vs. Carlos Martínez.
En caso de empate: desempates al estilo Copa del Mundo (rápidas, blitz y muerte súbita).

📍 Sedes:

29 de noviembre: Academia NAU64
14 de diciembre: Minas (finales por 1º y 3º puesto)

💰 Premios:

1º lugar: USD 300
2º lugar: USD 200
3º lugar: USD 100
4º lugar: USD 50
Total: USD 650 en premios

🎥 Transmisión en vivo: Twitch & YouTube @nau64ajedrez
Una celebración para disfrutar, aprender y vibrar con cada partida. ¡Evento abierto al público!
Las partidas se podrán seguir en directo por los canales de Twitch https://www.twitch.tv/nau64ajedrez y YouTube https://www.youtube.com/@nau64 










Navegación de entradas
Live Chess World League 2025Entre paridad y sorpresas, Jairo Araque brilló en el Sabatino de Nau64"
https://nau64.com/culminaron-los-cuartos-de-final-serie-a-del-club-cerro/,0,"FIDE
Finales
FUA
Nau64 en ChessCom
Online
Partidas
Torneos
Uruguay
Videos


Culminaron los cuartos de final serie A del Club Cerro

 Bryan Lopez 3 febrero, 2026 


Del 5 al 19 de enero se llevó a cabo los cuartos de final serie A del Club Cerro, se jugó a ritmo standard 60 minutos + 30 segundos de incremento y permitó dos byes de 1/2 puntos en las primeras tres rondas. Todas las partidas comenzaron a las 20:15 hs y se disputaron de forma presencial en la sede de la academia.
"
https://nau64.com/culminaron-los-cuartos-de-final-serie-a-del-club-cerro/,1,"El arbitraje estuvo a cargo del MF/FA José Riverol y AA Avril Stefano, las partidas de la mesa 1 y 2 se transmitieron en vivo a través de los canales oficiales de Twitch , youtube y en la plataforma de ChessCom de NAU64 y al final de cada ronda se realizaron los análisis de las partidas principales.
De este Torneo clasificaron los jugadores Federico Esteve y Federico Canias quienes podrán participar en la Semifinal del Campeonato Uruguayo de Ajedrez.












































#ajedrez#chess#fuajedrez#nau64ajedrezTorneo 




Navegación de entradas
Victoria Contundente de Federico Canias en el Torneo Sabatino de Nau64Culminaron los cuartos de final serie B del Club Cerro"
https://nau64.com/culminaron-los-cuartos-de-final-serie-b-del-club-cerro/,0,"Academia
FIDE
Finales
FUA
Online
Partidas
Torneos
Uruguay
Videos


Culminaron los cuartos de final serie B del Club Cerro

 Bryan Lopez 4 febrero, 2026 


Del 23 al 25 de enero se llevó a cabo los cuartos de final serie B del Club Cerro, se jugó a ritmo standard 60 minutos + 30 segundos de incremento y permitó dos byes de 1/2 puntos en las primeras tres rondas y se disputaron de forma presencial en la sede de la academia.
El arbitraje estuvo a cargo del MF/FA José Riverol y AA Avril Stefano, las partidas de la mesa 1 y 2 se transmitieron en vivo a través de los canales oficiales de Twitch , youtube y en la plataforma de ChessCom de NAU64 y al final de cada ronda se realizaron los análisis de las partidas principales.
"
https://nau64.com/culminaron-los-cuartos-de-final-serie-b-del-club-cerro/,1,"De este Torneo clasificaron los jugadores Mariano Vasallo y Alexandro Silva quienes podrán participar en la Semifinal del Campeonato Uruguayo de Ajedrez.













































#ajedrez#chess#fuajedrez#nau64ajedrezTorneo 




Navegación de entradas
Culminaron los cuartos de final serie A del Club CerroAjedrez de Miercoles II"
https://nau64.com/curso-python/,0,"Online


Aprendé a Programar desde Cero con Python

 Victoria Galatro 1 junio, 2025 


¡La academia nau64 amplía sus servicios educativos sumando un nuevo espacio de formación!
El curso de Programación desde Cero con Python está diseñado con un enfoque centrado en el desarrollo del pensamiento computacional, una habilidad esencial para resolver problemas de manera estructurada y eficiente, aplicando lógica, abstracción y análisis paso a paso.

🧠 Enfoque del curso
A lo largo del curso, no solo aprenderás a programar en Python: vas a aprender a pensar como programador/a. Esto significa desarrollar la capacidad de:

Analizar problemas y descomponerlos en partes más simples.
Diseñar algoritmos claros y eficientes.
Manejar conceptos de estructuras de datos y flujos de control.
Evaluar, mejorar y validar soluciones de manera iterativa.
Comprender los conceptos esenciales de la programación orientada a objetos y la arquitectura de software.
Desarrollar software de buena calidad.

El objetivo no es solo que aprendas a programar, sino que comiences a hacerlo como se hace en entornos profesionales reales, con una base conceptual sólida, aplicando las mejores prácticas de la industria y utilizando uno de los lenguajes e programación más utilizados en la actualidad.

🎯 ¿A quién está dirigido?
Este curso está pensado para personas sin experiencia previa en programación que quieren comenzar desde cero con una base sólida, ya sea que quieran seguir una carrera académica, integrarse a equipos de desarrollo en la industria, construir sus propias aplicaciones, utilizarlo como herramienta de apoyo en otras profesiones, o solamente por el gusto de aprender una nueva habilidad.
Solo se requiere curiosidad, ganas de aprender y compromiso con el proceso.

🗓Duración y Modalidad
El curso tiene una duración de 5 meses (20 clases), con clases todos los sábados de 10:00 a 12:00.
Es un curso teórico práctico en el que cada grupo de estudiantes desarrollará un proyecto final en equipo, que se irá construyendo clase a clase aplicando los conceptos aprendidos.
Podés elegir entre dos modalidades:

💻 Online en vivo, desde cualquier lugar
🏫 Presencial en la academia nau64

Se entrega material y videos de las clases. 
La forma de pago es mensual. Los socios de la academia Nau64 tienen un 50% de descuento. No se cobra matrícula.
Inicio: 18 de abril de 2026

👩‍🏫Docente
El curso será dictado por la Ing. Victoria Galatro, PMP®, CDMP®, directora de Itapúa Consultores y docente de UDE.
🔗 Perfil de LinkedIn

📚Contenido

Introducción a la programación y al curso

Motivación.
Qué es programar y por qué Python.
"
https://nau64.com/curso-python/,1,"¿Qué es el pensamiento computacional?
¿Qué es un algoritmo?
Conceptos de calidad de software
Estructura básica de un lenguaje de programación
Uso de Pseudocódigo
Paradigmas de programación. 
Programación imperativa.
Ejemplos de programación con Python




Conceptos básicos de Programación Imperativa

Sentencias básicas
Identificadores, constantes, variables y tipos de datos
Asignación de valores
Operaciones de entrada y salida
Tipos de datos y funciones básicas en Python.




Estructuras para la toma de decisiones y la repetición

Operadores lógicos y relacionales.
"
https://nau64.com/curso-python/,2,"Uso de if, elif, else.
Problemas típicos de decisión.
Iteraciones e iteraciones condicionales
while y for
Problemas típicos de repetición y acumulación




Descomposición de problemas

Descomposición y modularización
Procedimientos y funciones
Parámetros, retorno de valores
Alcance y ocultamiento e información
Uso de Funciones en Python
Uso de librerías




 Estructuras de Datos y Abstracción¿Por qué utilizar colecciones?Recorrido y asignación de valoresArreglos y listas de valoresDiccionarios y conjuntos¿Cómo elegir la estructura adecuada para cada caso?

Algoritmos clásicos: búsqueda lineal, conteo, máximo/mínimo.




Validaciones y manejo de excepcionesErrores de sintaxis vs errores lógicos.Validaciones con try/except.Introducción al testing y calidad de las pruebas.

Librerías para testing




Archivos y persistencia de datosLeer y escribir archivos de texto.Buenas prácticas al manipular archivos.

Uso de librerías para manejo de formatos como csv y json




Introducción a la Orientación a Objetos Clases y objetos. Atributos, métodos y __init__.EncapsulamientoMétodo selfComposición de objetos y diseño modularHerencia

Introducción a las Buenas prácticas y principios SOLID




Elaboración del proyectoAnálisis y diseño del problemaDiseño del modeloDocumentación y estilo de código

Testing













Navegación de entradas
8 de junio comienza el Primer Torneo Domingos de GambitoBoris Spassky"
https://nau64.com/dia-nacional-del-ajedrez/,0,"Academia
Clases


Día Nacional del Ajedrez

 José Riverol 27 mayo, 2024 


Hoy es un día especial para los amantes del ajedrez en Uruguay, ya que celebramos el Día Nacional del Ajedrez. Esta fecha fue declarada oficialmente el 27 de mayo mediante un proyecto de ley aprobado por unanimidad en la Comisión de Deporte y Juventud del Senado. El apoyo de la Secretaría Nacional de Deporte, la Federación Uruguaya de Ajedrez y el Ministerio de Educación y Cultura fue fundamental para esta iniciativa.
La elección de esta fecha tiene un significado histórico: se corresponde con el primer registro de la realización de un torneo de ajedrez en nuestro país, ocurrido en 1879. "
https://nau64.com/dia-nacional-del-ajedrez/,1,"El objetivo de esta conmemoración no es solo rendir homenaje a algún ajedrecista en particular, sino también coordinar esfuerzos públicos y privados para promover la práctica del ajedrez en todo el territorio nacional, aprovechando los múltiples beneficios que esta disciplina ofrece.
Cronograma:14:00 hs Apertura de la Academia y juego libre.15:30 hs Clase y entrenamiento de Nivel Basico-Medio16:15 hs Juego Libre.17:00 hs Clase y entrenamiento de Nivel Basico-Medio18:30 hs Clase y entrenamiento de Nivel Medio-Avanzado20:15 hs. Torneo Blitz ritmo 5+2 
Si estás interesado en participar, podrás unirte a las actividades abiertas que se llevarán a cabo en la academia. Habrá clases abiertas, tanto presenciales como en línea, y un emocionante torneo Blitz. Además, podrás seguir las transmisiones en vivo a través del Canal de Twitch: https://www.twitch.tv/nau64ajedrez y en YouTube: https://www.youtube.com/c/JoseRiverol.
¡Que tengas un excelente Día Nacional del Ajedrez! ♟️🇺🇾 #Ajedrez #Chess




#ajedrez#chess#uruguayTorneo 




Navegación de entradas
Combinación búlgara!Nakle ganador Torneo Sabatino 8 junio"
https://nau64.com/diego-moreno-arrasa-y-se-consagra-campeon-del-open-136/,0,"FIDE
Partidas
Torneos
Videos


Diego Moreno arrasa y se consagra Campeón del Open 136

 Academia Nau64 21 agosto, 2026 


El pasado lunes 17 de agosto finalizó el Open 136 de nau64, que consagró a Diego Moreno como campeón absoluto. La quinta y última ronda se disputó con dos ausencias —ambas con piezas blancas— en las mesas 4 y 6.
El promedio de jugadas fue de 45,5, y solo tres partidas superaron esa cifra: las de las mesas 3, 5 y 8.

Diego Moreno Campeón del Open 136.
La partida de la mesa 1 fue la primera en concluir. El jugador de negras eligió una variante complicada y, tras un error de cálculo, permitió que Moreno definiera con contundencia en apenas 18 jugadas, asegurando el título con autoridad. (La partida completa se puede ver en el informe màs abajo.)

Evangelina Polito – Vicecampeona y Premio a mejor jugadora de la Academia nau64.
En la mesa 2, Evangelina dominó de principio a fin y se quedó con el segundo lugar gracias a una actuación sobresaliente.

Camilo Caminada (junto al FM José Riverol) Mejor Sub-1800.

Daniel Fuce – Mejor no ranqueado.

Victoria Galatro – Mejor Femenino.
Partidas destacadas

Mesa 3 (Caminada‑Gutiérrez 1‑0): Ignacio Gutiérrez mostró gran técnica, pero tras la jugada 50 cometió imprecisiones que dejaron expuesto a su rey. Caminada aprovechó con precisión y se llevó el punto.

Mesa 8 (Mazzeo‑Galatro 0‑1): el duelo más largo de la ronda, con 65 jugadas, y la única victoria con negras.

Mesa 5 (Ávila‑Sander ½‑½): la única partida que terminó en tablas, además de ser la última en finalizar.
Aquí dejamos la tabla de posiciones, junto con el videos de la ronda 5 para revivir los momentos más emocionantes, además de las fotos disponibles en nuestras redes de Facebook e Instagram.El evento fue transmitido, como siempre, en nuestros canales de YouTube y Twitch.Club Online: https://www.chess.com/club/nau64?ref_id=4411389Seguí toda la acción en vivo con los Comentarios del MF Jose Riverol y su quipo de prmera!:YouTube: https://www.youtube.com/@nau64Twitch: https://www.twitch.tv/nau64ajedrez¿Querés estar al tanto de todo?Unite a nuestro canal de WhatsApp:whatsapp.com/channel/0029VaAf3s565yDBpnBdJg42




Partidas de la ronda 5

Mesa 1 



Mesa 2





Por mas Informacion del torneo y el evento en FIDE
Con emoción, premios y partidas memorables, el Open 136 cerró su capítulo con un campeón invicto y una comunidad vibrante. ¡El Open 137 ya espera su turno en nau64!



#ajedrez#chess#nau64ajedrez#uruguayTorneo 




Navegación de entradas
La Casona vibró con ajedrez y tres campeones de Cerro.



Deja una respuesta Cancelar la respuestaTu dirección de correo electrónico no será publicada. "
https://nau64.com/diego-moreno-arrasa-y-se-consagra-campeon-del-open-136/,1,"Los campos obligatorios están marcados con *Comentario * Nombre 
Correo electrónico 
Web 
 Notify me of follow-up comments by email. Notify me of new posts by email. 

Δ"
https://nau64.com/din-liren-devuelve-el-guante-y-se-impone-en-la-partida-6/,0,"Internacional
Match
Partidas
Videos


Din Liren devuelve el guante y se impone en la partida 6.

 José Riverol 17 abril, 2023 


No debe haber quejas sobre tablas aburridas en el Campeonato del Mundo FIDE de este año, ya que GM Ding Liren y GM Ian Nepomniachtchi siguen intercambiando golpes. En la sexta partida se produjo el cuarto resultado decisivo del encuentro.En esta ocasión, fue el turno de Ding, que salió victorioso tras sorprender con un Sistema Londres. "
https://nau64.com/din-liren-devuelve-el-guante-y-se-impone-en-la-partida-6/,1,"El jugador chino aprovechó las imprecisiones de su oponente para obtener una posición ganadora, culminando en una red de mate que forzó el abandono de Nepomniachtchi.Después de seis partidas, el marcador está 3-3. El encuentro continúa el martes 18 de abril













Navegación de entradas
Pascuas en nau64Sin sorpresas la primera ronda 1 del LXI Torneo de los Viernes."
https://nau64.com/ding-gana-la-pulseada-de-nervios-y-empata-el-match-por-el-mundial-de-ajedrez-a-falta-de-dos-partidas/,0,"Internacional
Match
Mundial de Ajedrez
Partidas


Ding gana la pulseada de nervios y empata el match por el Mundial de Ajedrez a falta de dos partidas.

 José Riverol 26 abril, 2023 


Niepomniashi tuvo una ventaja demoledora, pero no se concentró en el momento decisivo y no encontró las jugadas ganadoras. El marcador ahora está 6 a 6 y pelota al medio. Dos partidas clásicas y en caso de permanecer el match igualado se van a las partidas rápidas para desempatar.
"
https://nau64.com/ding-gana-la-pulseada-de-nervios-y-empata-el-match-por-el-mundial-de-ajedrez-a-falta-de-dos-partidas/,1,"Momento trágico en donde el Nepo se ve perdido.

Tendremos los análisis completos con comentarios y preguntas de los seguidores este miércoles 26 abril a partir de las 20:30 hs. (URU) -03:00 GMT en el canal de Twitch de nau64ajedrez. https://www.twitch.tv/nau64ajedrezLuego del análisis tendremos el Tradicional Blitz 5+2!Sumate al Club que tiene ya más de 2500 amig@s aquí. https://www.chess.com/club/nau64?ref_id=4411389Links del Torneo entrando aquí. https://www.chess.com/play/arena/2658314?action=undefined&clubId=49698?ref_id=4411389
Análisis del juego de hoy con comentarios de Leontxo García Olasagasti












Navegación de entradas
Iza Tomazzini se llevo el Bltz de lunes.Blitz de miércoles para Brxyson!"
https://nau64.com/ding-liren-se-corona-campeon-del-mundo-de-ajedrez/,0,"FIDE
Internacional
Match
Mundial de Ajedrez
Videos


Ding Liren se corona Campeón del Mundo de Ajedrez.

 José Riverol 30 abril, 2023 


El jugador chino se convierte en el 17 Campeón Mundial de Ajedrez al ganar la cuarta partida en la modalidad de ajedrez rápido del duelo de desempate. Ian Nepomniachtchi parecía tener bajo control las cosas en la partida decisiva e incluso obtuvo cierta ventaja en algunos instantes, pero sobreestimó sus posibilidades y le permitió a Ding a obtener un peligroso peón pasado. Ding mantenía la cabeza fria y convirtió su ventaja de manera brillante en la victoria más importante de su carrera hasta ahora. Ahora es el nuevo Campeón del Mundo. ¡Enhorabuena a ambos jugadores que nos han brindado un duelo verdaderamente interesante y emotivo!


Un éxito histórico para Ding, que ni siquiera habría participado en el desafío, si no hubiese sido por la retirada voluntaria de Magnus Carlsen que no deseaba defender el título de nuevo. 
El ya ex Campeón del Mundo, Magnus Carlsen, felicitó a Ding a su manera:Autoclavada para la inmortalidad. ¡¡¡Felicidades Ding!!!
"
https://nau64.com/ding-liren-se-corona-campeon-del-mundo-de-ajedrez/,1,"Estoy bastante aliviado. El momento en que Ian se rindió fue muy emocionante para mí. No podía controlar mi estado de ánimo ni  mis sentimientos. Me conozco: voy a llorar y rompía a llorar…, dijo el emocionado Ding Liren en sus primeras declaraciones.
Ian Nepomniachtchi felicitó a su rival. Reflexionando sobre sí mismo, dijo:Creo que tenía todas las posibilidades [de ganar]. Surgieron tantas posiciones tan prometedoras… Siempre es una lotería después de 14 partidas, así que, ¡ya está!.
Es la primera vez en la historia que un jugador chino se proclama Campeón del Mundo en la categoría abierta de ajedrez. China ostenta ahora tanto el título femenino de Campeona del Mundo como la categoría absoluta. 

Veamos la Partida que le dio el Titulo a Ding Liren. (Ritmo 25+10


















Navegación de entradas
Akiba Rubinstein el campeón sin corona.Rubinstein vence a Capablanca"
https://nau64.com/directivos-maestros-y-jovenes-talentos-dieron-vida-a-un-dia-del-ajedrecista-inolvidable/,0,"Academia
Sabatino
Torneos


Directivos, maestros y jóvenes talentos dieron vida a un Día del Ajedrecista inolvidable.

 José Riverol 2 diciembre, 2025 


El pasado 29 de noviembre, nuestra Academia volvió a brillar con la celebración del Día del Ajedrecista, una jornada que reunió a jugadores, visitantes y grandes referentes del ajedrez nacional.Entre los invitados de honor contamos con la presencia de varios directivos de la Federación Uruguaya de Ajedrez: el presidente CM Jorge Arias, el responsable de Relaciones Públicas MI Claudio Coppola y el secretario CM Leonardo Vaz. Estos últimos, además de acompañar el festejo, se animaron a participar en el torneo, sumando aún más emoción a la jornada.La apertura estuvo a cargo del MI Bernardo Roselli, quien deleitó al público con partidas rápidas frente a valientes participantes que aceptaron el desafío.La ocasión también fue aprovechada por la FUA para convocar a los representantes uruguayos que competirán en el Sudamericano de Ajedrez en Colombia (5 al 12 de diciembre), ofreciéndoles una charla y entrenamiento especial. Algunos de ellos, con la energía a flor de piel, se quedaron luego a disputar el Torneo Rápido.
 Resultados del Torneo Rápido

Campeón absoluto: CM Leonardo Vaz, con un imponente 4½ de 5 posibles.
Subcampeones (4 pts): MI Claudio Coppola, CM Tabaré Bustelo, NM Nicolás Kulik y Facundo Piriz.
Mejor Femenino: Emma Costabel, con 3 pts.
Mejor No Rankeado: el juvenil Mateo Latour, con 2 pts.En total, 29 jugadores dieron vida a un torneo que se transmitió en vivo desde las mesas principales mediante los Tableros DGT, compartiendo cada jugada en nuestros canales de Twitch y YouTube.









































 Torneo BlitzLa jornada culminó con el electrizante Torneo Blitz, dirigido y arbitrado por la AA Avril Stefano. Tras un ajustado desempate, el título quedó en manos del MI Claudio Coppola con 4 pts. Con el mismo puntaje, lo siguieron de cerca el CM Tabaré Bustelo y el NM Nicolás Kulik, entre un total de 19 participantes.
 Fue un día inolvidable, lleno de partidas intensas, aprendizajes y camaradería. "
https://nau64.com/directivos-maestros-y-jovenes-talentos-dieron-vida-a-un-dia-del-ajedrecista-inolvidable/,1,"Una verdadera fiesta del ajedrez que reafirma el espíritu y la pasión de nuestra comunidad.






#ajedrez#chess#fuajedrez#Nau64#nau64ajedrezTorneo 




Navegación de entradas
Leyenda danesaSe jugó el Open 134"
https://nau64.com/doble-consagracion-rivas-pusch-gana-rapidas-y-blitz/,0,"FIDE
Partidas
Sabatino
Torneos


Doble consagración: Rivas Puch gana Rápidas y Blitz.

 Academia Nau64 11 agosto, 2026 


El pasado sábado 8 de agosto nuestra academia fue sede de los tradicionales torneos de Rápidas y Blitz, que reunieron a una gran cantidad de jugadores en un ambiente competitivo y festivo.
En el torneo de Rápidas, la paridad fue notable: cada ronda mantuvo la expectativa hasta el final, con partidas muy disputadas y definiciones ajustadas.En el torneo de Blitz, la velocidad trajo consigo varias sorpresas y resultados inesperados, demostrando que en este formato todo puede cambiar en cuestión de segundos.Tablas de Posiciones y Partidas Transmitidas Además de la clasificación final, se pudieron seguir en vivo las partidas de los dos primeros tableros, transmitidas en Chess.com, YouTube y Twitch, lo que permitió a la comunidad disfrutar de cada jugada y vibrar con la definición.
Al igual que en el torneo de Blitz, el video completo con las partidas está disponible para quienes quieran revivir los momentos más emocionantes.
Rápidas

Juan Rivas Puch, campeón de ambos torneos. En Rápidas obtuvo 4,5 puntos de 5 posibles.

Alexandro Silva logró el segundo puesto por sistema de desempate, también con 4,5 puntos de 5.

Diego Martínez (en la foto) logró el tercer puesto con 4 puntos de 5, al igual que Ernesto Lejtreger, quien quedó en el cuarto puesto por sistema de desempate.

El Premio Mejor Femenina fue para Agustina Silva, quien obtuvo 3 puntos de 5.

Una mención especial para el jugador con más facha del torneo (en la foto): ACM Ramiro Villa, quien con su look conquistó la sala de juego.
Aquí dejamos la tabla de posiciones, junto con los videos de cada partida para revivir los momentos más emocionantes, además de las fotos disponibles en nuestras redes de Facebook e Instagram.El evento fue transmitido, como siempre, en nuestros canales de YouTube y Twitch.Club Online: https://www.chess.com/club/nau64?ref_id=4411389Seguí toda la acción en vivo con los Comentarios del MF Jose Riverol y su quipo de prmera!:YouTube: https://www.youtube.com/@nau64Twitch: https://www.twitch.tv/nau64ajedrez¿Querés estar al tanto de todo?Unite a nuestro canal de WhatsApp:whatsapp.com/channel/0029VaAf3s565yDBpnBdJg42



Por mas datos del torneo de rápidas y el evento en FIDE.

Ronda 1

Mesa 1


Mesa 2






Ronda 2

Mesa 1


Mesa 2






Ronda 3

Mesa 1


Mesa 2






Ronda 4

Mesa 1


Mesa 2






Ronda 5

Mesa 1


Mesa 2






Torneo Blitz – Detalles del evento. 
En este torneo participaron 8 jugadores, con un nivel muy parejo en la mayoría de las partidas. Sin embargo, los primeros puestos lograron marcar una diferencia sobre el resto y consolidarse en la clasificación.
El ritmo de juego fue de 3 minutos más 2 segundos de incremento por jugada, lo que dio lugar a partidas rápidas, intensas y llenas de emoción.

Nuevamente, al igual que en el torneo de rápidas, Juan Rivas Puch fue campeón por sistema de desempate. Esta vez igualo el primer puesto con AIM Bruno Escardo logrando ambos 5 puntos de 6 posibles.
El jugador con mas Facha Ramiro Villa se ubico en tercer lugar igualando con Daniel Kaciusis y Charlie Posada, los tres con 3 puntos de 6 posibles, pero el sistema de desempate ubico a Ramiro como el mejor de los tres.


Por mas detalles del torneo blitz y el evento en FIDE.
El video comienza con el Torneo Blitz, y si se adelanta se podrá ver las partidas mejor aun.



Nos reencontramos el próximo Sábado 15 de agosto a las 16:00 horas para disfrutar de nuevos torneos de rápidas y blitz.



#ajedrez#Nau64#nau64ajedrez#uruguayTorneo 




Navegación de entradas
Open 136 – Ronda 31er Torneo Suizo sistema Match – Ronda 3 y 4



Deja una respuesta Cancelar la respuestaTu dirección de correo electrónico no será publicada. Los campos obligatorios están marcados con *Comentario * Nombre 
Correo electrónico 
Web 
 Notify me of follow-up comments by email. "
https://nau64.com/doble-consagracion-rivas-pusch-gana-rapidas-y-blitz/,1,"Notify me of new posts by email. 

Δ"
https://nau64.com/dramatica-caida-de-uruguay-en-la-tabla-de-posiciones/,0,"Liga de Naciones
Match
Online


Dramática CAIDA de Uruguay en la tabla de posiciones!!!

 Marcelo 21 diciembre, 2021 


El combinado celeste que a falta de 3 fechas lideraba el TORNEO clasificatorio, NO logró sumar pts en las últimas 2 RONDAS y cae del TOP1 al TOP3, peligrando su clasificación!!!Puerto Rico que en la jornada anterior había tomado el LIDERATO gana y sigue a paso de Campeón, USA hace lo propio y trepa una posición.Uruguay no logra juntar el mínimo de los 15 jugadores!!!











Navegación de entradas
V Abierto de Montevideo Copa Marcel Duchamp 2022 (Max. "
https://nau64.com/dramatica-caida-de-uruguay-en-la-tabla-de-posiciones/,1,"de participantes 120, ya hay 86 inscriptos!!!)2nd EJCOA Forest Hall Invitational – IM Norm (2021-Diciembre- del 17 al 21) INGLATERRA"
https://nau64.com/eduardo-elena-el-campeon-sin-corona-de-pando-hazana-historica-y-clasificacion-olimpica/,0,"Online


Eduardo Elena, el campeón sin corona de Pando: hazaña histórica y clasificación olímpica

 Academia Nau64 5 abril, 2026 


Por Federico Esteve
Hay historias que el ajedrez guarda durante décadas y actuaciones que, aunque no terminen con el trofeo del primer puesto, marcan un antes y un después. Esta es una de ellas.
El Club Solís de Pando, el clásico club pandense que se encuentra en Bulevar Artigas e Independencia, estuvo a un paso de revivir la gloria de 1997, cuando Alfonso Pérez se coronó por última vez. Veintinueve años después, Eduardo Elena volvió a poner a la ciudad en la cima del ajedrez nacional. 
Con 24 años, siendo estudiante de Arquitectura, trabajador y con una vida llena de responsabilidades, Eduardo logró lo que parecía imposible, pelear el Campeonato Uruguayo de igual a igual contra los mejores profesionales, terminar en el podio y, lo más importante, clasificar para integrar el equipo olímpico uruguayo en la próxima Olimpíada de Ajedrez 2026. 


El contexto que importa:
Antes de mirar la tabla, hay que entender quién es Eduardo. "
https://nau64.com/eduardo-elena-el-campeon-sin-corona-de-pando-hazana-historica-y-clasificacion-olimpica/,1,No es un jugador de tiempo completo. 
https://nau64.com/eduardo-elena-el-campeon-sin-corona-de-pando-hazana-historica-y-clasificacion-olimpica/,2,"No tiene un entrenador. Es un pibe con obligaciones reales,entregas en la facultad y horas de trabajo. En cualquier otro deporte, alguien con su agenda diría no estoy para competir al más alto nivel.
Eduardo eligió hacerlo. Y lo hizo con una autoridad que Pando no veía desde 1997
La mentalidad que construye referentes
Carol Dweck, psicóloga de Stanford, sostiene que lo que define a quienes crecen bajo presión es el growth mindset o mentalidad de crecimiento: la convicción de que las habilidades se desarrollan con esfuerzo. 



Eduardo Elena es un caso de manual. Un jugador con mentalidad fija se achica frente a un Maestro Internacional que le lleva casi 300 puntos de ELO. Eduardo, en cambio, salió a ganar. Esa ambición lo llevó a derrotar a figuras consagradas  y a mantenerse invicto durante ocho rondas de juego. Esa mentalidad es la que hoy lo premia con la oportunidad de defender la bandera uruguaya en la máxima cita olimpica.
Las raíces y el legado
Este resultado es también un triunfo para quienes sembraron la semilla. Mauro de los Reyes, su entrenador inicial, fue quien vio el potencial en aquel chico de Pando cuando los éxitos eran solo una posibilidad lejana. Hoy, ese ojo clínico queda validado con una clasificación olímpica.
También aparece el nombre de Santiago Gatti, de esos ajedrecistas que Uruguay necesita: los que sostienen la actividad en silencio. Y, por supuesto, la figura de Juan Billar. Juan, que nos dejó en noviembre de 2025, no solo enseñaba aperturas; enseñaba a estar frente al tablero con valores. Eduardo jugó este torneo con la impronta de Juan, y su lugar en el equipo olímpico es el mejor homenaje posible a su memoria.



El camino hacia la Olimpíada
Eduardo llegó rankeado noveno con 2037 de ELO. Lo que hizo después fue una demolición de los pronósticos:

Ronda 2 contra IM Bernardo Roselli (2328): El momento clave llegó cuando Eduardo venció al multicampeón uruguayo con una partida perfecta, ejecutada con una frialdad y un nivel magistral. El regreso de Bernardo a las finales tenía ese aroma a último baile. A mi entender, esta fue la mejor producción de Eduardo; si bien se le escapó parte de la ventaja acumulada en el medio juego, logró mantener la presión hasta que el múltiple campeón uruguayo inclinó su rey ante la inminencia del mate.




Rondas 3 y 4: Aguantó con solidez ante los Maestros Internacionales Coppola y  MF Carbone. En ambas partidas fue interesante ver cómo pudo plantarles partida; el hecho de desafiar a estos dos referentes casi constantes en las finales daba señales de que este no era un torneo más. Hay que señalar que contra Coppola realizó una elección de apertura casi controversial al elegir la Variante Brasileña con 2..De7 en el doble peón de rey, la cual podríamos llamar de ahora en más la Variante Elena o la Defensa Pando en su honor. De hecho, llegó a estar en una posición muy ganada frente al Maestro Internacional, pero debido a un error se tuvo que conformar con las tablas.




El sprint final: Las victorias seguidas contra Cayetano, Domínguez y Saralegui lo mantuvieron en la pelea por el primer puesto hasta el final. Sin dudas, en esta segunda parte del torneo se podían notar los nervios. 

Contra el benjamín del certamen, Juan Cayetano, pudo vencer luego de que este no lograra validar una calidad de más; Eduardo fue capaz de sacar contrajuego y ganar en el final.
Contra Saralegui fue quizás la partida de infarto en la que se encontraba perdido, pero —como pasa en el boxeo o en el fútbol de salón— nada está cerrado hasta el último momento: un error garrafal del experimentadísimo Mario lo hizo inclinar el rey.
Frente a Facundo Domínguez fue, seguramente, la partida más difícil exceptuando la partida contra Rodi. Facundo había iniciado muy bien el torneo, yendo primero y jugando todas sus partidas anteriores con una precisión respecto al módulo mayor al 90 %. Repitió línea contra la Francesa y claramente venía preparado Facundo; jugó una variante conocida que le da ventaja al negro, dejando al blanco muy complicado con su rey en medio del tablero y a merced del bando rival. Nuevamente, Eduardo no se dio por vencido y, sabiendo que todos nos equivocamos, esperó su momento para meter un contragolpe brutal que obligó al abandono del jugador de Trebejos.





La Final Vs Rodi : Luego de un torneo de ensueño, se llegó a la última partida. Teniendo en cuenta que a Rodi solo le servía vencer con piezas negras, los nervios le jugaron una mala pasada; saliendo del medio juego cometió un error y, como todos sabemos, en el ajedrez estos suelen venir de a dos. Luego Rodi no dio oportunidad y cerro el partido magistralmente.




Terminó segundo!, apenas por detrás del experimentado Luis Ernesto Rodi, pero con una performance de 2289 y una ganancia de casi 60 puntos de ELO. Este rendimiento superlativo le aseguró su lugar en el equipo uruguayo para la Olimpíada de Ajedrez 2026, un hito que Pando festeja como propio.
Un llamado al respaldo
Eduardo es el ejemplo vivo de que se puede. Pero para que este talento no se estanque, especialmente ahora que nos va a representar en el exterior, hace falta que el Gobierno Departamental o el Municipio de Pando, así como las grandes empresas de la Ciudad y la Zona, den un paso al frente. Invertir en un deportista que estudia, trabaja y clasifica a una Olimpíada es, sin dudas, invertir en el futuro del país y de Canelones.
Su actuación nos recuerda que este deporte  sigue siendo el mejor entrenamiento para la vida. 
Si sos una persona mayor que busca mantener la mente ágil, si querés un camino de disciplina para tu hijo, o si simplemente te toca tomar decisiones constantes en tu día a día: jugá al ajedrez. Es el mejor refugio para la reflexión.
 Acercate al club, sumate a las mesas y descubrí que nunca es tarde ni demasiado temprano para empezar; el tablero nos iguala a todos y nos enseña a pensar antes de mover.
Eduardo Elena no trajo la copa física a Pando, pero se trajo el boleto a la Olimpíada 2026. 
La historia recién empieza.
¡Felicitaciones, Eduardo!  Pando y Canelones te acompañan .





#ajedrez#AjedrezNacional#AjedrezUruguayo#chess#ClubSolisDePando#DeporteUruguayo#EduardoElena#FUA#MentalidadDeCrecimiento#OlimpiadaDeAjedrez2026#PandoCanelones#TalentoLocal 




Navegación de entradas
Nicolás Kulik arrasa en el sabatino de la AcademiaUna Pascuas inolvidable junto al MI Facundo Vázquez"
https://nau64.com/el-campeon-sub-20-se-llevo-el-xxi-aniversario-blitz-de-nau64/,0,"Academia
Online
Partidas
Torneos


El campeón sub-20 se llevó el XXI Aniversario Blitz de Nau64

 Bryan Lopez 26 diciembre, 2025 


En la Academia Nau64, los días 20 y 21 de diciembre se desarrolló el XXI Aniversario de nuestra academia. "
https://nau64.com/el-campeon-sub-20-se-llevo-el-xxi-aniversario-blitz-de-nau64/,1,"Este evento constó de tres torneos. El último de ellos fue el Torneo Aniversario de Blitz, el cual se disputó el día 21 de diciembre, Se desarrolló bajo el formato sistema cerrado de 11 rondas, con un ritmo de 3 minutos más 2 segundos de incremento por jugada.Se conto con el arbitraje de AA Avril Stefano y de Charlie Posada como ayudante de campo 🙂


El Campeón Uruguayo Sub-20 Benjamín Martello se llevó el torneo con 10 puntos de 11 posiblesVicecampeón el NM Nicolas Kulik con 8 puntos.Tercer Puesto Juan Rivas Puch con 8 puntos.Cuarto Puesto Ariel Miller con 8 puntosQuinto Puesto el AFM Antonio Fernandez con 7.5 puntos









#ajedrez#chess#nau64ajedrezTorneo 




Navegación de entradas
Benjamín Martello se consagró campeón del Sabatino Rápido de Nau64Matteo Reyes se llevó el XXI Aniversario sub-14 de Nau64"
https://nau64.com/el-campeon-uruguayo-sub20-conquista-el-sabatino-rapido-de-nau64/,0,"FIDE
Partidas
Sabatino
Torneos
Videos


El Campeón Uruguayo sub20, conquista el Sabatino Rápido de Nau64!

 Bryan Lopez 11 diciembre, 2025 


El Campeón Uruguayo sub20 Benjamín Martello se consagró campeón del Sabatino Rápido de Nau64, El torneo, disputado el 6 de diciembre en Montevideo bajo el sistema suizo a 5 rondas y ritmo de 10+5, reunió a jugadores de todas las edades en un ambiente competitivo y cálido.
Campeón absoluto: nuestro Campeón Uruguayo sub20, que brilló con gran madurez y se llevó el primer puesto Benjamín Martello.2º lugar: Federico Esteve, con una sólida actuación.3º lugar: Federico Canias, con gran audacia y motivación.Mejor No Rankeado: Reinaldo Elmemere, premiado por su desempeño en su participación memorable en esta edición.
En la parte inferior de la nota se podrá ver El cuadro de posiciones completo.Las partidas de las mesas 1 y 2 jugadas en nuestros tableros DGT.



"
https://nau64.com/el-campeon-uruguayo-sub20-conquista-el-sabatino-rapido-de-nau64/,1,"Posteriormente se disputó el torneo Sabatino de Blitz a ritmo de 3+2 en el cual Federico Canias se logró imponer como vencedor dentro de un total de 8 jugadores.













































Navegación de entradas
Se jugó el Open 134Aniversario de nau64!"
https://nau64.com/el-mejor-de-todos/,0,"Ajedrez y Leyendas
Historia


El mejor de todos.

 José Riverol 6 octubre, 2024 


Las veinte razones principales por las que Bobby Fischer uno de los mejores jugadores de ajedrez de todos los tiempos:

Ganó la partida del siglo.
Ganó el match del siglo.
"
https://nau64.com/el-mejor-de-todos/,1,"Ganó el Campeonato de Estados Unidos a los 14 años.
En 1964, ganó el Campeonato de Estados Unidos con un resultado de 11-0, que nunca ha sido igualado.
Tuvo una racha de 20 victorias consecutivas en Campeonatos, que nunca ha sido igualada.
Venció a Taimanov 6-0 y a Larsen 6-0 en la clasificación para el Campeonato Mundial de Ajedrez de 1972.
Desmanteló por sí solo la maquinaria soviética de ajedrez.
Cincuenta años después de vencer a Spassky, sigue siendo el jugador más popular.
Su Campeonato Mundial de Ajedrez de 1972 le dio a la TV sus índices de audiencia más altos de la historia.
Según la inflación del ELO, sigue siendo el jugador mejor valorado de todos los tiempos, incluso por encima de Kasparov y Carlsen.
Fue el primer campeón de ajedrez nacido en Estados Unidos.
Ganó el Campeonato de Estados Unidos 8 veces.
Creía que el ejercicio le ayudaba a ganar.
Se convirtió en Gran Maestro a los 15 años.
Inventó y popularizó el ajedrez 960.
Tenía un coeficiente intelectual entre 187 y 181.
Tuvo un porcentaje de victorias del 72,5.
A los 16 años, dejó la escuela para estudiar ajedrez.
Sorprendentemente, ganó el Campeonato Mundial de Ajedrez de 1972 después de ir perdiendo 0-2.
Su personalidad carismática y su talento incomparable llevaron el juego a un público más amplio e inspiraron a innumerables personas a practicarlo.




#ajedrez#chess#historiaHistoria del ajedrez 




Navegación de entradas
Uruguay Cierra con Éxito su Participación en la Olimpiada de AjedrezLa Reina del Ajedrez



			3 thoughts on “El mejor de todos.”		





 Anónimo dice: 

7 octubre, 2024 a las 13:28 


Que grande Boby







 pedro dice: 

17 octubre, 2024 a las 10:10 


Muy buen contenido!!!







 pedro dice: 

17 octubre, 2024 a las 10:12 


Grande




Comments are closed."
https://nau64.com/el-misterio-del-infiltrado/,0,"Curiosidades


El misterio del infiltrado.

 José Riverol 2 septiembre, 2022 


En la siguiente posición juegan la blancas, pero la pregunta es: ¿Ha habido alguna coronación en este juego?








"
https://nau64.com/el-misterio-del-infiltrado/,1,"Navegación de entradas
Magnus Carlsen te aconseja para mejorar tu ajedrez!MF Andreina Quevedo"
https://nau64.com/el-sube-baja-de-la-celeste/,0,"Olimpiada


El sube y baja de la celeste en la 7ma ronda de la Olimpiada de Ajedrez.

 José Riverol 18 septiembre, 2024 


Este miércoles 18 de septiembre se desarrolló la séptima ronda de las once pactadas en la 45ª Olimpiada de Ajedrez que se celebra en Budapest.

Los equipos celestes han entrado en una fase de ida y vuelta, pero algo que está claro es que se les ve a todos con mucha confianza y su juego mejora gracias a la exigencia del evento. En mi opinión, e incluso para los dos Grandes Maestros consagrados que tiene el equipo absoluto, todos los jugadores verán reforzado su arsenal ajedrecístico en futuras competiciones.El rival celeste en el Abierto será Indonesia que esta clasificado 89.Vamos a comenzar con la actuación del Equipo Absoluto:

El resultado negativo de 1-3 parece verdaderamente engañozo, las partidas no reflejaron la diferencia entre los charruas y el peligroso elenco de Montenegro que cuenta con todos Grandes Maestros y que venia de sendas victorias ante Francia y Alemania.

El Tablero uno el GM Georg Meier jugó una partida con leve iniciativa, pero su rival al final pudo contrarrestarla y el encuentro finalizó con una repetición de posición. Esta es la segunda tablas que sede nuestro primer tablero quien esta registrando una performance de 2699 pts.

En el segudo Tablero el GM Andrés Rodriguez jugó un encuentro en su más puro estilo, en donde su rival salio levemente superior con la pareja de alfiles, en especial el de casillas oscuras, por esa razón Andrés decidio entregar una calidad para mantener el juego vivo pero su rival supo imponer la ventaja eludiendo el cambio de Damas y la partida se definio pocas jugadas despues, no sin antes intentarlo todo nuestro primer Gran Maestro.

MF Facundo Vazquez nos represento en el tablero 3, él Facu jugó una partida impresionante, manteniendo siempre la iniciativa, su rival al verse superado se la juega todo a una carta sacrificando material y consigue su objetivo, ya que las blancas tenian que jugar muy precisas para seguir con ventaja, pero increiblemente el jugador de Montegro erra su variante final y comete un error al no percartarse de un detalle táctico y que por desgracia tampoco la ve Facundo una jugada intermedia demoledora en la jugada 44 en que le hubiera dado una merecida victoria. Al final la partida termina en tablas también por repetición de posición.
Culal es la jugada del blanco que logra ventaja decisiva?

Por su partes el MI Claudio Coppola jugaba la más complicada ya que su rival le sacaba practicamente 300 puntos de elo. La partida comenzo en un estilo Jobava con colores cambiados, y siempre las negras remandola, tanto es así que la ventaja de las blancas en la jugada 21 era enorme (Ver el Diagrama)
Jugada 21 … y las negras están asfixiadas.
El intento de obtener contrajuego en el ala de rey por parte de Claudio solo aceleró los acontecimientos, ya que en ese sector fueron las blancas las que aprovecharon su mejor colocación de piezas con un hermoso sacrificio que se ve en el siguiente diagrama
32.Cxe6+ y todo se termino para las negras.
Las partidas del Equipo Absoluto:

Actuación Equipo Femenino 7ma Ronda
El equipo femenino llegaba a este encuentro como favorito, gracias a su mejor posición en el ranking previo, pero estos matches siempre son difíciles y cualquier cosa puede suceder.Por suerte, las jugadoras rindieron y se está viendo una gran madurez y mejora en su juego. El MF Gabriel Curi, entrenador del equipo, nos cuenta que el compromiso se ve día a día, tanto en las reuniones matutinas de preparación como en las sesiones nocturnas de revisión de partidas.

En el primer tablero, la WFM Andreina Quevedo está teniendo una actuación sobresaliente con una performance de 2038, casi 200 puntos por encima de su ELO. En este encuentro, salió muy bien desde la apertura y consiguió una ventaja posicional que transformó en ventaja de material con un elegante intercambio de damas (ver diagrama).
La combinación de 31.Dxg5 Txg5 seguida de 32.g4 es realmente ingeniosa. La Torre negra queda completamente atrapada, sin posibilidad de escape. La mejor opción es sacrificarla por el Alfil para al menos llevarse algo en el camino.

La WCM Natalia Silva jugó con negras la Defensa Holandesa y rápidamente consiguió una posición favorable maniobrando con su Caballo y Dama con fuerte iniciativa en el ala de Rey. La balanza parecía inclinarse a su favor, pero se saltó una hermosa jugada que le habría dado una ventaja decisiva en el movimiento 22. Posteriormente, la Dama de Natalia quedó atrapada, obligándola a sacrificar un Peón. Desde ese momento, la partida se complicó para las negras. Sin embargo, contaban con la ventaja del apuro de tiempo y la presión ejercida por sus piezas. Finalmente, Natalia logró ejecutar un mate muy bonito (ver diagrama).


Camila Cardozo jugó en la mesa 3 una Londres y se produjo una posición con iguales posibildades, hasta que su rival comete un error y mermite a las blancas un bella jugada 17.Db4! que le deja con Peón de ventaja que Camilia supo imponer sin muchos contratiempos. 
17.Db4! y las negras pierden un Peón.

Por su parte la más joven del equipo debio tambien ganar el punto, (Ver Diagrama)
19…Cb3!
Pero la partida fue un verdadero ida y vuelta que se termino definiendo en un final igualado y dividiendo el punto. En Resumen un buen triunfo celeste en el Femenino, el jueves se miden ante Paraguay clasificadas 64. 
Ver las partdas del Equipo Uruguayo Femenino.

Estaremos comentando en detalle las actuaciones de nuestros jugadores y nuestras jugadoras a lo largo del evento.Nos podrán seguir en nuestras Redes Sociales:Youtube – Twitch – Instagram – Facebook – X Twitter – TikTokPodes sumarte a nuestro canal de Whatsapp









Navegación de entradas
45a Olimpiada de Ajedrez R06: India emerge como líder único en ambas secciones45ª Olimpiada de Ajedrez R07: India sigue brillando y gana todas las partidas



			2 thoughts on “El sube y baja de la celeste en la 7ma ronda de la Olimpiada de Ajedrez.”		





 Milagros Costa dice: 

20 septiembre, 2024 a las 01:29 


Felicitaciones a las chicas!.
Y felicitaciones por el mini periódico  muy buena redacción hasta pareciera que viviera yo aquellas partidas tan difíciles, es como si estuviera allá con las imágenes, el relato y la emoción que trasmite .
"
https://nau64.com/el-sube-baja-de-la-celeste/,1,"Muy buena partida la Andreina!!.
Éxitos en las próximas.
Estaré esperando la siguiente sección.
Saludos a todos !







 José Riverol dice: 

20 septiembre, 2024 a las 11:19 


Gracias por tu comentario Milagros, seran dados los saludos.
Nos vemos!






"
https://nau64.com/el-sube-baja-de-la-celeste/,2,Comments are closed.
https://nau64.com/emanuel-jesus-se-llevo-el-xxi-aniversario-open-de-nau64/,0,"Academia
FIDE
Internacional
Partidas
Torneos
Videos


Emanuel Jesus Se llevó el XXI aniversario Open de nau64

 Bryan Lopez 29 diciembre, 2025 


En Nau64, los días 20 y 21 de diciembre se desarrolló el XXI Aniversario de nuestra academia. Este evento constó de tres torneos. "
https://nau64.com/emanuel-jesus-se-llevo-el-xxi-aniversario-open-de-nau64/,1,"Uno de ellos fue el Torneo Aniversario Open, el cual se disputó en ambos días, jugándose 4 rondas el sábado y 3 rondas el domingo, Se desarrolló bajo el formato sistema suizo de 7 rondas, con un ritmo de 15 minutos más 10 segundos de incremento por jugada, siendo el evento valido para el elo rapido FIDE.
Jugada la última Ronda:El cubano MF Emanuel Jesús De la Fe Almeida se proclamó campeón de esta edición 6 puntos de 7 posibles, Levandose un hermoso trofeo y $4000.
Damos a continuación la lista de los premiados:Vicecampeón el MI Facundo Vázquez con 6 puntos. (Trofeo y $2500)Tercer Puesto el MN Nicolás Kulik con 5 puntos. (Trofeo y $1500)Cuarto Puesto Juan Rivas Puch con 5 puntos (Medalla y $1000)Quinto Puesto Aurelio Durante con 5 puntos (Medalla)Campeona Femenina Agustina Silva (Trofeo y $1000)Segundo Puesto Femenino Sofía Caballero Lavalle (Medalla)Tercer Puesto Femenino Evangelina Polito (Medalla)Mejor Sub-2000 Benjamín Martello (Medalla y $1000)Mejor Sub-1600 Matteo Reyes (Medalla)Mejor No Rankeado Blanca Rodrigues (Medalla)Mejor Senior +50 el AFM Antonio Fernandez (Medalla)Mejor Sub-18 Ariel Miller (Medalla)Mejor Puesto Sub-14 Renzo Dodera (Medalla)Mejor Jugador de Nau64 Benjamín Martello (Trofeo y $1000)
Este evento Culminó con un nivel competitivo muy alto y una tabla de posiciones que tuvo definiciones ajustadas hasta el final.



La organización reconoce y agradece el apoyo de Itapúa Consultores, cuya colaboración ha hecho posible esta nueva edición.















































































#ajedrez#chess#nau64ajedrezInternacionalTorneo 




Navegación de entradas
Matteo Reyes se llevó el XXI Aniversario sub-14 de Nau64Franco Manteiga Ganador de la Copa AN Edmundo Infante"
https://nau64.com/entre-paridad-y-sorpresas-jairo-araque-brillo-en-el-sabatino-de-nau64/,0,"Torneos


Entre paridad y sorpresas, Jairo Araque brilló en el Sabatino de Nau64

 José Riverol 21 noviembre, 2025 


El sábado 15 de noviembre la academia Nau64 Chess Club volvió a vibrar con su tradicional torneo sabatino, que reunió a 36 apasionados jugadores en una jornada cargada de emoción y buen ajedrez.Este evento tuvo un significado especial: fue el cierre de los talleres de nuestro compañero Fernando Bonilla, cuyos alumnos se sumaron con entusiasmo, demostrando todo lo aprendido en un ambiente competitivo y fraterno. El torneo se disputó bajo el sistema suizo a 6 rondas, con un ritmo dinámico de 10+5, que dio lugar a partidas intensas, sorpresas inesperadas y una paridad que mantuvo la tensión hasta el final.La organización cuidó cada detalle y, como garantía de seriedad y excelencia, el árbitro fue el Maestro Jose Riverol, quien con su experiencia y dedicación aseguró que cada partida se desarrollara en un marco impecable.
"
https://nau64.com/entre-paridad-y-sorpresas-jairo-araque-brillo-en-el-sabatino-de-nau64/,1,"🏆 Premiados

Ganador absoluto: Jairo Araque
2º puesto: Evangelina Polito
3º puesto: AFM Antonio FernándezCategoría Femenina


WNM Nahiara Fabra
Michelle Robles
Blanca Rodríguez
Celina Morales
Paulina Lupo👦 Sub-18
Rodrigo Pons
Benjamín Martello
Nathaniel Fabra👦 Sub-14
Mateo Reyes
Renzo Dodera
Serafín Palleiro👧 Sub-12
Lara Escaris
Leandro Lozano
Martín Wilson
Manuel Soca🌟 No Rankeado


1º puesto: Sol Sánchez

De esta forma, el torneo no solo coronó a sus campeones, sino que también celebró el espíritu de comunidad y aprendizaje que caracteriza a Nau64.

Tabla de posiciones

Partidas y videos










































 








Navegación de entradas
Copa AN Edmundo Infante – NAU64Con solo 13 años, conquista el Sabatino Rápido de Nau64!"
https://nau64.com/entrenamiento-intensivo-para-el-festival-de-la-juventud-2023/,0,"Academia
Clases


Entrenamiento Intensivo para el Festival de la Juventud 2023.

 José Riverol 2 abril, 2023 


Entrenamiento para el Festival de las Categorías 2023 en nau64.Se viene unos de los Torneos más importantes para los jóvenes jugadores de nuestro país, la Academia de Ajedrez nau64 va a participar con sus alumnos de dicho evento y queremos colaborar en el avance de todos los juveniles uruguayos. Para eso desarrollamos un entrenamiento intensivo para las vacaciones de turismo.
Lunes 3 abril – 15:00 a 18:00 hs.Entrenamiento de cálculo, estudio de finales y consultas sobre aperturas.Miércoles 5 abril – 15:00 a 18:00 hsEntrenamiento de cálculo, estudio de finales y consultas sobre aperturas.Sábado 8 abril – 15:00 a 20:00 hs.Práctica y análisis con Torneo Rápido (Ritmo 10+5)
Costo general: $600Actividad GRATUITA para los ALUMNOS de la Academia.Para participar o pedir más información: 099 556 123 MF José Riverol.
Métodos de Pago:Transferencia por internet: CuentaBROU: 00041748200002 caja de ahorro en pesos.Si es por cajero en Abitab o Red Pagos el número es 1960 553 200 en caja de ahorro en pesos. "
https://nau64.com/entrenamiento-intensivo-para-el-festival-de-la-juventud-2023/,1,"A nombre de José Riverol.Santander: Transferencias dentro de Santander Cuenta: 1201640616 – Moneda: UYU Sucursal: 73 -Arocena.Transferencias desde otros bancos: Cuenta: 0073001201640616 – Moneda: UYU
Mi Dinero Local a la cedula 1.818.925-2 ó Vía App N- 8379196 en este caso la inscripción es de $650 por los gastos de comisión que implica la entidad de Mi Dinero.Cuenta Prex: 1211475 – José Riverol.Luego de hecho el depósito enviar foto del comprobante al Whatsapp 099 556 123.








Navegación de entradas
Coronamos a un nuevo PIRATA GARFIO RELOJEROPascuas en nau64"
https://nau64.com/este-jueves-festejaremos-juntos-el-hecho-de-ser-4444-seguidores-en-el-canal-de-twitch/,0,"Curiosidades
Online


Este Jueves Festejaremos JUNTOS el hecho de ser 4444 seguidores en el CANAL de TWITCH

 Marcelo 7 marzo, 2023 


Si amigos y amigas, somos ya 4444 seguidores en el CANAL de TWITCH, pasaron ya casi 9 años desde entonces y como no festejar tal acontecimiento verdad?
El Jueves PRÓXIMO 9 de Marzo en el PROGRAMA de Tía Vicky se viene el GRAN-GRAN-GRANDISIMO Festejo y ahí están convocados y no pueden faltar (pasaremos lista!!!)
"
https://nau64.com/este-jueves-festejaremos-juntos-el-hecho-de-ser-4444-seguidores-en-el-canal-de-twitch/,1,"Queremos agradecer y celebramos la pronta incorporación al equipo de nau64 del amigo y compañero Mr_Fokcs a quien le pertenece el dibujo de la promoción (un espectáculo verdad?)








Navegación de entradas
Te invitamos a conocer a fondo al compañero gualanday,…TRUENOS en el TABLERO, acá TODA la información de la QUINTA SEMANA actualizada Ronda a Ronda"
https://nau64.com/fabulosa-liga-atraco/,0,"Online


Fabulosa Liga ATRACO

 Marcelo 13 mayo, 2025 


El día Domingo 11 de Mayo del corriente año en el prestigioso Club nau64 de chess com se disputo el primer GOLPE de lo que es la Fabulosa Liga ATRACO.Un total de 20 participantes se dieron cita en busca de lograr chorear ELO ademas de pelear por ser el mejor en dicho torneo,… lo intentaron y dejaron todo durante 2 hrs (hasta hubieron ratones de PC rotos de por medio), fue una muy divertida contienda de la cuál se termina quedando con el titulardo de Campeón el amigo War_Machine con un total de 129 puntos y sumando 36 Victorias y 6 Derrotas sin empates y aunque usted no lo crea le chorearon 43pts de ELO!Sin lugar a dudas los amigos de lo ajenos son increíbles!!!

Listado completo de la tabla de posiciones:

A continuación el conteo final del ELO sea ganado como perdido, se sorprenderán!!!


"
https://nau64.com/fabulosa-liga-atraco/,1,"Recordar todos los Domingos (de momento) estará programado el torneo de la Fabulosa Liga ATRACO que se desarrollará on-line,… donde mas que en el Club nau64 de chess com del cual se proyecta pasarlo en stream por twitch pero esto mas adelante, lo último son partidas a 1min a finish así que entrenar esas muñecas, brazos y antebrazos amiguines!!!








Navegación de entradas
Clases online de Ajedrez8 de junio comienza el Primer Torneo Domingos de Gambito"
https://nau64.com/feliz-2025/,0,"Online


Feliz 2025!

 José Riverol 31 diciembre, 2024 


Estimados ajedrecistas,
En nombre de la Academia de Ajedrez Nau64, queremos extenderles nuestros más cordiales saludos y deseos para este nuevo año 2025. Que este año esté lleno de grandes logros, partidas emocionantes y mucho aprendizaje en el apasionante mundo del ajedrez.
"
https://nau64.com/feliz-2025/,1,"Nuestro compromiso es seguir apoyándolos en su crecimiento y desarrollo, brindándoles las mejores herramientas y conocimientos para que cada uno de ustedes pueda alcanzar su máximo potencial. Esperamos que este 2025 esté lleno de nuevos desafíos y éxitos en cada uno de sus tableros.
¡Felices jugadas y que el espíritu del ajedrez nos guíe siempre!
Con aprecio,¡Academia de Ajedrez Nau64!
👉♟️ Te invitamos a ver los nuevos cursos y talleres disponibles para el 2025. https://nau64.com/actividades/



#ajedrez#chess 




Navegación de entradas
¡Nuevo espacio! Ajedrez SocialNuevo Año: Hábitos que Transforman tu Juego"
https://nau64.com/fernandez-imparable-campeon-con-puntaje-perfecto-en-el-sabatino-rapido/,0,"Online


Fernández imparable: campeón con puntaje perfecto en el Sabatino Rápido.

 José Riverol 22 febrero, 2026 



En la tarde del sábado 7 de febrero, el ajedrez volvió a ser protagonista con un Torneo Sabatino Rápido válido para el Elo FIDE, que reunió a 20 participantes en una jornada vibrante.



El gran héroe de la tarde fue el AFM Antonio Fernández, quien, pese a partir como cuarto preclasificado, desplegó un ajedrez impecable y se consagró campeón con un puntaje ideal: 5 victorias en 5 partidas. "
https://nau64.com/fernandez-imparable-campeon-con-puntaje-perfecto-en-el-sabatino-rapido/,1,"Una actuación que quedará grabada como ejemplo de constancia y talento.



La emoción no terminó allí: en la segunda posición, con 4 puntos, brilló la juvenil campeona Sub-16 Agustina Silva, demostrando que el futuro del ajedrez ya está entre nosotros. 



El podio lo completó el jugador español Facundo Rodríguez, quien con 3½ puntos dejó su sello en esta intensa jornada.



Como siempre, el evento fue transmitido en vivo a través de nuestros canales de Twitch y YouTube, permitiendo que la comunidad disfrutara cada jugada y celebrara junto a nosotros.Finalmente, compartimos la tabla de posiciones y los links a las fotos del evento, para revivir cada momento de esta inolvidable tarde sabatina.







El Blitz encendió la noche del sábado 7 de febrero.Tras la intensidad del Torneo Rápido, la jornada sabatina continuó con un electrizante Torneo Blitz en modalidad 3+2, donde la velocidad y la precisión fueron protagonistas. La definición no pudo ser más emocionante: Daniel León se alzó con el título gracias al sistema de desempate, imponiéndose sobre Mateo Contardi, ambos con 3½ puntos.





Mateo Contardi y Daniel Leon.

El Blitz dejó partidas vibrantes, llenas de tensión y creatividad, que mantuvieron a los espectadores al borde de sus asientos. Una verdadera fiesta del ajedrez rápido que cerró con broche de oro una jornada inolvidable.















Navegación de entradas
Ajedrez entre Amigos – Torneo Amateur Nau64Fiesta de ajedrez en Nau64: Torneo para No Rankeados y Sub-1600"
https://nau64.com/final-del-festival-de-reyes-2026/,0,"Academia
Partidas
Torneos
Uruguay
Videos


Final del Festival de Reyes 2026

 José Riverol 27 enero, 2026 


XVII Festival de Reyes – Academia NAU64
Entre el 9 y el 11 de enero se llevó a cabo en la Academia NAU64 la XVII edición del tradicional Festival de Reyes, evento que reunió a destacados referentes del ajedrez nacional e internacional. En esta oportunidad se disputaron tres torneos válidos para el Elo FUA y FIDE: el Torneo Open y dos competencias juveniles, bajo la organización del AFM Bryan López y AA/AFM Avril Stefano.
"
https://nau64.com/final-del-festival-de-reyes-2026/,1,"En el Torneo Open participaron reconocidos maestros uruguayos como el MN Mario Saralegui, el NM Álvaro Guerrero, el CM Leonardo Vaz y la WCM Daiana De León, junto a jóvenes talentos de distintas categorías. Todas las partidas Del Open en LichessEn la Serie Juvenil A se destacaron el MN Nicolás Kulik (campeón Sub-18) y Benjamín Martello (campeón Sub-20). Todas las partidas Del Cerrado A en LichessEn la Serie Juvenil B, la competencia estuvo marcada por la presencia femenina, con Evangelina Polito consagrándose campeona y Agustina Silva obteniendo el segundo lugar. Todas las partidas Del Cerrado B en Lichess
El Festival incluyó además cinco torneos Blitz en la plataforma Chess.com, con la participación de cientos de jugadores, consolidando la proyección digital del evento.

Resultados
Torneo Open

Campeón: NM Álvaro Guerrero
2.º puesto: Jairo Araque (Venezuela)
3.º puesto: MN Mario Saralegui
4.º puesto: Lautaro Varela (Durazno)
5.º puesto: CM Leonardo Vaz (único invicto)
Mejor jugadora: WCM Daiana De León
2.ª mejor dama: Silvana Araque
Mejor Sub-1800: Ernesto Blanco
Mejores representantes de la Academia: Emiliano Baptista, Charlie Posada y José Mazzeo 

A continuación fotos de los premiados del Torneo Open:













Ronda 1: Ernesto Rudemar Blanco vs MN Alvaro Guerrero





Ronda 2:  MN Alvaro Guerrero vs Carlos Martinez Garay


Ronda 3: MN Mario Saralegui vs MN Alvaro Guerrero





Ronda 4: Jairo Araque vs MN Mario Saralegui


Ronda 5: MN Alvaro Guerrero vs Jairo Araque





A continuación fotos de los premiados de los Torneos Cerrados:




Serie Juvenil A

Campeón: MN Nicolás Kulik
Subcampeón: Benjamín Martello


Serie Juvenil B

Campeona: Evangelina Polito
Subcampeona: Agustina Silva


Partidas Jugadas en los tableros DGT:
Ronda 1: Juan Cayetano vs MN Nicolas Kulik Serie A


Ronda 2: Diego Moreno vs Evangelina Polito Serie B


Ronda 3: Benjamin Martello vs MN Nicolas Kulik Serie A


Ronda 4: Agustina Silva vs Evangelina Polito Serie B


Ronda 5: Mateo Varela vs MN Nicolas Kulik Serie A


Cobertura y difusión
El evento fue transmitido en directo con comentarios del MF José Riverol y la colaboración de jugadores invitados en los canales oficiales de YouTube y Twitch, alcanzando más de 10.000 visualizaciones.Las partidas se encuentran disponibles en la plataforma Lichess, mientras que las fotografías oficiales pueden consultarse en las redes sociales de la Academia (Instagram y Facebook).









Navegación de entradas
XVII Torneo de Reyes VALIDO ELO FUA/FIDEBenjamín Martello se llevó el Sabatino rápido de nau64"
https://nau64.com/franco-manteiga-ganador-de-la-copa-an-edmundo-infante/,0,"Academia
FIDE
FUA
Match
Partidas


Franco Manteiga Ganador de la Copa AN Edmundo Infante

 Bryan Lopez 29 diciembre, 2025 


En la academia de Nau64, desde el 29 de noviembre al 14 de diciembre se celebró la primera edición de la Copa AN Edmundo Infante. En la cual participaron jugadores de gran talla como Andrés Benitez, el CM Franco Manteiga, Carlos Martinez Garay y Gonzalo Nakle, el cual luego de la primera ronda no pudo continuar por temas de salud y así el jugador Gustavo Rodriguez Sosa supló su lugar.Todas las partidas fueron retransmitidas por los canales oficiales de Youtube y Twitch de nau64.La organización aseguró que en 2026 el evento volverá a realizarse, incorporando mejoras que permitirán la participación de un mayor número de ajedrecistas en esta excelente cita.
Se jugó bajo un sistema cerrado validos para el elo FUA y FIDE a matches de dos partidas (Ritmo 60+30), en caso de los empates se llevó a desempates blitz (3+2). Ademas el evento fue arbitrado por el MF/FA José Riverol.
Premios:

1º lugar: USD 300
2º lugar: USD 200
3º lugar: USD 100
4º lugar: USD 50
Total: USD 650 en premios

Luego de la culminación de este evento la tabla de posiciones es la siguiente
Campeón el CM Franco Manteiga2do Lugar Andres Benitez3er Lugar Carlos Martinez Garay4to Lugar Gustavo Rodriguez Sosa

A continuación los resultados ronda a ronda:Sábado 29 de noviembrePrimer Match Serie A Gonzalo Nakle vs Andrés Benites, el cual culminó con la victoria del Serrano 1½ a ½.

Primer Match Serie B el CM Franco Mateiga vs Carlos Nartinez Garay, el cual culminó con la victoria del representante del Club de la Fortaleza 2 a 0.

Domingo 14 de diciembreMatch por el 3er Puesto Carlos Martinez Garay vs Gustavo Rodriguez Sosa, luego de las dos partidas standard ambos jugadores quedaron 1 a 1 por lo cual se definieron en los desempates a muerte súbita en los cuales el duraznense se impuso con un contundente 2 a 0 .









Match por el 1er Puesto Andrés Benitez vs el CM Franco Manteiga, el cual este ultimo se logró imponer con un contundente 2 a 0, proclamándose Campeón de esta primera edición.








#ajedrez#chess#nau64ajedrez#uruguayTorneo 




Navegación de entradas
Emanuel Jesus Se llevó el XXI aniversario Open de nau64Cuartos C.A. "
https://nau64.com/franco-manteiga-ganador-de-la-copa-an-edmundo-infante/,1,Cerro clasificatorios a las Semifinales del Campeonato Uruguayo 2026
https://nau64.com/franco-ugarte-y-bruno-escardo-campeones-en-los-sabatino/,0,"Partidas
Sabatino
Torneos
Uruguay


Franco Ugarte y Bruno Escardo, Campeones en los Sabatinos

 Academia Nau64 27 junio, 2026 


Este sábado 20 de Junio, se disputaron los torneos sabatinos de rápidas y blitz. En esta ocasión, no fueron válidos para Elo FIDE, como es tradicional, debido a que se estaba disputando en paralelo el Campeonato Nacional por Equipos de Rápidas.




"
https://nau64.com/franco-ugarte-y-bruno-escardo-campeones-en-los-sabatino/,1,"El torneo de rápidas se jugó bajo el sistema suizo a 4 rondas, con un ritmo de juego de 10’+5″. Por su parte, el torneo de blitz se disputó también bajo el sistema suizo, a 5 rondas, con un ritmo de juego de 3’+2″.
Los ganadores fueron Franco Ugarte en Rapidas y en Blitz Bruno Escardo.


Aquí dejamos la tabla de posiciones, junto con los videos de cada partida para revivir los momentos más emocionantes, además de las fotos disponibles en nuestras redes de Facebook e Instagram.El evento fue transmitido, como siempre, en nuestros canales de YouTube y Twitch.Club Online: https://www.chess.com/club/nau64?ref_id=4411389Seguí toda la acción en vivo con los Comentarios del MF Jose Riverol y su quipo de prmera!:YouTube: https://www.youtube.com/@nau64Twitch: https://www.twitch.tv/nau64ajedrez¿Querés estar al tanto de todo?Unite a nuestro canal de WhatsApp:whatsapp.com/channel/0029VaAf3s565yDBpnBdJg42
Rapidas









Ronda 1

Mesa 1



Mesa 2



Ronda 2

Mesa 1



Mesa 2



Ronda 3

Mesa 1



Mesa 2



Ronda 4

Mesa1



Mesa 2



Blitz






Nos reencontramos el próximo sábado 27 de junio a las 16hrs con más torneos rápidos y blitz con validez para elo FIDE.



#ajedrez#chess#Nau64#uruguayTorneo 




Navegación de entradas
Open 136 el 20 de julio Torneo Pensado (FIDE)Juan Esquibel ganó el sabatino rápido"
https://nau64.com/gian-franco-imparable-en-rapidas-gustavo-se-aduena-del-blitz/,0,"Partidas
Sabatino
Torneos


Gian Franco imparable en rápidas, Gustavo se adueña del blitz.

 Academia Nau64 19 agosto, 2026 


Este sábado 15 de agosto la Academia Nau64 volvió a vibrar con los tradicionales torneos de Rápidas y Blitz, que reunieron a una gran cantidad de jugadores en un ambiente competitivo y festivo.
Torneo de Rápidas
Con ritmo de 10+5 y sistema suizo a 5 rondas, el torneo regaló partidas intensas y emocionantes.
Gian Franco Dotta se consagró campeón con puntaje perfecto: 5/5, demostrando solidez y precisión en cada encuentro. El segundo lugar fue para Agustina Silva, quien además se llevó el premio a la mejor jugadora femenina, con un excelente score de 4/5.

Gian Franco Dotta se consagró campeón del torneo con puntaje perfecto: 5 puntos sobre 5 posibles.

El segundo lugar fue para Agustina Silva, quien también obtuvo el premio a la mejor jugadora femenina, con 4 puntos sobre 5 posibles.
Aquí dejamos la tabla de posiciones, junto con los videos de cada partida para revivir los momentos más emocionantes, además de las fotos disponibles en nuestras redes de Facebook e Instagram.El evento fue transmitido, como siempre, en nuestros canales de YouTube y Twitch.Club Online: https://www.chess.com/club/nau64?ref_id=4411389Seguí toda la acción en vivo con los Comentarios del MF Jose Riverol y su quipo de prmera!:YouTube: https://www.youtube.com/@nau64Twitch: https://www.twitch.tv/nau64ajedrez¿Querés estar al tanto de todo?Unite a nuestro canal de WhatsApp:whatsapp.com/channel/0029VaAf3s565yDBpnBdJg42


Por mas datos del torneo de rápidas y el evento en FIDE.

Partidas
Ronda 1
Mesa1


Mesa 2






Ronda 2

Mesa 1


Mesa 2






Ronda 3

Mesa 1


Mesa 2






Ronda 4

Mesa 1


Mesa 2






Ronda 5

Mesa 1


Mesa 2






Torneo Blitz
El torneo se disputó bajo el sistema suizo a 6 rondas, con un ritmo de juego de 3 minutos más 2 segundos de incremento.
Fue un torneo muy equilibrado, y el sistema de desempate tuvo que utilizarse para definir el primer lugar, que terminaron igualados con 5 puntos sobre 6 posibles, como el tercer y cuarto puesto, ambos con 4 puntos sobre 6 posibles.

El campeón fue Gustavo Otero, quien igualó en puntaje con Hugo González.
A continuación, presentamos la tabla de posiciones del torneo Blitz y la galeria de fotos.


Por mas detalles del torneo blitz y el evento en FIDE.
Nos reencontramos el próximo Sábado 22 de agosto a las 16:00 horas para disfrutar de nuevos torneos de rápidas y blitz.




#ajedrez#chess#Nau64#nau64ajedrezTorneo 




Navegación de entradas
Open 136 – Ronda 4 Diego Moreno domina!La Casona vibró con ajedrez y tres campeones de Cerro.



Deja una respuesta Cancelar la respuestaTu dirección de correo electrónico no será publicada. "
https://nau64.com/gian-franco-imparable-en-rapidas-gustavo-se-aduena-del-blitz/,1,"Los campos obligatorios están marcados con *Comentario * Nombre 
Correo electrónico 
Web 
 Notify me of follow-up comments by email. Notify me of new posts by email. 

Δ"
https://nau64.com/ii-sub-1600-de-nau-64/,0,"Academia
FIDE
Partidas
Torneos
Uruguay


II Amateur Sub 1600 de NAU 64

 Academia Nau64 12 julio, 2026 


Este jueves 2 de julio finalizó el Segundo Torneo de Rápidas Sub-1600. La competencia se disputó a razón de una ronda por jueves, con un ritmo de juego de 20 minutos más 10 segundos de incremento por jugada. "
https://nau64.com/ii-sub-1600-de-nau-64/,1,"Se jugaron un total de cinco rondas bajo el sistema suizo y el torneo fue válido para el ELO FIDE.

A continuación Fotos de los ganadores

El Campeón del torneo fue Pedro Romero, quien obtuvo 4,5 puntos sobre 5 posibles, siendo el único jugador en alcanzar esa puntuación.


El segundo puesto fue para Santiago Díaz, con 4 puntos sobre 5, imponiéndose por sistema de desempate.


El tercer lugar correspondió a Lemuel Eisses, también con 4 puntos sobre 5.


El cuarto lugar fue para Jorge Rodríguez Rearden, con 3,5 puntos sobre 5.


El quinto lugar fue para Tomas Calza, quien sumó 3 puntos sobre 5.

A continuación los Premios por categorías:


Mejor No Rankeado: Lucas Wajner, con 2 puntos sobre 5.


Mejor Femenina: Blanca Rodríguez, con 3 puntos sobre 5.

Mejor NAU 64: Alexis Baladón, con 3 puntos sobre 5.


Mejor Sub-14: Samuel Lozano que obtuvo 3 de 5 puntos.
Aquí dejamos la tabla de posiciones, junto con los videos de cada partida para revivir los momentos más emocionantes, además de las fotos disponibles en nuestras redes de Facebook e Instagram.El evento fue transmitido, como siempre, en nuestros canales de YouTube y Twitch.Club Online: https://www.chess.com/club/nau64?ref_id=4411389Seguí toda la acción en vivo con los Comentarios del MF Jose Riverol y su quipo de prmera!:YouTube: https://www.youtube.com/@nau64Twitch: https://www.twitch.tv/nau64ajedrez¿Querés estar al tanto de todo?Unite a nuestro canal de WhatsApp:whatsapp.com/channel/0029VaAf3s565yDBpnBdJg42




Partidas

Ronda 1

Mesa 1



Mesa 2






Ronda 2

Mesa 1



Mesa 2






Ronda 3

Mesa 1



Mesa 2






Ronda 4

Mesa 1



Mesa 2






Ronda 5

Mesa 1



Mesa 2






Nos reencontramos el próximo sábado 11 de julio a las 16hrs con más torneos rápidos y blitz con validez para elo FIDE.



#ajedrez#nau64ajedrez#uruguayTorneo 




Navegación de entradas
CM Tabare Bustelo y Miguel Pinto, Campeones del sabatinoSorpresa: Miguel Pinto y Daniel Kaciusis Campeones"
https://nau64.com/inauguracion-de-la-45-olimpiada-de-ajedrez/,0,"Olimpiada


Inauguración de la 45 Olimpiada de Ajedrez

 José Riverol 11 septiembre, 2024 


La gran inauguración de la 45ª Olimpiada de Ajedrez tuvo lugar en el Centro Deportivo Dr. Jeno Koltai de Budapest, y reunió a miles de personas: jugadores de 194 países (un récord absoluto), capitanes de equipos, delegados del Congreso de la FIDE, funcionarios, invitados al torneo y medios de comunicación.

        View this post on Instagram            A post shared by FIDE (@fide_chess)

El ambiente estuvo marcado por las actuaciones de Lilla Vincze, una aclamada cantante húngara, y Jason Kouchak, un pianista y compositor de renombre internacional, complementadas con vistas aéreas de la hermosa Budapest en la pantalla detrás de ellos. Juntos, Lilla y Jason, un ajedrecista aficionado, compusieron una canción titulada “Royal Game”, que se estrenó esta noche.

Los anfitriones de la ceremonia dieron la bienvenida a todos a la capital húngara y señalaron que este año marca un momento verdaderamente especial en la historia del ajedrez, ya que celebramos el centenario de la Federación Internacional de Ajedrez. Durante el siglo pasado, la FIDE ha trabajado incansablemente para promover los valores universales del ajedrez, reuniendo mentes de todos los rincones del mundo en un espíritu de amistad, respeto y competencia.Written by WGM Anna BurtasovaPhotos: Michal Walusza




Estamos a horas del arranque de la 45 Olimpiada de Ajedrez en Budapest, los primeros equipos siempre son los más fuertes, algunos ejemplos.
Los mejores 4 absolutos:Ell actual número uno del mundo, el Gran Maestro Magnus Carlsen, está preclasificado en el puesto 6 junto a su equipo de Noruega. Por su parte, los celestes ocupan el puesto 59 entre los 197 equipos inscritos. "
https://nau64.com/inauguracion-de-la-45-olimpiada-de-ajedrez/,1,"¡Será súper emocionante ver cómo se desenvuelven en este prestigioso torneo internacional!

Por su parte las principales formaciones de los equipos femeninos tenemos a:

El equipo de Uruguay está en el puesto 96 de 186 equipos.
Luego de la Inauguración del evento que fue a todas luces organizado maravillosamente se realizaron el sorteo de los emparejamientos, donde la mesa uno salió sorteado comenzar de piezas negras el primer tablero de los equipos Absoluto y Femenino.Los principales emparejamientos del absoluto fueron:

Uruguay en el equipo absoluto tiene un rival a priori accesible y se prevé una victoria.

Mientras que en el femenino será así:

El equipo femenino uruguayo tendrá un interesante match contra el team de Kazakhstan pre clasificado 10 y que tiene en sus filas a 5 tituladas y que le saca unos 500 pts de diferencia el en elo promedio. 


El emparejamiento se realiza a las 10:00 am hora local.En ChessResult se puede ver la lista de los jugaodres, equipos etc.
Estaremos comentando en detalle las actuaciones de nuestros jugadores y nuestras jugadoras a lo largo del evento.Nos podrán seguir en nuestras Redes Sociales:Youtube – Twitch – Instagram – Facebook – X Twitter – TikTokPodes sumarte a nuestro canal de Whatsapp








Navegación de entradas
Uruguay a la Olimpiada 2024Ronda 1 de la Olimpiada de Ajedrez"
https://nau64.com/india-triunfa-en-la-45a-olimpiada-de-ajedrez-ganando-tanto-la-seccion-abierta-como-la-femenina/,0,"Olimpiada


India triunfa en la 45ª Olimpiada de Ajedrez, ganando tanto la sección abierta como la femenina.

 José Riverol 22 septiembre, 2024 


La India ha recorrido un largo camino desde que Vishy Anand quien allanó el camino para la nueva generación de ajedrecistas. Han surgido jóvenes talentos que han crecido hasta convertirse en algunos de los mejores jugadores del mundo. Gukesh D triunfó en el Torneo de Candidatos a principios de este año y ahora la India ha dominado por completo la 45.ª Olimpiada de Ajedrez.


Gukesh y medalla de Oro – La Partida.

El equipo formado por Gukesh D, Praggnanandhaa R, Arjun Erigaisi, Vidit Gujrathi y Harikrishna Pentala, con Srinath Narayanan como capitán, lideró todo el torneo, ganando 10 partidos y empatando uno. Antes de la última ronda, llevaban 2 puntos de ventaja sobre China. En la ronda final, India solo necesitaba un empate para confirmar las medallas de oro o que China no ganara su partido. Sin embargo, India siguió presionando para conseguir la victoria y derrotó a Eslovenia por 3½-½.Gukesh jugó un torneo fenomenal, anotando 9 puntos en 10 partidas y ganando la medalla de oro individual en el tablero superior. Arjun Erigaisi también fue un héroe del equipo, anotando 10 puntos en 11 partidas y ganando el oro individual en el tablero tres. Ambos mejoraron significativamente sus calificaciones FIDE y están cerca de romper la barrera de los 2800. De hecho, Erigaisi está a solo un par de puntos de esta hazaña.
Todas las Partidas de la Ronda 11 del Abierto.



El equipo femenino tuvo un comienzo muy fuerte, liderando el evento después de 7 rondas, habiendo ganado todos sus partidos. Tropezaron en la ronda 8, perdiendo contra Polonia y luego empatando con el equipo de EE. UU., pero hicieron una fuerte remontada en las rondas finales. Al entrar en la ronda final, India estaba empatada en primer lugar con Kazajstán, y la carrera por las medallas estaba muy reñida.El equipo de Harika Dronavalli, Vaishali R, Divya Deshmukh, Vantika Agrawal y Tania Sachdev, con Abhijit Kunte como capitán, demostró una gran compostura y cumplió, ganando el partido final contra Azerbaiyán 3½-½. Al mismo tiempo, Kazajstán solo empató con EE. UU. 2-2, lo que convirtió a India en el único ganador del evento.Divya Deshmukh, de 18 años, una nueva incorporación al equipo, fue imparable durante todo el evento. Jugó todos los partidos, anotó 9.5 puntos y aseguró la victoria crucial en el partido final. El oro individual a bordo del tercer barco es un premio bien merecido para ella.

La lucha por las medallas de plata y bronce fue feroz en ambas secciones. Cinco equipos empataron en el segundo lugar en la sección abierta. El equipo de EE. UU., el favorito en la clasificación del evento, derrotó a China en una ronda final muy reñida para unirse a ellos con 17 puntos. El campeón defensor, Uzbekistán, venció por poco a Francia, Serbia triunfó sobre Ucrania por 3.5-0.5 y Armenia derrotó por poco a Irán, todos para unirse al grupo con 17 puntos. Los desempates favorecieron a EE. "
https://nau64.com/india-triunfa-en-la-45a-olimpiada-de-ajedrez-ganando-tanto-la-seccion-abierta-como-la-femenina/,1,"UU., que se llevó la plata, y a Uzbekistán, que se llevó el bronce.

En la categoría femenina, Kazajstán tuvo una actuación sólida durante todo el evento, luchando por el oro hasta el final, y finalmente se quedó con la plata. Cuatro equipos –Estados Unidos, España, Armenia y Georgia– empataron en el tercer puesto, pero los desempates favorecieron al equipo estadounidense, que se llevó la medalla de bronce.
Todas las partidas de la ronda 11 del Femenino.

Resultados de los partidos más disputados: Abierto:

Femenino:

Primeras posiciones tras 10 rondas:Abierto:

Femenino

 Resultados completos:  Chess-results.com – 45ª Olimpiada de Ajedrez  
Escrito por WGM Anna BurtasovaFotos: Michal Walusza, Mark Livshitz, Maria EmelianovaPara obtener más información, visite el sitio web oficial del torneo 
Estaremos comentando en detalle las actuaciones de nuestros jugadores y nuestras jugadoras a lo largo del evento.Nos podrán seguir en nuestras Redes Sociales:Youtube – Twitch – Instagram – Facebook – X Twitter – TikTokPodes sumarte a nuestro canal de Whatsapp








Navegación de entradas
Todo o Nada: La Ronda Final con Esperanza Celeste en BudapestUruguay Cierra con Éxito su Participación en la Olimpiada de Ajedrez"
https://nau64.com/joyita-de-victor-el-terrible/,0,"Curiosidades
Historia
Historias de Ajedrez
Videos


Joyita de Victor el terrible!

 José Riverol 23 abril, 2026 


Víktor Kortchnoi, apodado “El Terrible Víctor”, fue uno de los grandes luchadores de la historia del ajedrez, famoso por su estilo combativo y su longevidad en la élite. En el Memorial Botvinnik de 2011, con 80 años, derrotó a Evgeni Vasiukov en una partida memorable donde la jugada final 47…Tc3 selló la victoria. "
https://nau64.com/joyita-de-victor-el-terrible/,1,"Los invito a ver el Video al final de la Partida!! 
Momento clave:

En la jugada 47…Tc3, Kortchnoi bloquea y prepara la coronación decisiva.
Vasiukov, al intentar coronar, incluso tomó la dama fuera del tablero, pero Kortchnoi con discreción le acercó otras piezas para que coronara correctamente 🙂
Sin embargo, la posición era insostenible y Vasiukov abandonó.














Navegación de entradas
Una Pascuas inolvidable junto al MI Facundo Vázquez22 de mayo comienza el 69 Torneo de los Viernes."
https://nau64.com/juan-esquibel-gano-el-sabatino-rapido/,0,"FIDE
Partidas
Sabatino
Torneos
Uruguay


Juan Esquibel ganó el sabatino rápido

 Academia Nau64 1 julio, 2026 


El sábado 27 de junio se llevó a cabo el tradicional Torneo Cumpleañero de partidas rápidas, como es costumbre, el último sábado de cada mes, celebrando a los jugadores que cumplen años en junio.



El evento se disputó bajo el sistema suizo a cinco rondas, con un ritmo de juego de 10 minutos más 5 segundos de incremento por jugada. "
https://nau64.com/juan-esquibel-gano-el-sabatino-rapido/,1,"La competencia fue intensa: seis jugadores llegaron a la última ronda con posibilidades reales de quedarse con el título.
El mejor jugador no ranqueado fue Harrinson Muñoz, quien destacó por su entusiasmo y excelente desempeño a lo largo del torneo. En la foto juntos a Bautista Fernandez y Lucas Wajner.

El premio a la Mejor Femenina fue para la Campeona Uruguaya Sub‑10, Clara Porteiro, quien se impuso con gran autoridad y superó por medio punto a su hermana Juana Porteiro, también campeona nacional, pero en la categoría Sub‑8.La jornada tuvo un toque familiar y emotivo: ambas hermanas demostraron talento, disciplina y una sonrisa contagiosa que iluminó el torneo.

Los escoltas del Torneo fueron Bruno Escardo y Ari Fainerman con 4 puntos de 5 posibles.

Finalmente, los resultados en las mesas 1 y 2 marcaron el desenlace del torneo. El título quedó en manos de Juan Esquibel, actual Campeón Uruguayo Sub‑12, quien logró un triunfo clave frente al pequeño Lucas Wajner, de apenas 7 años, que realizó un torneo excelente y se ganó la ovación de todos.Al mismo tiempo, el AIM Bruno Escardo venció a Nikoolai Yakes, líder hasta ese momento, provocando un giro emocionante en la clasificación y asegurando un cierre vibrante para la competencia.

Aquí dejamos la tabla de posiciones, junto con los videos de cada partida para revivir los momentos más emocionantes, además de las fotos disponibles en nuestras redes de Facebook e Instagram.El evento fue transmitido, como siempre, en nuestros canales de YouTube y Twitch.Club Online: https://www.chess.com/club/nau64?ref_id=4411389Seguí toda la acción en vivo con los Comentarios del MF Jose Riverol y su quipo de prmera!:YouTube: https://www.youtube.com/@nau64Twitch: https://www.twitch.tv/nau64ajedrez¿Querés estar al tanto de todo?Unite a nuestro canal de WhatsApp:whatsapp.com/channel/0029VaAf3s565yDBpnBdJg42





Ronda 1

Mesa 1



Mesa 2



Ronda 2




Mesa 1



Mesa 2



Ronda 3




Mesa 1



Mesa 2



Ronda 4




Mesa 1



Mesa 2



Ronda 5



Mesa 1



Mesa 2



Nos reencontramos el próximo sábado 4 de julio a las 16hrs con más torneos rápidos y blitz con validez para elo FIDE.



#ajedrez#nau64ajedrez#uruguayTorneo 




Navegación de entradas
Franco Ugarte y Bruno Escardo, Campeones en los SabatinosNAU 64 en el Interclubes de Rápidas y Blitz"
https://nau64.com/la-banda-musica-para-buhos-le-puso-rockandroll-a-los-piratas/,0,"Curiosidades


La BANDA Música para Búhos le puso RockandRoll a los PIRATAS!!!

 Marcelo 2 marzo, 2023 



El EXITOSO EVENTO de nau64 La Maravillosa AVENTURA PIRATA ya tiene su tema OFICIAL compuesto por la PRESTIGIOSA Banda Música para Búhos (a los que podes escuchar en famosas aplicaciones),… el tema en cuestión te los presentamos a continuación… Pagina OFICIAL en FACEBOOK:   https://www.facebook.com/profile.php?id=100080450828981&paipv=0&eav=AfZeiec68UJQzKeATkYR4wTCf-onaUKvFo0JLHadD7gdarNhXDeUTdxb70DZKU9Gr2Q












Navegación de entradas
Viernes 3 marzo Torneo Blitz para ELO FIDETe invitamos a conocer a fondo al compañero gualanday,…"
https://nau64.com/la-casona-vibro-con-ajedrez-y-tres-campeones-de-cerro/,0,"Torneos


La Casona vibró con ajedrez y tres campeones de Cerro.

 Academia Nau64 19 agosto, 2026 


El pasado domingo 16 de agosto, la histórica Casona del Municipio CH fue escenario de un vibrante torneo clasificatorio rumbo a la Final de la Liga Uruguaya de Ajedrez por Montevideo.
La competencia se dividió en tres categorías —Sub‑12, Sub‑16 y Absoluta— y reunió a jóvenes talentos y jugadores experimentados en un ambiente cargado de emoción. El sistema fue suizo a 5 rondas, con ritmo de 10 minutos + 5 segundos de incremento, garantizando partidas rápidas pero intensas.
 Los campeones dejaron huella:

Nikolai Yakes se consagró en la Absoluta con puntaje perfecto (5/5), demostrando autoridad y precisión en cada partida.
Mateo Reyes, en la Sub‑16, mantuvo su invicto con 3½ en 4, confirmando su gran presente competitivo.
Y la sorpresa llegó en la Sub‑12: el pequeño Lucas Wajner, de apenas 7 años, brilló con 4½ en 5, deslumbrando a todos con su talento precoz.

Un dato curioso y digno de destacar: los tres campeones pertenecen al Club Atlético Cerro, que se llevó todos los aplausos y reafirmó su potencia formativa en el ajedrez uruguayo.
La organización estuvo a cargo de la Academia de Ajedrez Nau64 Chess Club, con el arbitraje del AF José Riverol y la colaboración de Charlie Posada, quienes garantizaron el desarrollo impecable del evento.
A continuación compartimos datos y fotos del torneo, que reflejan la pasión y el entusiasmo de una jornada inolvidable.

Absoluto


Primer lugar fue para Nikolai Yakes con 5 puntos en 5 posibles.

Segundo lugar fue para Filippo Lanzilotta con 3.5 puntos de 5 posibles.

Tercer lugar  fue para Javier Wajner con 3.5 puntos de 5 posibles.

Quienes clasificaron (en la foto) fueron: Nikolai Yakes, Filippo Lanzilotta, Javier Wajner, Andres Esteves, Leonel Recine. Y por el cupo femenino clasificaron AFM Avril Stefano y Blanca Rodriguez.
Por más información del torneo Absoluto y el evento en FIDE
Sub 16


Primer lugar fue para Matteo Reyes con 3.5 puntos de 5 posibles.

Segundo lugar fue para Lucio Indart con 3 puntos de 5 posibles.

En esta categoria clasificaron los cuatro jugadores que se presentaron: Matteo Reyes, Lucio Indart, Matias Klosanov (no presente en la foto) y Leonardo Cuellar.
Por más información del torneo Sub-16 y el evento en FIDE
Sub 12


Primer lugar fue para Lucas Wajner con 4.5 puntos de 5 posibles.

Segundo lugar fue para Benicio Mariano con 3.5 puntos de 5 posibles.

Tercer lugar fue para Facundo Bottinelli que logro 3 puntos de 5 posibles, igualando con los otros dos clasificados pero con mejor sistema de desempate.

Para la categoria Sub-12 clasificaron: Lucas Wajner, Benicio Mariano, Facundo Bottinelli, Juan Lopez y Clara Porteiro (en la foto). El cupo femenino fue para Juana Porteiro.
Por más información del torneo Sub-12 y el evento en FIDE
La final departamental sera en Octubre con fecha y lugar aún por definir.



#ajedrez#chess#uruguayTorneo 




Navegación de entradas
Gian Franco imparable en rápidas, Gustavo se adueña del blitz.Diego Moreno arrasa y se consagra Campeón del Open 136



Deja una respuesta Cancelar la respuestaTu dirección de correo electrónico no será publicada. Los campos obligatorios están marcados con *Comentario * Nombre 
Correo electrónico 
Web 
 Notify me of follow-up comments by email. "
https://nau64.com/la-casona-vibro-con-ajedrez-y-tres-campeones-de-cerro/,1,"Notify me of new posts by email. 

Δ"
https://nau64.com/la-intuicion/,0,"Historias de Ajedrez


La Intuición

 José Riverol 25 febrero, 2025 


La intuición en el ajedrez es la capacidad de orientarse y tomar decisiones rápidas sin necesidad de un profundo cálculo y un razonamiento previo. Se basa en el reconocimiento de patrones y en el olfato o instinto del jugador. "
https://nau64.com/la-intuicion/,1,"Se dice que Capablanca, de una ojeada en el tablero, sabía cuál era la mejor jugada en esa posición. Eso lo determinaba sin calcular o analizar a profundidad.Magnus Carlsen dice que Kasparov lo supera en cálculo pero él es mejor jugador intuitivo. Muchas veces el jugador intuitivo no puede explicar el motivo de la elección de su jugada, eso se basa en muchos factores que hacen inefable la experiencia.No crea que el jugador de ataque lo ve o calcula todo. En una ocasión Mijail Tahl realizó un sacrificio que le dio ventaja a largo plazo, después de la partida le preguntaron al Mago de Riga si lo había visto todo y él dijo: “No, yo solo tengo la nariz muy larga”, con ello se refería a la intuición. Tahl entregó porque sabía que había algo a su favor, no lo calculó todo pero lo pudo intuir.Vishy Anand expresó: “En una posición elijo por intuición la primera jugada posible”. Pero, por muy buena que sea la intuición, no se puede confiar al 100% en ella, siempre hay que meditar y comprobar. Muchas veces el golpe de vista puede ser erróneo. Dice Alexander Baliavsky: “En una posición sencilla, jugamos automáticamente, pero en una posición compleja o crítica, a veces tenemos que encontrar una solución mediante un análisis profundo de las variantes”.El dicho “confía pero comprueba” se cumple aquí. No dudes de tus instintos, pero no juegues solo por instinto.




#ajedrez 




Navegación de entradas
V Torneo de las Tardes (valido elo FIDE)Clases de Ajedrez para Niños"
https://nau64.com/la-reina-del-ajedrez/,0,"Historia


La Reina del Ajedrez

 José Riverol 14 octubre, 2024 


Judit Polgar no solo es la mejor jugadora de ajedrez de todos los tiempos, sino que rompió todas las barreras que existían para las mujeres en el ajedrez. Desde pequeña, Judit mostró un talento extraordinario que sus padres cultivaron con dedicación. Su meta nunca fue competir en torneos femeninos; desde el principio, Judit jugó exclusivamente contra hombres, desafiando las normas y demostrando que el ajedrez no tiene género.
Combinando como Judit Polgar



A los 15 años, se convirtió en la gran maestra más joven de la historia, superando el récord de Bobby Fischer. Pero Judit no se detuvo allí. A lo largo de su carrera, derrotó a 11 campeones mundiales, incluyendo a leyendas como Garry Kasparov y Anatoly Karpov. Su estilo agresivo y su capacidad para encontrar combinaciones complejas la hicieron temida y respetada en el circuito de élite. 
"
https://nau64.com/la-reina-del-ajedrez/,1,"Jugada 26.Te1! entre Judit Polgar vs Garry Kasparov 2002
Una de sus victorias más memorables fue contra Kasparov en 2002. En aquel entonces, Kasparov había dicho que el ajedrez “no es para mujeres”, pero Judit lo derrotó con una brillante partida que hizo historia. Polgar demostró que el talento y la determinación pueden romper cualquier barrera, inspirando a generaciones de mujeres a soñar en grande y luchar por sus metas. Judit Polgar nos recuerda que el ajedrez es un juego de mentes, no de géneros. Su legado va más allá de sus victorias; abrió el camino para todas aquellas que sueñan con competir en igualdad de condiciones y nos enseñó que en el tablero, solo el talento importa.
Garry Kasparov muerde el polvo ante Judit!




#ajedrez#chess#Nau64#nau64ajedrez#uruguayHistoria del ajedrez 




Navegación de entradas
El mejor de todos.¡PARTICIPA Y GANA CON EL MATCH NAKLE-COMAS!"
https://nau64.com/la-vuelta-triunfal-de-leonel-recine/,0,"Online


La vuelta triunfal de Leonel Recine!

 Charlie Posada 8 junio, 2026 


El sábado 6 de junio se jugó en la Academia Nau64 un torneo de rápidas a ritmo de 10+5 en 5 rondas, válido para el ELO FIDE, con amplia participación y un clima festivo que acompañó toda la jornada. Leonel Recine regresó con fuerza y se consagró campeón con 4½ puntos en 5 posibles, marcando su vuelta triunfal. Con 3½ puntos lo escoltaron Miguel Pinto, Bruno Escardo, Evangelina Polito y el MN Jaime Escofet, quienes completaron el podio de honor. El Premio Femenino fue para Evangelina Polito, destacando su gran actuación y entrega en el tablero. La jornada se vivió con intensidad, emoción y comunidad, reafirmando a Nau64 como el corazón del ajedrez en Montevideo.


Aquí dejamos la tabla de posiciones, junto con los videos de cada partida para revivir los momentos más emocionantes, además de las fotos disponibles en nuestras redes de Facebook e Instagram.El evento fue transmitido, como siempre, en nuestros canales de YouTube y Twitch.Club Online: https://www.chess.com/club/nau64?ref_id=4411389Seguí toda la acción en vivo con los Comentarios del MF Jose Riverol y su quipo de prmera!:YouTube: https://www.youtube.com/@nau64Twitch: https://www.twitch.tv/nau64ajedrez¿Querés estar al tanto de todo? Unite a nuestro canal de WhatsApp:whatsapp.com/channel/0029VaAf3s565yDBpnBdJg42


 










Games



[Event Sabatino Fide De Nau64 6 Junio 2026]
[Site Montevideo, UY]
[Date 2026.06.06]
[Round 1]
[Board 1]
[White Dominguez Orono, Walter]
[Black Escofet, Jaime]
[Result 1/2-1/2]
[ECO A20]
[WhiteElo 1646]
[BlackElo 2042]
[WhiteFideId 3004600]
[BlackFideId 3000176]
[PlyCount 93]
[GameId 2318837052911657]
[EventDate 2026.??.??]
[TimeControl 600+5]
[WhiteClock 0:03:01]
[BlackClock 0:07:44]

1. g3 {[%emt 0:00:03]} d5 {[%emt 0:00:04]} 2. "
https://nau64.com/la-vuelta-triunfal-de-leonel-recine/,1,Bg2 {[%emt 0:00:01]} e5 {[%emt 0:00:01]} 3. c4 {[%emt 0:00:04]} Nf6 {[%emt 0:00:01]} 4. cxd5 {[%emt 0:00:05]} Nxd5 {[%emt 0:00:02]} 5. d3 {[%emt 0:00:03]} Bc5 {[%emt 0:00:07]} 6. Nc3 {[%emt 0:00:09]} c6 {[%emt 0:00:04]} 7. Nf3 {[%emt 0:00:05]} Nxc3 {[%emt 0:00:14]} 8. bxc3 {[%emt 0:00:04]} O-O {[%emt 0:00:07]} 9. O-O {[%emt 0:00:04]} Re8 {[%emt 0:00:07]} 10. Qb3 {[%emt 0:00:08]} Qc7 {[%emt 0:00:09]} 11. Ng5 {[%emt 0:00:20]} h6 {[%emt 0:00:03]} 12. Ne4 {[%emt 0:00:01]} Bb6 {[%emt 0:00:04]} 13. Ba3 {[%emt 0:00:37]} Be6 {[%emt 0:00:13]} 14. Qc2 {[%emt 0:00:10]} Na6 {[%emt 0:00:06]} 15. Bd6 {[%emt 0:00:29]} Qd7 {[%emt 0:00:08]} 16. Bxe5 {[%emt 0:00:09]} Bh3 {[%emt 0:00:08]} 17. Bf4 {[%emt 0:00:24]} Bxg2 {[%emt 0:00:06]} 18. Kxg2 {[%emt 0:00:02]} Rad8 {[%emt 0:00:07]} 19. Nd6 {[%emt 0:00:24]} Re6 {[%emt 0:00:09]} 20. Nc4 {[%emt 0:00:10]} Bc7 {[%emt 0:00:11]} 21. Bxc7 {[%emt 0:00:05]} Qxc7 {[%emt 0:00:01]} 22. Rab1 {[%emt 0:00:36]} Nc5 {[%emt 0:00:05]} 23. Qb2 {[%emt 0:01:00]} b6 {[%emt 0:00:03]} 24. d4 {[%emt 0:00:24]} Ne4 {[%emt 0:00:14]} 25. Nd2 {[%emt 0:00:24]} Nd6 {[%emt 0:00:30]} 26. e3 {[%emt 0:00:14]} c5 {[%emt 0:00:12]} 27. Nf3 {[%emt 0:00:08]} Rc8 {[%emt 0:00:10]} 28. Ne5 {[%emt 0:00:15]} Qb7+ {[%emt 0:00:06]} 29. Kg1 {[%emt 0:00:09]} cxd4 {[%emt 0:00:14]} 30. cxd4 {[%emt 0:00:07]} Nc4 {[%emt 0:00:13]} 31. Nxc4 {[%emt 0:00:09]} Rxc4 {[%emt 0:00:01]} 32. Rbc1 {[%emt 0:00:05]} Rec6 {[%emt 0:00:10]} 33. Rxc4 {[%emt 0:00:04]} Rxc4 {[%emt 0:00:01]} 34. Rc1 {[%emt 0:00:24]} Qc7 {[%emt 0:00:07]} 35. Rxc4 {[%emt 0:00:04]} Qxc4 {[%emt 0:00:00]} 36. h4 {[%emt 0:00:38]} h5 {[%emt 0:00:15]} 37. Kg2 {[%emt 0:00:22]} Qd5+ {[%emt 0:00:08]} 38. f3 {[%emt 0:00:05]} g6 {[%emt 0:00:09]} 39. Kf2 {[%emt 0:00:16]} Qe6 {[%emt 0:00:04]} 40. Qe2 {[%emt 0:00:57]} Qh3 {[%emt 0:00:06]} 41. Qf1 {[%emt 0:00:07]} Qe6 {[%emt 0:00:04]} 42. Qe2 {[%emt 0:00:08]} Qh3 {[%emt 0:00:15]} 43. Qf1 {[%emt 0:00:04]} Qc8 {[%emt 0:00:08]} 44. Qd3 {[%emt 0:00:16]} Qh3 {[%emt 0:00:14]} 45. Qf1 {[%emt 0:00:04]} Qe6 {[%emt 0:00:22]} 46. 
https://nau64.com/la-vuelta-triunfal-de-leonel-recine/,2,"Qe2 {[%emt 0:00:07]} Qh3 {[%emt 0:00:08]} 47. Qf1 {[%emt 0:00:15]} 1/2-1/2



[Event Sabatino Fide De Nau64 6 Junio 2026]
[Site Montevideo, UY]
[Date 2026.06.06]
[Round 1]
[Board 2]
[White Otero, Gustavo]
[Black Kaciusis, Daniel]
[Result 0-1]
[ECO B89]
[WhiteElo 2007]
[BlackElo 1631]
[WhiteFideId 3000885]
[BlackFideId 3009114]
[PlyCount 69]
[GameId 2318837052911659]
[EventDate 2026.??.??]
[TimeControl 600+5]
[WhiteClock 0:01:00]
[BlackClock 0:03:51]

1. e4 {[%emt 0:00:06]} c5 {[%emt 0:00:01]} 2. "
https://nau64.com/la-vuelta-triunfal-de-leonel-recine/,3,"Nf3 {[%emt 0:00:03]} Nc6 {[%emt 0:00:02]} 3. Bc4 {[%emt 0:00:04]} d6 {[%emt 0:00:02]} 4. Nc3 {[%emt 0:00:03]} Nf6 {[%emt 0:00:02]} 5. d4 {[%emt 0:00:02]} cxd4 {[%emt 0:00:02]} 6. Nxd4 {[%emt 0:00:02]} e6 {[%emt 0:00:02]} 7. f3 {[%emt 0:00:29]} Be7 {[%emt 0:00:03]} 8. Be3 {[%emt 0:00:04]} O-O {[%emt 0:00:07]} 9. Qd2 {[%emt 0:00:01]} a6 {[%emt 0:00:02]} 10. O-O-O {[%emt 0:00:05]} Qc7 {[%emt 0:00:02]} 11. g4 {[%emt 0:00:10]} Rd8 {[%emt 0:00:02]} 12. h4 {[%emt 0:00:32]} b5 {[%emt 0:00:02]} 13. Bb3 {[%emt 0:00:02]} Bb7 {[%emt 0:00:02]} 14. h5 {[%emt 0:00:01]} Na5 {[%emt 0:00:06]} 15. g5 {[%emt 0:00:03]} Nxb3+ {[%emt 0:00:05]} 16. axb3 {[%emt 0:00:01]} Ne8 {[%emt 0:00:09]} 17. g6 {[%emt 0:00:07]} h6 {[%emt 0:00:55]} 18. Qg2 {[%emt 0:01:37]} Bf6 {[%emt 0:00:37]} 19. Rhg1 {[%emt 0:00:53]} Rac8 {[%emt 0:00:46]} 20. gxf7+ {[%emt 0:00:27]} Qxf7 {[%emt 0:00:02]} 21. Bxh6 {[%emt 0:00:11]} d5 {[%emt 0:01:10]} 22. exd5 {[%emt 0:02:40]} Bxd5 {[%emt 0:00:02]} 23. Be3 {[%emt 0:00:37]} Bxd4 {[%emt 0:01:14]} 24. Bxd4 {[%emt 0:00:03]} Bxf3 {[%emt 0:00:02]} 25. Qg5 {[%emt 0:00:36]} Bxd1 {[%emt 0:00:20]} 26. Rxd1 {[%emt 0:00:01]} Qf5 {[%emt 0:02:02]} 27. Qg3 {[%emt 0:01:19]} b4 {[%emt 0:00:00]} 28. Bxg7 {[%emt 0:00:22]} Rxd1+ {[%emt 0:00:00]} 29. Kxd1 {[%emt 0:00:02]} Nxg7 {[%emt 0:00:19]} 30. h6 {[%emt 0:00:34]} Qh5+ {[%emt 0:00:14]} 31. Ke1 {[%emt 0:00:00]} Qxh6 {[%emt 0:00:03]} 32. Ne4 {[%emt 0:00:00]} Qc1+ {[%emt 0:00:15]} 33. Ke2 {[%emt 0:00:11]} Qxc2+ {[%emt 0:00:07]} 34. Ke3 {[%emt 0:00:08]} Qxb3+ {[%emt 0:00:05]} 35. Kd4 {[%emt 0:00:24]} 0-1



[Event Sabatino Fide De Nau64 6 Junio 2026]
[Site Montevideo, UY]
[Date 2026.06.06]
[Round 2]
[Board 1]
[White Recine, Leonel]
[Black Kaciusis, Daniel]
[Result 1-0]
[ECO D21]
[WhiteElo 1919]
[BlackElo 1631]
[WhiteFideId 3000826]
[BlackFideId 3009114]
[PlyCount 79]
[GameId 2318837052915757]
[EventDate 2026.??.??]
[TimeControl 600+5]
[WhiteClock 0:06:16]
[BlackClock 0:10:09]

1. d4 {[%emt 0:00:01]} d5 {[%emt 0:00:01]} 2. "
https://nau64.com/la-vuelta-triunfal-de-leonel-recine/,4,Nf3 {[%emt 0:03:58]} c5 {[%emt 0:00:03]} 3. c4 {[%emt 0:00:00]} dxc4 {[%emt 0:00:06]} 4. e3 {[%emt 0:00:00]} cxd4 {[%emt 0:00:11]} 5. Bxc4 {[%emt 0:00:00]} Nc6 {[%emt 0:00:24]} 6. exd4 {[%emt 0:00:00]} e6 {[%emt 0:00:05]} 7. Be3 {[%emt 0:00:00]} Nf6 {[%emt 0:00:07]} 8. h3 {[%emt 0:00:00]} Be7 {[%emt 0:00:02]} 9. O-O {[%emt 0:00:00]} O-O {[%emt 0:00:02]} 10. Qe2 {[%emt 0:00:00]} a6 {[%emt 0:00:02]} 11. Nc3 {[%emt 0:00:00]} b5 {[%emt 0:00:03]} 12. Bd3 {[%emt 0:00:00]} Bb7 {[%emt 0:00:02]} 13. Rfd1 {[%emt 0:00:00]} Rc8 {[%emt 0:00:36]} 14. Rac1 {[%emt 0:00:00]} Nd5 {[%emt 0:00:24]} 15. Nxd5 {[%emt 0:00:00]} Qxd5 {[%emt 0:00:02]} 16. Bb1 {[%emt 0:00:00]} Rfd8 {[%emt 0:00:12]} 17. b3 {[%emt 0:00:00]} Bf6 {[%emt 0:00:29]} 18. Qb2 {[%emt 0:00:01]} Ne7 {[%emt 0:00:17]} 19. Rxc8 {[%emt 0:00:36]} Rxc8 {[%emt 0:00:03]} 20. Rc1 {[%emt 0:00:21]} Qd7 {[%emt 0:00:14]} 21. Rxc8+ {[%emt 0:00:12]} Qxc8 {[%emt 0:00:02]} 22. Qd2 {[%emt 0:00:02]} Bxf3 {[%emt 0:00:22]} 23. gxf3 {[%emt 0:00:01]} Nd5 {[%emt 0:00:11]} 24. Qc2 {[%emt 0:00:18]} Qxc2 {[%emt 0:00:00]} 25. Bxc2 {[%emt 0:00:01]} Nc3 {[%emt 0:00:11]} 26. a4 {[%emt 0:00:32]} Ne2+ {[%emt 0:00:07]} 27. Kf1 {[%emt 0:00:02]} Bxd4 {[%emt 0:00:02]} 28. Kxe2 {[%emt 0:00:03]} Bc3 {[%emt 0:00:22]} 29. axb5 {[%emt 0:00:02]} axb5 {[%emt 0:00:01]} 30. Kd3 {[%emt 0:00:04]} Bf6 {[%emt 0:00:06]} 31. Bc5 {[%emt 0:00:06]} g6 {[%emt 0:00:12]} 32. b4 {[%emt 0:00:01]} Bb2 {[%emt 0:00:18]} 33. Ke3 {[%emt 0:00:07]} f5 {[%emt 0:00:20]} 34. Bd3 {[%emt 0:00:03]} Bc1+ {[%emt 0:00:02]} 35. Ke2 {[%emt 0:00:03]} Kf7 {[%emt 0:00:08]} 36. Bxb5 {[%emt 0:00:01]} e5 {[%emt 0:00:02]} 37. 
https://nau64.com/la-vuelta-triunfal-de-leonel-recine/,5,"Bc4+ {[%emt 0:00:04]} Kf6 {[%emt 0:00:10]} 38. b5 {[%emt 0:00:38]} Bf4 {[%emt 0:00:23]} 39. Bd6 {[%emt 0:00:00]} g5 {[%emt 0:00:41]} 40. b6 {[%emt 0:00:00]} 1-0



[Event Sabatino Fide De Nau64 6 Junio 2026]
[Site Montevideo, UY]
[Date 2026.06.06]
[Round 2]
[Board 2]
[White Ugarte, Franco]
[Black Pinto, Miguel Abrahao Servi]
[Result 0-1]
[ECO A22]
[WhiteElo 1520]
[BlackElo 1889]
[WhiteFideId 3034976]
[BlackFideId 2141698]
[PlyCount 66]
[GameId 2318837052915759]
[EventDate 2026.??.??]
[TimeControl 600+5]
[WhiteClock 0:00:15]
[BlackClock 0:06:22]

1. c4 {[%emt 0:00:02]} d6 {[%emt 0:00:08]} 2. "
https://nau64.com/la-vuelta-triunfal-de-leonel-recine/,6,"Nc3 {[%emt 0:00:04]} c6 {[%emt 0:00:04]} 3. Nf3 {[%emt 0:00:18]} Nf6 {[%emt 0:00:17]} 4. e4 {[%emt 0:00:05]} e5 {[%emt 0:00:03]} 5. Be2 {[%emt 0:00:33]} Bg4 {[%emt 0:00:10]} 6. d4 {[%emt 0:00:30]} Qc7 {[%emt 0:00:03]} 7. d5 {[%emt 0:00:46]} Nbd7 {[%emt 0:00:02]} 8. O-O {[%emt 0:00:15]} Be7 {[%emt 0:00:02]} 9. Be3 {[%emt 0:00:28]} Bh5 {[%emt 0:00:14]} 10. Nd2 {[%emt 0:00:45]} Bg6 {[%emt 0:00:16]} 11. f4 {[%emt 0:00:57]} exf4 {[%emt 0:00:02]} 12. Bxf4 {[%emt 0:00:02]} Ne5 {[%emt 0:00:02]} 13. Bxe5 {[%emt 0:00:53]} dxe5 {[%emt 0:00:03]} 14. Nf3 {[%emt 0:00:15]} Ng4 {[%emt 0:00:19]} 15. Qd2 {[%emt 0:00:35]} Qb6+ {[%emt 0:00:57]} 16. Kh1 {[%emt 0:00:15]} Nf2+ {[%emt 0:01:09]} 17. Rxf2 {[%emt 0:00:01]} Qxf2 {[%emt 0:00:03]} 18. d6 {[%emt 0:00:09]} O-O-O {[%emt 0:00:04]} 19. Rf1 {[%emt 0:01:18]} Qc5 {[%emt 0:00:03]} 20. Na4 {[%emt 0:00:36]} Qxd6 {[%emt 0:00:08]} 21. Qxd6 {[%emt 0:00:08]} Bxd6 {[%emt 0:00:06]} 22. c5 {[%emt 0:00:26]} Bc7 {[%emt 0:00:14]} 23. Nc3 {[%emt 0:00:50]} f6 {[%emt 0:00:06]} 24. Bc4 {[%emt 0:00:16]} Ba5 {[%emt 0:00:09]} 25. Re1 {[%emt 0:00:46]} Bb4 {[%emt 0:00:35]} 26. Be6+ {[%emt 0:00:28]} Kb8 {[%emt 0:00:03]} 27. a3 {[%emt 0:00:08]} Bxc5 {[%emt 0:00:17]} 28. b4 {[%emt 0:00:05]} Bd4 {[%emt 0:00:08]} 29. Na4 {[%emt 0:00:17]} Rd6 {[%emt 0:00:09]} 30. Bf5 {[%emt 0:00:14]} Rhd8 {[%emt 0:00:14]} 31. Nxd4 {[%emt 0:00:05]} Rxd4 {[%emt 0:00:03]} 32. Nc5 {[%emt 0:00:03]} Bxf5 {[%emt 0:00:14]} 33. exf5 {[%emt 0:00:02]} Rd1 {[%emt 0:00:01]} 0-1



[Event Sabatino Fide De Nau64 6 Junio 2026]
[Site Montevideo, UY]
[Date 2026.06.06]
[Round 3]
[Board 1]
[White Martinez Martinez, Diego]
[Black Recine, Leonel]
[Result 0-1]
[ECO B02]
[WhiteElo 1718]
[BlackElo 1919]
[WhiteFideId 3022293]
[BlackFideId 3000826]
[PlyCount 112]
[GameId 2318837052915761]
[EventDate 2026.??.??]
[TimeControl 600+5]
[WhiteClock 0:01:30]
[BlackClock 0:00:50]

1. e4 {[%emt 0:00:03]} Nf6 {[%emt 0:00:01]} 2. Nc3 {[%emt 0:00:03]} d5 {[%emt 0:00:01]} 3. exd5 {[%emt 0:00:03]} Nxd5 {[%emt 0:00:02]} 4. Bc4 {[%emt 0:00:02]} Nxc3 {[%emt 0:00:12]} 5. Qf3 {[%emt 0:00:02]} e6 {[%emt 0:00:03]} 6. dxc3 {[%emt 0:00:02]} Bd6 {[%emt 0:00:25]} 7. Nh3 {[%emt 0:00:23]} O-O {[%emt 0:00:10]} 8. Bg5 {[%emt 0:00:14]} f6 {[%emt 0:00:19]} 9. Bf4 {[%emt 0:00:19]} Kh8 {[%emt 0:00:17]} 10. O-O-O {[%emt 0:00:06]} Qe7 {[%emt 0:00:16]} 11. Kb1 {[%emt 0:00:02]} Nc6 {[%emt 0:00:19]} 12. Rhe1 {[%emt 0:00:03]} e5 {[%emt 0:00:40]} 13. Bc1 {[%emt 0:01:25]} Bxh3 {[%emt 0:01:32]} 14. gxh3 {[%emt 0:00:48]} Rad8 {[%emt 0:00:35]} 15. Bd3 {[%emt 0:00:05]} Qf7 {[%emt 0:00:13]} 16. h4 {[%emt 0:00:08]} f5 {[%emt 0:00:10]} 17. Qe2 {[%emt 0:00:20]} Rde8 {[%emt 0:00:22]} 18. Rg1 {[%emt 0:00:08]} e4 {[%emt 0:00:48]} 19. Bc4 {[%emt 0:00:01]} Qe7 {[%emt 0:00:19]} 20. h5 {[%emt 0:00:05]} Ne5 {[%emt 0:00:08]} 21. h6 {[%emt 0:00:52]} g6 {[%emt 0:00:05]} 22. Bg5 {[%emt 0:00:12]} Qd7 {[%emt 0:00:09]} 23. h4 {[%emt 0:00:57]} Nxc4 {[%emt 0:00:18]} 24. Qxc4 {[%emt 0:00:02]} Qe6 {[%emt 0:00:02]} 25. Qd4+ {[%emt 0:01:11]} Be5 {[%emt 0:00:31]} 26. Qd2 {[%emt 0:01:06]} Kg8 {[%emt 0:01:29]} 27. Qe2 {[%emt 0:00:42]} Rf7 {[%emt 0:00:14]} 28. h5 {[%emt 0:00:04]} a6 {[%emt 0:00:41]} 29. hxg6 {[%emt 0:00:09]} hxg6 {[%emt 0:00:03]} 30. f3 {[%emt 0:00:38]} exf3 {[%emt 0:00:07]} 31. Qxf3 {[%emt 0:00:07]} Kh7 {[%emt 0:00:10]} 32. Rge1 {[%emt 0:00:28]} Qb6 {[%emt 0:00:09]} 33. Qd3 {[%emt 0:00:21]} Qd6 {[%emt 0:00:17]} 34. Qxd6 {[%emt 0:00:08]} cxd6 {[%emt 0:00:01]} 35. Rxd6 {[%emt 0:00:04]} Bxd6 {[%emt 0:00:34]} 36. Rxe8 {[%emt 0:00:03]} f4 {[%emt 0:00:01]} 37. Kc1 {[%emt 0:00:05]} Rf5 {[%emt 0:00:30]} 38. Rd8 {[%emt 0:01:14]} Rxg5 {[%emt 0:00:09]} 39. Rxd6 {[%emt 0:00:03]} Kxh6 {[%emt 0:00:02]} 40. Kd1 {[%emt 0:00:05]} Rg2 {[%emt 0:00:05]} 41. b4 {[%emt 0:00:06]} Kg5 {[%emt 0:00:12]} 42. a4 {[%emt 0:00:01]} f3 {[%emt 0:00:02]} 43. Rd4 {[%emt 0:00:21]} Rg4 {[%emt 0:00:11]} 44. b5 {[%emt 0:00:09]} Rxd4+ {[%emt 0:00:28]} 45. cxd4 {[%emt 0:00:02]} Kg4 {[%emt 0:00:03]} 46. Ke1 {[%emt 0:00:05]} Kf4 {[%emt 0:00:01]} 47. bxa6 {[%emt 0:00:05]} bxa6 {[%emt 0:00:01]} 48. Kf2 {[%emt 0:00:05]} g5 {[%emt 0:00:01]} 49. d5 {[%emt 0:00:01]} g4 {[%emt 0:00:01]} 50. d6 {[%emt 0:00:02]} g3+ {[%emt 0:00:01]} 51. Kf1 {[%emt 0:00:08]} Ke3 {[%emt 0:00:02]} 52. d7 {[%emt 0:00:02]} g2+ {[%emt 0:00:02]} 53. Kg1 {[%emt 0:00:03]} f2+ {[%emt 0:00:01]} 54. Kh2 {[%emt 0:00:05]} g1=Q+ {[%emt 0:00:09]} 55. Kh3 {[%emt 0:00:00]} f1=Q+ {[%emt 0:00:12]} 56. Kh4 {[%emt 0:00:00]} Qf6+ {[%emt 0:00:00]} 0-1



[Event Sabatino Fide De Nau64 6 Junio 2026]
[Site Montevideo, UY]
[Date 2026.06.06]
[Round 3]
[Board 2]
[White Pinto, Miguel Abrahao Servi]
[Black Polito, Evangelina]
[Result 1-0]
[ECO A48]
[WhiteElo 1889]
[BlackElo 1823]
[WhiteFideId 2141698]
[BlackFideId 3029220]
[PlyCount 128]
[GameId 2318837052919859]
[EventDate 2026.??.??]
[TimeControl 600+5]
[WhiteClock 0:02:17]
[BlackClock 0:00:08]

1. d4 {[%emt 0:00:03]} Nf6 {[%emt 0:00:01]} 2. Nf3 {[%emt 0:00:02]} g6 {[%emt 0:00:02]} 3. c3 {[%emt 0:00:12]} Bg7 {[%emt 0:00:09]} 4. h3 {[%emt 0:00:25]} d6 {[%emt 0:00:07]} 5. Bf4 {[%emt 0:00:04]} O-O {[%emt 0:00:21]} 6. Nbd2 {[%emt 0:00:40]} c5 {[%emt 0:00:06]} 7. e3 {[%emt 0:00:11]} Nc6 {[%emt 0:00:19]} 8. Be2 {[%emt 0:00:03]} Bf5 {[%emt 0:01:02]} 9. O-O {[%emt 0:01:43]} Ne4 {[%emt 0:00:40]} 10. Nxe4 {[%emt 0:02:06]} Bxe4 {[%emt 0:00:02]} 11. d5 {[%emt 0:00:09]} Bxf3 {[%emt 0:00:37]} 12. Bxf3 {[%emt 0:00:03]} Ne5 {[%emt 0:00:02]} 13. Be2 {[%emt 0:00:14]} Qd7 {[%emt 0:00:57]} 14. Qc2 {[%emt 0:00:20]} b5 {[%emt 0:00:08]} 15. Rab1 {[%emt 0:00:27]} Rfc8 {[%emt 0:00:50]} 16. e4 {[%emt 0:00:15]} Qb7 {[%emt 0:01:03]} 17. Bd2 {[%emt 0:00:41]} a5 {[%emt 0:00:09]} 18. f4 {[%emt 0:00:01]} Nc4 {[%emt 0:00:46]} 19. Bxc4 {[%emt 0:00:01]} bxc4 {[%emt 0:00:01]} 20. Rbe1 {[%emt 0:00:02]} Rab8 {[%emt 0:00:20]} 21. Bc1 {[%emt 0:00:02]} a4 {[%emt 0:01:26]} 22. a3 {[%emt 0:00:03]} Qb3 {[%emt 0:00:51]} 23. Qe2 {[%emt 0:00:01]} Rd8 {[%emt 0:00:14]} 24. Rf2 {[%emt 0:00:42]} Qb5 {[%emt 0:00:47]} 25. Qg4 {[%emt 0:00:02]} Qd7 {[%emt 0:00:05]} 26. Qe2 {[%emt 0:00:17]} Qb5 {[%emt 0:00:18]} 27. Ref1 {[%emt 0:00:08]} e6 {[%emt 0:00:15]} 28. dxe6 {[%emt 0:00:02]} fxe6 {[%emt 0:00:03]} 29. Qg4 {[%emt 0:00:01]} Qd7 {[%emt 0:00:08]} 30. Qe2 {[%emt 0:00:17]} Qb5 {[%emt 0:00:02]} 31. Rd1 {[%emt 0:00:01]} Rb7 {[%emt 0:00:31]} 32. Qg4 {[%emt 0:00:04]} Qe8 {[%emt 0:00:03]} 33. Rfd2 {[%emt 0:00:02]} Rbd7 {[%emt 0:00:09]} 34. Qe2 {[%emt 0:00:05]} d5 {[%emt 0:00:04]} 35. exd5 {[%emt 0:00:12]} exd5 {[%emt 0:00:13]} 36. Qxe8+ {[%emt 0:00:04]} Rxe8 {[%emt 0:00:01]} 37. Kf1 {[%emt 0:00:08]} d4 {[%emt 0:00:01]} 38. cxd4 {[%emt 0:00:10]} cxd4 {[%emt 0:00:01]} 39. Re2 {[%emt 0:00:10]} Rde7 {[%emt 0:00:02]} 40. Rde1 {[%emt 0:00:09]} Rxe2 {[%emt 0:00:08]} 41. Rxe2 {[%emt 0:00:01]} Rxe2 {[%emt 0:00:12]} 42. Kxe2 {[%emt 0:00:02]} Kf7 {[%emt 0:00:05]} 43. Kf3 {[%emt 0:00:03]} Ke6 {[%emt 0:00:02]} 44. Ke4 {[%emt 0:00:01]} Kd6 {[%emt 0:00:09]} 45. g4 {[%emt 0:00:02]} h6 {[%emt 0:00:02]} 46. f5 {[%emt 0:00:33]} gxf5+ {[%emt 0:00:03]} 47. Kxf5 {[%emt 0:00:01]} c3 {[%emt 0:00:06]} 48. bxc3 {[%emt 0:00:02]} dxc3 {[%emt 0:00:01]} 49. Ke4 {[%emt 0:00:47]} Kc5 {[%emt 0:00:02]} 50. Kd3 {[%emt 0:00:03]} Kd5 {[%emt 0:00:06]} 51. h4 {[%emt 0:00:16]} Kc5 {[%emt 0:00:15]} 52. h5 {[%emt 0:00:02]} Kd5 {[%emt 0:00:03]} 53. g5 {[%emt 0:00:01]} hxg5 {[%emt 0:00:02]} 54. Bxg5 {[%emt 0:00:01]} Ke6 {[%emt 0:00:13]} 55. h6 {[%emt 0:00:09]} Bh8 {[%emt 0:00:04]} 56. Kc4 {[%emt 0:00:24]} Kf5 {[%emt 0:00:02]} 57. Bc1 {[%emt 0:00:00]} c2 {[%emt 0:00:13]} 58. Kb4 {[%emt 0:00:06]} Ke4 {[%emt 0:00:02]} 59. "
https://nau64.com/la-vuelta-triunfal-de-leonel-recine/,7,"Kxa4 {[%emt 0:00:02]} Kd3 {[%emt 0:00:00]} 60. Kb3 {[%emt 0:00:00]} Be5 {[%emt 0:00:11]} 61. a4 {[%emt 0:00:03]} Bf6 {[%emt 0:00:06]} 62. a5 {[%emt 0:00:02]} Be5 {[%emt 0:00:06]} 63. a6 {[%emt 0:00:02]} Bd4 {[%emt 0:00:03]} 64. h7 {[%emt 0:00:03]} Ke2 {[%emt 0:00:13]} 1-0



[Event Sabatino Fide De Nau64 6 Junio 2026]
[Site Montevideo, UY]
[Date 2026.06.06]
[Round 4]
[Board 1]
[White Recine, Leonel]
[Black Pinto, Miguel Abrahao Servi]
[Result 1-0]
[ECO A41]
[WhiteElo 1919]
[BlackElo 1889]
[WhiteFideId 3000826]
[BlackFideId 2141698]
[PlyCount 91]
[GameId 2318837052919861]
[EventDate 2026.??.??]
[TimeControl 600+5]
[WhiteClock 0:01:53]
[BlackClock 0:02:42]

1. d4 {[%emt 0:00:01]} d6 {[%emt 0:00:11]} 2. "
https://nau64.com/la-vuelta-triunfal-de-leonel-recine/,8,"Nf3 {[%emt 0:00:01]} c6 {[%emt 0:00:02]} 3. Bf4 {[%emt 0:00:03]} Bg4 {[%emt 0:00:03]} 4. e3 {[%emt 0:00:10]} Nf6 {[%emt 0:00:07]} 5. h3 {[%emt 0:00:02]} Bh5 {[%emt 0:00:02]} 6. Be2 {[%emt 0:00:01]} Nbd7 {[%emt 0:00:02]} 7. O-O {[%emt 0:00:16]} Qb6 {[%emt 0:00:33]} 8. Nbd2 {[%emt 0:00:09]} Bg6 {[%emt 0:00:13]} 9. Nc4 {[%emt 0:00:17]} Qc7 {[%emt 0:00:04]} 10. c3 {[%emt 0:00:13]} Qd8 {[%emt 0:00:54]} 11. Qb3 {[%emt 0:01:15]} d5 {[%emt 0:00:15]} 12. Nce5 {[%emt 0:00:20]} Qb6 {[%emt 0:00:05]} 13. Rfd1 {[%emt 0:00:59]} e6 {[%emt 0:00:10]} 14. c4 {[%emt 0:00:35]} Be7 {[%emt 0:01:02]} 15. c5 {[%emt 0:00:10]} Qxb3 {[%emt 0:00:08]} 16. axb3 {[%emt 0:00:02]} Bc2 {[%emt 0:00:09]} 17. Rdc1 {[%emt 0:00:33]} Bg6 {[%emt 0:00:51]} 18. b4 {[%emt 0:00:02]} a6 {[%emt 0:00:12]} 19. b5 {[%emt 0:00:15]} Nxe5 {[%emt 0:00:02]} 20. Nxe5 {[%emt 0:00:17]} cxb5 {[%emt 0:00:03]} 21. Bxb5+ {[%emt 0:00:01]} Kf8 {[%emt 0:00:02]} 22. c6 {[%emt 0:00:27]} bxc6 {[%emt 0:00:31]} 23. Bxc6 {[%emt 0:00:51]} Ra7 {[%emt 0:00:06]} 24. Nxg6+ {[%emt 0:00:20]} fxg6 {[%emt 0:00:07]} 25. Bb8 {[%emt 0:00:10]} Ra8 {[%emt 0:00:13]} 26. Bxa8 {[%emt 0:00:09]} Kf7 {[%emt 0:00:02]} 27. Bxd5 {[%emt 0:01:05]} Rxb8 {[%emt 0:00:12]} 28. Bc4 {[%emt 0:00:07]} Rxb2 {[%emt 0:00:14]} 29. Rxa6 {[%emt 0:00:04]} Ne4 {[%emt 0:00:08]} 30. Bxe6+ {[%emt 0:00:18]} Ke8 {[%emt 0:00:05]} 31. Rc8+ {[%emt 0:00:09]} Bd8 {[%emt 0:00:01]} 32. Raa8 {[%emt 0:00:06]} Ke7 {[%emt 0:00:01]} 33. d5 {[%emt 0:00:08]} Bb6 {[%emt 0:00:11]} 34. Re8+ {[%emt 0:00:20]} Kd6 {[%emt 0:00:13]} 35. Ra6 {[%emt 0:00:24]} Rb1+ {[%emt 0:01:51]} 36. Kh2 {[%emt 0:00:10]} Kc5 {[%emt 0:00:03]} 37. Ra2 {[%emt 0:00:20]} Bc7+ {[%emt 0:00:15]} 38. f4 {[%emt 0:00:10]} g5 {[%emt 0:00:09]} 39. Bf5 {[%emt 0:00:10]} Rh1+ {[%emt 0:00:52]} 40. Kxh1 {[%emt 0:00:13]} Ng3+ {[%emt 0:00:01]} 41. Kg1 {[%emt 0:00:02]} Nxf5 {[%emt 0:00:02]} 42. Rc2+ {[%emt 0:00:07]} Kd6 {[%emt 0:00:03]} 43. e4 {[%emt 0:00:13]} Ne3 {[%emt 0:00:30]} 44. Rxc7 {[%emt 0:00:03]} Kxc7 {[%emt 0:00:03]} 45. fxg5 {[%emt 0:00:09]} Nxd5 {[%emt 0:00:05]} 46. exd5 {[%emt 0:00:05]} 1-0



[Event Sabatino Fide De Nau64 6 Junio 2026]
[Site Montevideo, UY]
[Date 2026.06.06]
[Round 4]
[Board 2]
[White Kaciusis, Daniel]
[Black Escofet, Jaime]
[Result 0-1]
[ECO B13]
[WhiteElo 1631]
[BlackElo 2042]
[WhiteFideId 3009114]
[BlackFideId 3000176]
[PlyCount 98]
[GameId 2318837052923959]
[EventDate 2026.??.??]
[TimeControl 600+5]
[WhiteClock 0:02:57]
[BlackClock 0:08:42]

1. e4 {[%emt 0:00:02]} c6 {[%emt 0:00:00]} 2. Nf3 {[%emt 0:00:03]} d5 {[%emt 0:00:01]} 3. exd5 {[%emt 0:00:01]} cxd5 {[%emt 0:00:01]} 4. d4 {[%emt 0:00:01]} Nc6 {[%emt 0:00:01]} 5. c3 {[%emt 0:00:01]} Bg4 {[%emt 0:00:02]} 6. Be2 {[%emt 0:00:01]} e6 {[%emt 0:00:01]} 7. O-O {[%emt 0:00:03]} Nf6 {[%emt 0:00:01]} 8. Bg5 {[%emt 0:00:02]} Be7 {[%emt 0:00:01]} 9. Nbd2 {[%emt 0:00:03]} O-O {[%emt 0:00:02]} 10. Re1 {[%emt 0:00:02]} a6 {[%emt 0:00:05]} 11. Rc1 {[%emt 0:00:06]} b5 {[%emt 0:00:02]} 12. a3 {[%emt 0:00:15]} Na5 {[%emt 0:00:03]} 13. Bd3 {[%emt 0:00:13]} Nc4 {[%emt 0:00:07]} 14. Nxc4 {[%emt 0:00:04]} bxc4 {[%emt 0:00:02]} 15. Be2 {[%emt 0:00:40]} h6 {[%emt 0:00:20]} 16. Bh4 {[%emt 0:00:03]} Ne4 {[%emt 0:00:08]} 17. Bxe7 {[%emt 0:00:31]} Qxe7 {[%emt 0:00:02]} 18. h3 {[%emt 0:00:14]} Bxf3 {[%emt 0:00:16]} 19. Bxf3 {[%emt 0:00:04]} Nf6 {[%emt 0:00:06]} 20. Qd2 {[%emt 0:00:26]} Rab8 {[%emt 0:00:06]} 21. Bd1 {[%emt 0:00:32]} Rb6 {[%emt 0:00:07]} 22. f3 {[%emt 0:00:31]} Rfb8 {[%emt 0:00:02]} 23. Rc2 {[%emt 0:00:01]} Qb7 {[%emt 0:00:13]} 24. b4 {[%emt 0:00:41]} cxb3 {[%emt 0:00:03]} 25. Rb2 {[%emt 0:00:00]} a5 {[%emt 0:00:06]} 26. Qd3 {[%emt 0:00:16]} a4 {[%emt 0:00:06]} 27. c4 {[%emt 0:00:02]} dxc4 {[%emt 0:00:05]} 28. Qxc4 {[%emt 0:00:02]} Qa6 {[%emt 0:00:07]} 29. Qc7 {[%emt 0:00:34]} Rc8 {[%emt 0:00:09]} 30. Qe5 {[%emt 0:00:20]} Rc1 {[%emt 0:00:32]} 31. Kf2 {[%emt 0:00:24]} Qc8 {[%emt 0:00:51]} 32. Qa5 {[%emt 0:00:37]} Ra6 {[%emt 0:00:19]} 33. Qb5 {[%emt 0:00:21]} Nd5 {[%emt 0:00:15]} 34. Qd3 {[%emt 0:00:44]} Rac6 {[%emt 0:00:08]} 35. Qb5 {[%emt 0:00:26]} Nc3 {[%emt 0:00:16]} 36. Qd3 {[%emt 0:00:10]} Nxd1+ {[%emt 0:00:06]} 37. Rxd1 {[%emt 0:00:01]} Rxd1 {[%emt 0:00:03]} 38. Qxd1 {[%emt 0:00:01]} Rc2+ {[%emt 0:00:03]} 39. Rxc2 {[%emt 0:00:22]} Qxc2+ {[%emt 0:00:03]} 40. Ke1 {[%emt 0:00:41]} Qxd1+ {[%emt 0:00:08]} 41. Kxd1 {[%emt 0:00:01]} Kf8 {[%emt 0:00:02]} 42. "
https://nau64.com/la-vuelta-triunfal-de-leonel-recine/,9,"Kd2 {[%emt 0:00:13]} Ke7 {[%emt 0:00:01]} 43. Kc3 {[%emt 0:00:01]} Kd6 {[%emt 0:00:01]} 44. f4 {[%emt 0:00:02]} Kd5 {[%emt 0:00:02]} 45. g4 {[%emt 0:00:36]} Ke4 {[%emt 0:00:05]} 46. f5 {[%emt 0:00:03]} exf5 {[%emt 0:00:01]} 47. gxf5 {[%emt 0:00:01]} Kxf5 {[%emt 0:00:02]} 48. h4 {[%emt 0:00:22]} Ke4 {[%emt 0:00:04]} 49. h5 {[%emt 0:00:13]} f5 {[%emt 0:00:01]} 0-1



[Event Sabatino Fide De Nau64 6 Junio 2026]
[Site Montevideo, UY]
[Date 2026.06.06]
[Round 5]
[Board 1]
[White Polito, Evangelina]
[Black Recine, Leonel]
[Result 1/2-1/2]
[ECO E11]
[WhiteElo 1823]
[BlackElo 1919]
[WhiteFideId 3029220]
[BlackFideId 3000826]
[PlyCount 141]
[GameId 2318837052923961]
[EventDate 2026.??.??]
[TimeControl 600+5]
[WhiteClock 0:00:02]
[BlackClock 0:01:24]

1. d4 {[%emt 0:00:03]} Nf6 {[%emt 0:00:02]} 2. c4 {[%emt 0:00:02]} e6 {[%emt 0:00:01]} 3. Nf3 {[%emt 0:00:03]} Bb4+ {[%emt 0:00:03]} 4. Bd2 {[%emt 0:00:02]} Be7 {[%emt 0:00:02]} 5. g3 {[%emt 0:00:02]} d5 {[%emt 0:00:03]} 6. Qc2 {[%emt 0:00:04]} O-O {[%emt 0:00:30]} 7. Bg2 {[%emt 0:00:02]} c6 {[%emt 0:00:07]} 8. Bf4 {[%emt 0:00:12]} Nbd7 {[%emt 0:00:13]} 9. Nbd2 {[%emt 0:00:09]} Nh5 {[%emt 0:00:20]} 10. Be3 {[%emt 0:00:09]} f5 {[%emt 0:00:17]} 11. Nb3 {[%emt 0:00:30]} Nhf6 {[%emt 0:01:24]} 12. h4 {[%emt 0:00:46]} Ng4 {[%emt 0:00:34]} 13. Bg5 {[%emt 0:00:06]} h6 {[%emt 0:00:08]} 14. Bf4 {[%emt 0:01:55]} Ndf6 {[%emt 0:00:10]} 15. Ne5 {[%emt 0:00:36]} Nxe5 {[%emt 0:00:18]} 16. dxe5 {[%emt 0:00:59]} Nd7 {[%emt 0:01:39]} 17. O-O {[%emt 0:00:18]} g5 {[%emt 0:00:18]} 18. hxg5 {[%emt 0:00:19]} hxg5 {[%emt 0:00:05]} 19. Bd2 {[%emt 0:00:20]} Nxe5 {[%emt 0:00:06]} 20. cxd5 {[%emt 0:00:13]} exd5 {[%emt 0:00:12]} 21. Bc3 {[%emt 0:00:29]} Ng4 {[%emt 0:00:27]} 22. Bf3 {[%emt 0:00:16]} Nf6 {[%emt 0:00:49]} 23. e3 {[%emt 0:01:03]} Ne4 {[%emt 0:00:45]} 24. Bd4 {[%emt 0:00:14]} Be6 {[%emt 0:00:38]} 25. Kg2 {[%emt 0:00:07]} g4 {[%emt 0:00:05]} 26. Be2 {[%emt 0:00:21]} Ng5 {[%emt 0:00:08]} 27. Bxg4 {[%emt 0:00:15]} Bf6 {[%emt 0:01:02]} 28. Bxf5 {[%emt 0:00:46]} Bxf5 {[%emt 0:01:18]} 29. Qxf5 {[%emt 0:00:10]} Bxd4 {[%emt 0:00:09]} 30. Qg6+ {[%emt 0:00:07]} Bg7 {[%emt 0:00:01]} 31. Nd4 {[%emt 0:00:10]} Qf6 {[%emt 0:00:04]} 32. Qh5 {[%emt 0:00:35]} Qh6 {[%emt 0:00:05]} 33. Qe2 {[%emt 0:00:05]} Qh3+ {[%emt 0:00:02]} 34. Kg1 {[%emt 0:00:05]} Kf7 {[%emt 0:00:09]} 35. Nf3 {[%emt 0:00:53]} Nxf3+ {[%emt 0:00:08]} 36. Qxf3+ {[%emt 0:00:02]} Ke7 {[%emt 0:00:04]} 37. Qg2 {[%emt 0:00:21]} Qxg2+ {[%emt 0:00:06]} 38. Kxg2 {[%emt 0:00:02]} b6 {[%emt 0:00:02]} 39. Rab1 {[%emt 0:00:03]} Rf5 {[%emt 0:00:04]} 40. b4 {[%emt 0:00:07]} Raf8 {[%emt 0:00:06]} 41. Rbc1 {[%emt 0:00:11]} Kd6 {[%emt 0:00:02]} 42. Rc2 {[%emt 0:00:05]} d4 {[%emt 0:00:06]} 43. exd4 {[%emt 0:00:05]} Bxd4 {[%emt 0:00:02]} 44. Rd2 {[%emt 0:00:11]} c5 {[%emt 0:00:01]} 45. f4 {[%emt 0:00:08]} Kd5 {[%emt 0:00:04]} 46. bxc5 {[%emt 0:00:05]} bxc5 {[%emt 0:00:01]} 47. Rb1 {[%emt 0:00:05]} Re8 {[%emt 0:00:19]} 48. Rb7 {[%emt 0:00:02]} a6 {[%emt 0:00:14]} 49. Ra7 {[%emt 0:00:10]} Re6 {[%emt 0:00:04]} 50. Kf3 {[%emt 0:00:05]} Rb6 {[%emt 0:00:02]} 51. a4 {[%emt 0:00:01]} Rb3+ {[%emt 0:00:02]} 52. Kg4 {[%emt 0:00:01]} Rf6 {[%emt 0:00:05]} 53. Kg5 {[%emt 0:00:08]} c4 {[%emt 0:00:06]} 54. Rxd4+ {[%emt 0:00:02]} Kxd4 {[%emt 0:00:02]} 55. Kxf6 {[%emt 0:00:01]} c3 {[%emt 0:00:00]} 56. Rd7+ {[%emt 0:00:04]} Ke3 {[%emt 0:00:03]} 57. f5 {[%emt 0:00:14]} c2 {[%emt 0:00:04]} 58. Rc7 {[%emt 0:00:01]} Kd2 {[%emt 0:00:01]} 59. Rd7+ {[%emt 0:00:01]} Rd3 {[%emt 0:00:02]} 60. Rc7 {[%emt 0:00:04]} c1=Q {[%emt 0:00:07]} 61. Rxc1 {[%emt 0:00:02]} Kxc1 {[%emt 0:00:01]} 62. g4 {[%emt 0:00:04]} Rd4 {[%emt 0:00:05]} 63. g5 {[%emt 0:00:04]} Rxa4 {[%emt 0:00:02]} 64. g6 {[%emt 0:00:01]} Rg4 {[%emt 0:00:01]} 65. "
https://nau64.com/la-vuelta-triunfal-de-leonel-recine/,10,"Kf7 {[%emt 0:00:08]} a5 {[%emt 0:00:01]} 66. g7 {[%emt 0:00:01]} a4 {[%emt 0:00:01]} 67. f6 {[%emt 0:00:23]} a3 {[%emt 0:00:01]} 68. g8=Q {[%emt 0:00:06]} Rxg8 {[%emt 0:00:01]} 69. Kxg8 {[%emt 0:00:04]} a2 {[%emt 0:00:04]} 70. f7 {[%emt 0:00:01]} a1=Q {[%emt 0:00:03]} 71. f8=Q {[%emt 0:00:19]} 1/2-1/2



[Event Sabatino Fide De Nau64 6 Junio 2026]
[Site Montevideo, UY]
[Date 2026.06.06]
[Round 5]
[Board 2]
[White Pinto, Miguel Abrahao Servi]
[Black Escofet, Jaime]
[Result 1/2-1/2]
[ECO A57]
[WhiteElo 1889]
[BlackElo 2042]
[WhiteFideId 2141698]
[BlackFideId 3000176]
[PlyCount 114]
[GameId 2318837052928059]
[EventDate 2026.??.??]
[TimeControl 600+5]
[WhiteClock 0:01:33]
[BlackClock 0:02:40]

1. d4 {[%emt 0:00:02]} Nf6 {[%emt 0:00:02]} 2. "
https://nau64.com/la-vuelta-triunfal-de-leonel-recine/,11,Nf3 {[%emt 0:00:02]} c5 {[%emt 0:00:01]} 3. d5 {[%emt 0:00:04]} g6 {[%emt 0:00:03]} 4. c4 {[%emt 0:00:02]} b5 {[%emt 0:00:01]} 5. b3 {[%emt 0:00:02]} Bg7 {[%emt 0:00:03]} 6. Bb2 {[%emt 0:00:07]} bxc4 {[%emt 0:00:02]} 7. bxc4 {[%emt 0:00:02]} O-O {[%emt 0:00:03]} 8. e3 {[%emt 0:00:16]} d6 {[%emt 0:00:02]} 9. Bd3 {[%emt 0:00:06]} Nbd7 {[%emt 0:00:05]} 10. O-O {[%emt 0:00:04]} Nb6 {[%emt 0:00:01]} 11. Nbd2 {[%emt 0:00:21]} Rb8 {[%emt 0:00:03]} 12. Rb1 {[%emt 0:00:02]} Bd7 {[%emt 0:00:05]} 13. h3 {[%emt 0:00:15]} Na4 {[%emt 0:00:07]} 14. Ba1 {[%emt 0:00:05]} Qa5 {[%emt 0:00:04]} 15. Nb3 {[%emt 0:00:08]} Qc7 {[%emt 0:00:18]} 16. Qe2 {[%emt 0:00:15]} Rb4 {[%emt 0:00:07]} 17. Rfc1 {[%emt 0:00:23]} Rfb8 {[%emt 0:00:02]} 18. Ne1 {[%emt 0:00:02]} R4b7 {[%emt 0:00:18]} 19. Nf3 {[%emt 0:01:00]} Ne8 {[%emt 0:00:46]} 20. Bxg7 {[%emt 0:00:10]} Nxg7 {[%emt 0:00:02]} 21. Ng5 {[%emt 0:00:46]} h6 {[%emt 0:00:08]} 22. Ne4 {[%emt 0:00:02]} Bf5 {[%emt 0:00:30]} 23. Ng3 {[%emt 0:00:20]} Bxd3 {[%emt 0:00:04]} 24. Qxd3 {[%emt 0:00:02]} Rb4 {[%emt 0:00:05]} 25. Nf1 {[%emt 0:00:27]} Nf5 {[%emt 0:00:58]} 26. Nfd2 {[%emt 0:00:14]} h5 {[%emt 0:00:17]} 27. Nf3 {[%emt 0:00:05]} Nb6 {[%emt 0:00:16]} 28. Na5 {[%emt 0:00:45]} Rxb1 {[%emt 0:00:05]} 29. Rxb1 {[%emt 0:00:08]} Nd7 {[%emt 0:00:27]} 30. Nc6 {[%emt 0:00:02]} Rxb1+ {[%emt 0:00:16]} 31. Qxb1 {[%emt 0:00:02]} Kf8 {[%emt 0:00:09]} 32. Qb2 {[%emt 0:00:02]} Ng7 {[%emt 0:00:04]} 33. Qa3 {[%emt 0:00:35]} Nb6 {[%emt 0:00:23]} 34. Qa5 {[%emt 0:00:31]} Ne8 {[%emt 0:00:16]} 35. Nd2 {[%emt 0:00:16]} e6 {[%emt 0:00:09]} 36. Qc3 {[%emt 0:00:35]} Ng7 {[%emt 0:00:05]} 37. e4 {[%emt 0:00:03]} exd5 {[%emt 0:00:24]} 38. exd5 {[%emt 0:00:01]} Nc8 {[%emt 0:00:24]} 39. Nb3 {[%emt 0:00:27]} Nb6 {[%emt 0:00:22]} 40. Nba5 {[%emt 0:00:32]} Qd7 {[%emt 0:00:09]} 41. Qb2 {[%emt 0:00:10]} Qc7 {[%emt 0:00:54]} 42. Qb5 {[%emt 0:00:12]} Nf5 {[%emt 0:00:13]} 43. Qa6 {[%emt 0:00:04]} Nd4 {[%emt 0:00:31]} 44. Kf1 {[%emt 0:00:12]} Nxc6 {[%emt 0:00:14]} 45. Nxc6 {[%emt 0:00:03]} Nc8 {[%emt 0:00:04]} 46. g3 {[%emt 0:00:31]} Nb6 {[%emt 0:00:35]} 47. Kg2 {[%emt 0:00:25]} Nc8 {[%emt 0:00:04]} 48. a4 {[%emt 0:00:11]} Qd7 {[%emt 0:00:01]} 49. Qb5 {[%emt 0:00:32]} Qf5 {[%emt 0:00:06]} 50. Qb2 {[%emt 0:00:31]} Qe4+ {[%emt 0:01:04]} 51. Kh2 {[%emt 0:00:01]} Kg8 {[%emt 0:00:04]} 52. Qf6 {[%emt 0:00:16]} Qe8 {[%emt 0:00:09]} 53. a5 {[%emt 0:00:16]} a6 {[%emt 0:00:06]} 54. Kg2 {[%emt 0:00:17]} Qe4+ {[%emt 0:00:08]} 55. Kg1 {[%emt 0:00:09]} Qe1+ {[%emt 0:00:07]} 56. 
https://nau64.com/la-vuelta-triunfal-de-leonel-recine/,12,"Kg2 {[%emt 0:00:02]} Qe4+ {[%emt 0:00:02]} 57. Kh2 {[%emt 0:00:02]} Qe8 {[%emt 0:00:02]} 1/2-1/2









Mientras que en el Blitz el ganador fue Bruno Escardo con puntaje perfecto y Miguel Pinto logro el segundo lugar con 5 puntos.









Nos reencontramos el próximo sábado 13 de junio a las 16hrs con más torneos rápidos y blitz con validez para elo FIDE.








Navegación de entradas
22 de mayo comienza el 69 Torneo de los Viernes.1° Abierto Rápido Club Español"
https://nau64.com/leyenda-danesa/,0,"Historia


Leyenda danesa

 José Riverol 30 noviembre, 2025 


En esta foto de P. Poulsen vemos al Gran Maestro Bent Larsen (1935-2010) Datos destacados:
✅ 1. El tablero 1 en Belgrado 1970: En el famoso match URSS vs. Resto del Mundo, Larsen exigió jugar en el primer tablero por sus recientes resultados. Bobby Fischer aceptó jugar en el tablero  Es el único occidental que logró eso en el pico de carrera de Fischer.
✅ 2. El primer Óscar fue suyo: La prensa especializada creó el Óscar del Ajedrez en 1967. Larsen fue el primer ganador de la historia, superando al campeón mundial Tigran Petrosian ese año.
"
https://nau64.com/leyenda-danesa/,1,"✅ 3. Su propia apertura: Popularizó el movimiento 1. b3, hoy conocido teóricamente como la Apertura Larsen o Ataque Nimzo-Larsen.

Larsen vs Karpov

Una leyenda danesa que jugaba a ganar o perder, nunca a empatar.







#ajedrez#chess#historia 




Navegación de entradas
Experiencia vs Juventud: Gonzalo Nakle se impone en el match oficial de Nau64Directivos, maestros y jóvenes talentos dieron vida a un Día del Ajedrecista inolvidable."
https://nau64.com/ligauruguayadeajedrez/,0,"Online


Clasificatorio Final Liga Uruguaya de Ajedrez

 José Riverol 6 agosto, 2026 


Liga Uruguaya de Ajedrez
3 categorías: Absoluta, Sub-12 y Sub-16
Lugar: Casona de Punta Carretas, José Ellauri 306 – Municipio CHFecha: Domingo 16 de agostoHora de comienzo: 15:00 hsSistema de juego: Suizo, 5 rondasRitmo de juego: 10’ + 5’’
Inscripciones

Enviar mensaje de WhatsApp al 099 556 123 con:

Nombre del participante
ID FIDE (si no tiene, enviar foto de cédula)
Foto del comprobante de pago


Costo: $400 

Formas de pago

Cuenta Prex: Nº 1211475 – Titular: José Riverol

Reglamento
1) Autoridades y aspectos administrativos

Organizador: Academia Nau64 – LUA, Municipio CH
Director del torneo: FM/FA José Riverol
Árbitros: FA Jose Riverol
Tribunal de Apelaciones: 

2) Normativa
El torneo se regirá por las Leyes del Ajedrez de la FIDE vigentes, Apéndice A “Ajedrez Rápido”. No habrá supervisión adecuada (art. A.4.1).
3) Torneos

Sistema suizo a 5 rondas.
Tres torneos individuales:

Absoluta
Sub-12 (nacidos en 2014 o después)
Sub-16 (nacidos en 2010 o después)


Clasificación para la Final Departamental: se contemplarán las 5 mejores posiciones de jugadores nacidos, residentes o representantes de clubes de Montevideo.
Inclusiones especiales:

Absoluta: 2 mejores femeninas + 2 mejores Sub-18
Sub-16: 2 mejores femeninas
Sub-12: 2 mejores femeninas


En caso de ausencia de un clasificado, se convocarán suplentes según la tabla final.

4) Ritmo de juego
10 minutos + 5 segundos por jugada desde el primer movimiento. La tolerancia será todo el tiempo disponible en el reloj.
5) Tablas
Se podrán acordar en cualquier momento, siempre que ambos jugadores hayan realizado al menos un movimiento.
6) Emparejamientos

Software: Swiss Manager
Ranking inicial:

Elo FIDE rápidas
Elo FUA
Orden alfabético



7) Byes
Los jugadores podrán solicitar no ser emparejados todas las veces que lo deseen, notificando al árbitro antes de finalizar la ronda anterior. En la primera ronda, deberán hacerlo al inscribirse. No recibirán puntos en esa ronda.
8) Incomparecencias
Quien pierda dos partidas por incomparecencia será retirado del torneo, salvo decisión arbitral distinta.
9) Desempates

Encuentro directo
Buchholz con corte 1 (se excluye el peor resultado)
Buchholz total
Sonneborn-Berger (con puntos reales)
Suma de Buchholz

10) Reclamos

Plazo: hasta 5 minutos después de finalizada la ronda.
Forma: escrito dirigido al Director del Torneo, con relato de hechos y fundamentos.
Depósito: $500.
El Tribunal resolverá hasta 5 minutos antes de la siguiente ronda. Sus fallos son inapelables.

11) Dispositivos electrónicos
Durante la partida no se podrán portar celulares ni dispositivos electrónicos. Se permite dejarlos apagados y a la vista sobre la mesa antes de comenzar. Si suena un celular o se detecta un dispositivo, el jugador perderá la partida.
12) Casos no previstos
Competencia del Árbitro Principal.
13) Aceptación
La participación implica la aceptación total del presente reglamento.
📍 Montevideo, 2026








Navegación de entradas
1er Torneo Suizo sistema Match – Rondas 1 y 2MN Benjamin Martello arrasa en los torneos rapidos y blitz



Deja una respuesta Cancelar la respuestaTu dirección de correo electrónico no será publicada. Los campos obligatorios están marcados con *Comentario * Nombre 
Correo electrónico 
Web 
 Notify me of follow-up comments by email. "
https://nau64.com/ligauruguayadeajedrez/,1,"Notify me of new posts by email. 

Δ"
https://nau64.com/live-chess-world-league-2025/,0,"Liga Mundial
Online
Uruguay


Live Chess World League 2025

 José Riverol 13 octubre, 2025 


Uruguay dice presente en el evento oficial más prestigioso del ajedrez online: la Chess.com Nations LeagueEl equipo nacional Uruguay Open vuelve a representar a nuestro país en la competencia internacional más relevante del ajedrez digital, organizada por la plataforma líder Chess.com. Esta instancia reúne a los mejores jugadores uruguayos junto a aficionados de todas las edades y niveles, unidos por un mismo propósito: defender los colores de la celeste en un entorno competitivo, fraterno y global.🕐 Modalidades de juego Los ritmos oficiales de esta edición son:

Blitz 5+2 (partidas rápidas con incremento)
Rápidas 10+2 

Además, los encuentros son transmitidos en vivo con cobertura especial a cargo del MF José Riverol, acompañado por invitados destacados. Las transmisiones ofrecen un espacio único para compartir, aprender y celebrar la pasión por el ajedrez en comunidad. Twitch – YouTube 
📌 Categorías de participación Uruguay competirá en dos divisiones:

Categoría Abierta Participan todos los jugadores sin restricción de nivel. Los rivales en esta fase serán:Colombia, Paraguay, Nicaragua, República Dominicana, Venezuela, Haití y Gran Bretaña.
Categoría Sub-1600Exclusiva para jugadores con un Elo inferior a 1600. En esta sección se juega únicamente en ritmo Blitz 5+2.Los enfrentamientos serán ante:Macedonia, Nicaragua, Gran Bretaña, Lituania, Haití, Colombia y Papúa Nueva Guinea. 

Seguimiento y resultados Los resultados, enlaces de partidas y novedades serán compartidos por nuestros canales oficiales. "
https://nau64.com/live-chess-world-league-2025/,1,"Invitamos a toda la comunidad a seguirnos en redes sociales para estar al tanto de futuras actividades, transmisiones y oportunidades de participación. TikTok – X – Facebook – Instagram – YouTube – Twitch
Posiciones al momento

Resultados Categoria Abierta:Uruguay 7 – 5 Paraguay: 12 octubre 2025 5+2 Video aquí.Uruguay 12 – 0 Paraguay: 12 octubre 2025 10+2 Video aquí.Uruguay 22 – 16 Venezuela: 5 octubre 2025 5+2 – Video aquí.Uruguay 24½ – 15½ Venezuela: 5 de octubre 10+2 – Video aquí. 









Navegación de entradas
Copa America Online 2025 – Se viene la Jornada 7Copa AN Edmundo Infante – NAU64"
https://nau64.com/lkarpov-vs-kasparov/,0,"Historia
Historias de Ajedrez


La Batalla Infinita: Karpov vs. Kasparov

 José Riverol 12 marzo, 2026 


Cinco meses. Cuarenta y ocho partidas. Un duelo que aún huele a conspiración.En 1984, el mundo del ajedrez se detuvo ante un enfrentamiento que rozó la tragedia.No fue un simple juego: fue una guerra de resistencia física, mental y política que la FIDE terminó cancelando “por la salud de los jugadores”.

Los capítulos de una epopeya:
Duración inhumana159 días de combate sobre el mismo tablero. Medio año de tensión sin tregua.
El fantasma de KarpovEl campeón perdió cerca de 10 kilos. Ambos parecían sombras de sí mismos, consumidos por la batalla.
Anatoli Karpov
El regreso imposibleKarpov dominaba 5-0.Kasparov, con voluntad de acero, resistió: 40 empates, luego 3 victorias consecutivas. El marcador se estrechó a 5-3 y el viento cambió de dirección.
La parada más polémicaCuando el milagro parecía inevitable, Florencio Campomanes detuvo el duelo.¿Un gesto de humanidad… o un movimiento político para proteger al campeón?
Garry Kasparov
El resultado: furia de Kasparov, sorpresa mundial y el nacimiento de la mayor rivalidad en la historia del ajedrez.Un choque que trascendió el tablero y se convirtió en símbolo de la Guerra Fría, la política y la conspiración.


Y ahora dime:¿Fue una decisión justa… o un golpe encubierto para evitar que el joven Kasparov destronara a Karpov en un colapso histórico? Espero tus comentarios!
"
https://nau64.com/lkarpov-vs-kasparov/,1,"Todas las Partidas!




#ajedrez#chessHistoria del ajedrezInternacional 




Navegación de entradas
Sábados a Todo AjedrezFrank y Federico brillan en el Rápido y Blitz Sabatino."
https://nau64.com/magnus-carlsen-te-aconseja-para-mejorar-tu-ajedrez/,0,"Curiosidades
Entrevista


Magnus Carlsen te aconseja para mejorar tu ajedrez!

 José Riverol 1 septiembre, 2022 


Magnus Carlsen, indiscutible número uno de la clasificación y campeón del mundo de ajedrez, no es un entusiasta de las entrevistas, pero da algunos consejos personales para mejorar en ajedrez a la revista del New York Times y a Business Insider:

1. Qué estudiar. Al contrario que los clásicos, que recomendaban estudiar finales, Carlsen asegura que lo más importante, al menos en su nivel, es estudiar la teoría de las aperturas, aunque él también analiza las últimas tendencias para estar al día y descubrir nuevos esquemas. También hago ejercicios de táctica. "
https://nau64.com/magnus-carlsen-te-aconseja-para-mejorar-tu-ajedrez/,1,"Intento estar en “modo ajedrez”, asegura.2. Pasear o quedarse en la silla. Si no hay mucho que pensar, es mejor pasear un poco, puede que tomar algo de beber o comer para conseguir algo de energía y conseguir que fluya un poco la sangre. En ningún caso lo hago para intimidar al rival; no necesito trucos extra para conseguir que mis oponentes me teman.3. Beber alcohol. Aquí Carlsen hace gala de un sentido del humor no demasiado conocido: Solo en partidas improvisadas con amigos. Te puedes llegar a sentir más confiado y creativo, pero según mi experiencia, no se juega mejor. Conozco jugadores que se han presentado a partidas serias después de beber, pero ninguno de ellos lo recomienda.4. Jugar contra ordenadores. Es mucho más interesante enfrentarse a personas. Los ordenadores solo son una herramienta para analizar. El ordenador puede ayudarte a entender el ajedrez si sabes cómo usarlo. Confiar en ellos ciegamente no es buena idea. "
https://nau64.com/magnus-carlsen-te-aconseja-para-mejorar-tu-ajedrez/,2,"Jugar contra ellos puede ser deprimente. No me gusta perder. No ayuda demasiado para enfrentarte luego a los humanos, que todavía son mi principales rivales.5. Divertirse y vivir el ajedrez. No estoy obsesionado con el juego.Algunas llegan a obsesionarse con el ajedrez, pero yo no. Lo más importante es que disfruto jugando. “Lo más importante es que te guste aprender, divertirte, obviamente también ganar, pero sobre todo aprender. Pero si quieres ser uno de los mejores, no basta con ir un par de veces a la semana al club y jugar un torneo de vez en cuando, como en otros deportes. Debes vivir el ajedrez todo el tiempo.6. Alimentación y forma física. Hoy me he comido una hamburguesa y me sentí fatal. Si tuviera que jugar una partida importante ahora, seguramente lo haría muy mal. Si te sientes bien, en forma, tu mente trabaja mejor, puedes resistir más tiempo.7. Superar las derrotas. A lo largo del tiempo, probablemente he aprendido más de las partidas que he perdido. Cuando esto ocurre, normalmente tengo una idea bastante precisa de lo que he hecho mal, y normalmente era un error concreto. Pero con el tiempo he comprendido que quizá había algo más profundo y en realidad cometía más errores de los que pensaba, evaluaba mal la posición y esas cosas. Pero tampoco me gusta el estilo de la vieja escuela soviética de castigarse analizando tus derrotas.8. Utilizar la intuición. En realidad, el ajedrez consiste sobre todo en seguir tus instintos. Normalmente la intuición me dice algo. Me da una idea de lo que quiero jugar. Entonces, si tengo tiempo para verificarlo y calcular las variantes, compruebo que tenía razón. En las partidas rápidas, no tenemos ese lujo y normalmente juego lo primero que me viene a la mente. Creo que no es bueno jugar solo rápidas, pero hacerlo de vez en cuando es muy útil, sobre todo cuando te desarrollas como joven jugador, para desarrollar tu instinto y la visión táctica.9. Vencer la tensión: A veces me pongo nervioso, sobre todo cuando siento que no estoy bien preparado, como cuando te presentas a un examen que no has estudiado bien. De lo contrario, durante las partidas no siento esos nervios. Tengo gran confianza en lo que hago y no me suele ocurrir, pero si estoy nervioso, intento poner cara de póker y no demostrarlo.10. Seguir aprendiendo. Aún siento que recojo pequeñas enseñanzas todo el tiempo. Ahora estoy aprendiendo a evaluar las posiciones de forma diferente a como solía hacerlo. Es algo que llega con la experiencia y el entrenamiento. Nunca sé realmente qué será lo próximo, pero siempre ocurre algo bueno.



Historia del ajedrez 




Navegación de entradas
Mate en 7El misterio del infiltrado."
https://nau64.com/match-960-random-fischer-uruguay-vs-uzbekistan/,0,"Liga Mundial
Match
Online


Match 960 (Random Fischer) Uruguay vs Uzbekistán.

 José Riverol 16 octubre, 2022 


El segundo match del equipo uruguayo (Uruguay Open) se jugó el domingo 16 octubre a las 12 hs. Y tubo como equipo rival al poderoso Team Uzbeskitán (2300 jugadores y una población mundial de más de 43 millones), el resultado fue favorable al equipo centro ansiático por 13½ a 6½. Realice el video en directo y lo curioso es que nuestro compañero MF Daniel Izquierdo (Izquierd) se midió nada menos que contra Garry Kasparov!  Dejo el video con comentarios aquí.Todos los resultados y partidas aquí. 
"
https://nau64.com/match-960-random-fischer-uruguay-vs-uzbekistan/,1,"Participantes del match.












Navegación de entradas
Ronda 1 y 2 del Open 128 con Partidas y VideoUruguay cayo ante Bolivia por la Sub-1600 Mundial."
https://nau64.com/matteo-reyes-se-llevo-el-xxi-aniversario-sub-14-de-nau64/,0,"Academia
Online
Partidas
Torneos
Videos


Matteo Reyes se llevó el XXI Aniversario sub-14 de Nau64

 Bryan Lopez 26 diciembre, 2025 


En la Academia Nau64, los días 20 y 21 de diciembre se desarrolló el XXI Aniversario de nuestra academia. Este evento constó de tres torneos. "
https://nau64.com/matteo-reyes-se-llevo-el-xxi-aniversario-sub-14-de-nau64/,1,"El primero de ellos fue el Torneo Aniversario Sub-14, el cual se disputó el día 20 de diciembre, Se desarrolló bajo el formato sistema suizo de 5 rondas, con un ritmo de 10 minutos más 5 segundos de incremento por jugada, La primera ronda comenzó a las 10:00 hs.
El arbitraje estuvo a cargo del FA Jose Riverol con la colaboracion de los profesores Nikolai Yakes y AFM Bryan Lopez.

Jugada la ultima ronda:El Joven Matteo Reyes se proclamó Campeón con 4½ puntos de 5 cosibles, quedando Invicto.
Damos a continuación la lista de los premiados:Vicecampeón Ithan De Paula con 4 puntos.Tercer Puesto Santiago López con 3½ puntos.Cuarto Puesto Leonardo Marquisio con 3½ puntosQuinto Puesto Clara Porteiro con 3 puntos
Este evento Culminó con un nivel competitivo muy alto y una tabla de posiciones que tuvo definiciones ajustadas hasta el final.

















































#ajedrez#chess#nau64ajedrezTorneo 




Navegación de entradas
El campeón sub-20 se llevó el XXI Aniversario Blitz de Nau64Emanuel Jesus Se llevó el XXI aniversario Open de nau64"
https://nau64.com/miercoles/,0,"Online


Ajedrez de Miercoles II

 José Riverol 5 febrero, 2026 


La Academia de Ajedrez Nau64 celebra un torneo rápido los días 11, 18 y 25 de febrero, con un sistema suizo a 6 rondas y ritmo de 20+10. Las partidas comienzan a las 19:00 horas en la sala de juego de la Academia (Bv. España 2586, Montevideo). Con la dirección arbitral de FA Jose Riverol y el apoyo de AA Avril Stefano, el evento promete emoción, competitividad y un excelente ambiente para la comunidad ajedrecística.Fechas de juego: Ronda 1: Miercoles 11 febrero 19:00 hs.Ronda 2: Miercoles 11 febrero 20:15 hs.Ronda 3: Miercoles 18 febrero 19:00 hs.Ronda 4: Miercoles 18 febrero 20:15 hsRonda 5: Miercoles 25 febrero 19:00 hs.Ronda 6: Miercoles 25 febrero 20:15 hs
Los Premios no son acumulables:
General: 1° Trofeo, 2°-3°-4°-5° MedallasFemenino: Medallas 1°Sub-1800 FIDE: Medalla 1°No Rankeados: Medalla 1°Mejor nau64: Medalla 1°Senior +60: Medalla 1°
Inscripciones: Socios y Alumnos de la Academia $300 No Socios: $600
Pagos de las Inscripciones:Transferencias dentro de Santander: Cuenta: 1201640616 Moneda: UYU Sucursal: 73 – ArocenaTransferencias desde otros bancos: Cuenta: 0073001201640616 Moneda: UYU
Cuenta Prex: 1211475 Jose Riverol

Reglamento: R E G L A M E N T O1) AUTORIDADES Y ASPECTOS ADMINISTRATIVOS

Organizador: Academia de Ajedrez Nau64
Árbitro Principal: FA Jose Riverol
Árbitro Adjunto Principal: AA Avril Stefano
Sala de Juego: Academia Nau64, Bv. España 2586 – Montevideo2) LEYES DEL AJEDREZEl torneo se regirá por las Leyes del Ajedrez de la FIDE vigentes a la fecha.3) SISTEMA DE JUEGO
Sistema Suizo a 6 rondas.
Emparejamientos realizados con el programa Swiss Manager.
Ranking inicial:


Elo Rápido FIDE
Elo FUA
Orden alfabético4) CALENDARIO Y HORARIOS


El torneo se disputará los días 11, 18 y 25 de febrero de 2026.
Se jugarán dos rondas por jornada, comenzando a las 19:00 horas.5) RITMO DE JUEGO
20 minutos por jugador + 10 segundos de incremento por jugada desde el primer movimiento.
Tiempo de tolerancia: 20 minutos desde el inicio de la sesión de juego.6) TABLASLos jugadores podrán acordar tablas en cualquier momento de la partida, siempre que ambos hayan efectuado al menos un movimiento.7) BYES Y AUSENCIAS
Los jugadores podrán solicitar no ser emparejados en cualquier ronda, notificando al árbitro antes de finalizar la ronda anterior.
En la primera ronda, la solicitud debe hacerse al momento de la inscripción.
Se permiten hasta dos (2) bye de medio punto (0.5) entre las rondas 1 y 3 inclusive.
Un jugador que pierda una partida por incomparecencia será retirado del torneo, salvo decisión distinta del árbitro.8) DESEMPATESEn caso de igualdad de puntos, se aplicarán en el siguiente orden:


Resultado particular (válido solo si todos los involucrados jugaron entre sí).
Mayor cantidad de victorias (incluyendo puntos por incomparecencia).
"
https://nau64.com/miercoles/,1,"Buchholz total (con oponente virtual).
Buchholz con corte 1 (excluyendo el peor resultado, con oponente virtual).
Sonneborn-Berger (con puntos reales).9) TRIBUNAL DE APELACIONES

La participación en el torneo implica la aceptación plena de estas condiciones.Montevideo, enero de 2026
Los reclamos podrán realizarse hasta 15 minutos después de finalizada la última partida de la ronda en cuestión.
El reclamo debe constar por escrito, con relato de los hechos y fundamentos, acompañado de un depósito de $500 (quinientos pesos uruguayos).
El Tribunal de Apelaciones deberá expedirse hasta 15 minutos antes del inicio de la siguiente ronda.
Sus fallos son inapelables.10) DISPOSITIVOS ELECTRÓNICOS
Durante la partida, los jugadores no podrán portar teléfonos celulares ni dispositivos electrónicos (tablets, smartwatches, etc.).
Antes de comenzar la partida, podrán dejar el celular en el lugar asignado por la organización.
Si un celular suena o se detecta que un jugador porta un dispositivo, perderá la partida.11) DISPOSICIONES FINALES
El Árbitro Principal y el Árbitro Adjunto Principal decidirán sobre cualquier situación no prevista en este reglamento.








Navegación de entradas
Culminaron los cuartos de final serie B del Club CerroAjedrez entre Amigos – Torneo Amateur Nau64"
https://nau64.com/mn-benjamin-martello-arrasa-en-los-torneos-rapidos-y-blitz/,0,"FIDE
Partidas
Sabatino
Torneos
Uruguay


MN Benjamin Martello arrasa en los torneos rapidos y blitz

 Academia Nau64 6 agosto, 2026 


El pasado fin de semana se realizaron los tradicionales torneos de Blitz y Rápidas, como ya es costumbre en nuestra academia. En esta ocasión participaron dos jugadores extranjeros: Félix Isaiah, proveniente de Estados Unidos, y Miguel Pinto, de Brasil, quien ya había participado anteriormente en nuestros torneos.

El joven MN Benjamin Martello, campeón de ambos torneos, se adjudicó con autoridad el Torneo de Rápidas al obtener 5 puntos sobre 5 posibles. En el torneo de Blitz también se consagró campeón, esta vez con 5 puntos sobre 6 posibles.
En Rápidas, sus escoltas fueron cinco jugadores, todos con 3,5 puntos: 2.º Leonel Recine, 3.º Alexandro Silva, 4.º Sergio Pintos, 5.º Charlie Posada (quien finalizó invicto) y 6.º Diego Martínez.

En esta ocasión, el premio a la Mejor Femenina fue para Evangelina Polito, quien obtuvo 3 puntos sobre 5 posibles.

El premio al Mejor Jugador sin ELO fue para Félix Isaiah, con 2,5 puntos sobre 5 posibles.
Aquí dejamos la tabla de posiciones, junto con los videos de cada partida para revivir los momentos más emocionantes, además de las fotos disponibles en nuestras redes de Facebook e Instagram.El evento fue transmitido, como siempre, en nuestros canales de YouTube y Twitch.Club Online: https://www.chess.com/club/nau64?ref_id=4411389Seguí toda la acción en vivo con los Comentarios del MF Jose Riverol y su quipo de prmera!:YouTube: https://www.youtube.com/@nau64Twitch: https://www.twitch.tv/nau64ajedrez¿Querés estar al tanto de todo?Unite a nuestro canal de WhatsApp:whatsapp.com/channel/0029VaAf3s565yDBpnBdJg42



Ronda 1

Mesa 1


Mesa 2






Ronda 2
Mesa 1


Mesa 2






Ronda 3

Mesa 1


Mesa 2






Ronda 4

Mesa 1


Mesa 2






Ronda 5 

Mesa 1


Mesa 2






Blitz
El campeón fue MN Benjamin Martello con 5 puntos de 6 posibles, escoltado por AIM Antonio Fernandez con 4.5 puntos y en tercer lugar Agustina Silva con 4 puntos.




Nos reencontramos el próximo Sábado 8 de agosto a las 16:00 horas para disfrutar de nuevos torneos de rápidas y blitz.



#ajedrez#chess#nau64ajedrez#uruguay 




Navegación de entradas
Clasificatorio Final Liga Uruguaya de AjedrezOpen 136 – Ronda 3



Deja una respuesta Cancelar la respuestaTu dirección de correo electrónico no será publicada. Los campos obligatorios están marcados con *Comentario * Nombre 
Correo electrónico 
Web 
 Notify me of follow-up comments by email. "
https://nau64.com/mn-benjamin-martello-arrasa-en-los-torneos-rapidos-y-blitz/,1,"Notify me of new posts by email. 

Δ"
https://nau64.com/mn-federico-canias-campeon-del-cumpleanero-de-julio/,0,"Academia
FIDE
Online
Partidas
Sabatino
Torneos
Uruguay


MN Federico Canias Campeón del Cumpleañero de Julio

 Academia Nau64 29 julio, 2026 


El pasado sábado 25 de julio se disputó el torneo de rápidas Cumpleañero de Julio, una competencia que no solo reúne a los aficionados al ajedrez en un torneo de partidas rápidas, sino que también celebra los cumpleaños de todos los jugadores nacidos durante ese mes.
Como ya es tradición, el torneo se disputó bajo el sistema suizo a cinco rondas, con un ritmo de juego de 10 minutos por jugador más un incremento de 5 segundos por jugada.
El torneo contó con la presencia de dos Maestros Nacionales, otros jugadores titulados y varios ajedrecistas habituales que colmaron las salas de juego.

Además, el certamen marcó el regreso de un amigo del tablero: el AFM Gonzalo Nakle (foto), quien finalizó con el 50 % de los puntos.

El campeón del torneo fue el MN Federico Canias, quien se consagró con puntaje perfecto.
El segundo puesto fue para el MN Benjamín Martello, con 4 puntos sobre 5 posibles. El tercer lugar quedó en manos del AIM Antonio Fernández, también con 4 puntos sobre 5, aunque relegado por el sistema de desempate.

El mejor premio femenino fue para Agustina Silva, quien obtuvo 3 puntos sobre 5 posibles.
Aquí dejamos la tabla de posiciones, junto con los videos de cada partida para revivir los momentos más emocionantes, además de las fotos disponibles en nuestras redes de Facebook e Instagram.El evento fue transmitido, como siempre, en nuestros canales de YouTube y Twitch.Club Online: https://www.chess.com/club/nau64?ref_id=4411389Seguí toda la acción en vivo con los Comentarios del MF Jose Riverol y su quipo de prmera!:YouTube: https://www.youtube.com/@nau64Twitch: https://www.twitch.tv/nau64ajedrez¿Querés estar al tanto de todo?Unite a nuestro canal de WhatsApp:whatsapp.com/channel/0029VaAf3s565yDBpnBdJg42


Por mas detalles del torneo rápidas y Evento en FIDE
Ronda 1

Mesa 1


Mesa2






Ronda 2

Mesa 1


Mesa 2






Ronda 3

Mesa 1


Mesa 2






Ronda 4

Mesa 1


Mesa 2






Ronda 5

Mesa 1


Mesa 2






Nos reencontramos el próximo 1 de agosto a las 16:00 horas para disfrutar de nuevos torneos de rápidas y blitz.



#ajedrez#chess#Nau64#uruguayTorneo 




Navegación de entradas
Open 136: Ronda 1Open 136: Ronda 2



Deja una respuesta Cancelar la respuestaTu dirección de correo electrónico no será publicada. Los campos obligatorios están marcados con *Comentario * Nombre 
Correo electrónico 
Web 
 Notify me of follow-up comments by email. "
https://nau64.com/mn-federico-canias-campeon-del-cumpleanero-de-julio/,1,"Notify me of new posts by email. 

Δ"
https://nau64.com/mundial-de-ajedrez-2024/,0,"Mundial de Ajedrez
Partidas


Mundial de Ajedrez 2024 (Marcador: Ding 3-3 Gukesh)

 José Riverol 25 noviembre, 2024 


El encuentro del Campeonato Mundial FIDE 2024 es el primero en 138 años que cuenta con dos concursantes de Asia, el actual campeón mundial, el chino Ding Liren y el retador Dommaraju Gukesh de India, compitiendo por el título y un fondo de premios de 2,5 millones de dólares estadounidenses.
El actual campeón del mundo, Ding Liren , que representa a China, y su rival Gukesh D , de la India, se enfrentarán en un match de ajedrez clásico de catorce partidas. El jugador que consiga 7,5 puntos o más ganará el match y se llevará la mayor parte del premio total de 2,5 millones de dólares.

El partido también cuenta con un patrocinio histórico de Google, la primera vez que un líder tecnológico mundial se asocia con el Campeonato Mundial de la FIDE.

Ding Liren: 32 años | Calificación máxima: 2816 | De Wenzhou, China Gran maestro desde 2009 |El jugador chino más fuerte de la historia | El campeón chino más joven de la historia a los 16 años | Racha de 100 juegos invictos entre 2017 y 2018
Gukesh D. 18 años | Calificación máxima: 2794 | De Chennai, India Gran maestro desde 2019 | El aspirante al Campeonato Mundial más joven de la historia | El tercer gran maestro más joven de la historia | El jugador más joven en alcanzar una calificación de 2750

Nuestra Academia tendrá un resumen de cada ronda y actualizara las partidas en esta sección, y los resúmenes en vivo en Twitch y YouTube en donde la opinión de ustedes será para nosotros muy importante. . Nos podrán seguir en nuestras Redes Sociales:Youtube – Twitch – Instagram – Facebook – X Twitter – TikTokPodes sumarte a nuestro canal de Whatsapp 
Partida 5 – 30/11/2024Marcador: Ding 2½-2½ GukeshGukesh, el aspirante más joven, casi pierde ante Ding en la 5ª partida del Mundial de Singapur debido a un mal cálculo. Aunque Gukesh intentó sorprender, Ding aprovechó los errores tácticos de su rival y estuvo a punto de ganar. Las conclusiones son que Gukesh aún no está listo para ser campeón indiscutido y Ding no ha recuperado su forma óptima. Mi puntaje de la partida 6


Partida 4 – 29/11/2024Marcador: Ding 2 – 2 Gukesh
Poco que comentar: ¡el campeón del mundo decidió tomarse un día más de descanso con este juego! Intentó sorprender a su joven rival, pero la fortuna no estuvo de su lado. A mi entender, el retador jugó de manera muy sólida y consiguió igualar la partida sin dificultades. Mi puntaje: un 5.

Partida 3 – 27/11/2024Marcador: Ding 1½ – 1½ GukeshEl joven retador indio de 18 años, Gukesh, consiguió una impresionante victoria en el tercer juego, igualando el marcador del enfrentamiento a 1½-1½. Con una preparación inicial impecable y lleno de confianza, Gukesh capturó una de las piezas menores de Ding Liren, y a partir de ese momento, todo fue sobre ruedas. Mi puntaje un 7
La felicidad del ganador y un extra de 200.000 dolares!




Partida 2 – 26/11/2024Marcador: Ding 1½ – ½ Gukesh
Fue una partida bastante insulsa, donde lo único emocionante ocurrió cuando el campeón inició el juego con 1.e4, dejándonos con ganas de ver más. El empate acerca a Ding a su objetivo de retener el trono, mientras que para Gukesh, hacer tablas tan fácilmente y con negras nunca está de más. En mi escala, este juego merece 5 puntos.


Partida 1 – 25/11/2024Marcador: Ding 1 – 0 GukeshPrimera partida del match, intensa donde ambos mostraron jugar un buen ajedrez de iniciativa y en La primera partida del match fue intensa, con ambos jugadores demostrando un buen ajedrez de iniciativa. Sin embargo, el joven indio no pudo mantener el control y fue superado por el chino. "
https://nau64.com/mundial-de-ajedrez-2024/,1,"En una escala del uno al diez, esta primera partida merece un 8.








#ajedrez#chessMundial 




Navegación de entradas
Torneo XX Aniversario de nau64 -14 y 15 de diciembren (cupos cubiertos)Actividades"
https://nau64.com/nau-64-en-el-interclubes-de-rapidas-y-blitz/,0,"Academia
FUA
Torneos


NAU 64 en el Interclubes de Rápidas y Blitz

 Academia Nau64 7 julio, 2026 


El fin de semana del sábado 20 y domingo 21 de Junio, se disputaron en los salones Rojo y Dorado de la Intendencia de Montevideo los torneos de Rápidas y Blitz. La Academia estuvo presente con varios equipos, cuyos integrantes obtuvieron destacadas actuaciones en ambas competencias, logrando importantes menciones y resultados. 



Rápido
El sábado 20 se celebró el Campeonato Uruguayo de Rápidas, disputado a un ritmo de 10+5 y a 7 rondas. En esta competencia, la Academia participó con cinco equipos:
CERRO-nau64 A



CERRO-nau64 B



CERRO-nau64 C



CERRO PICA QUESO



LOS PINGOS DE BLACKBURNE



Cabe destacar la excelente actuación del equipo B, que se consagró campeón en la categoría Sub-1800 y finalizó en la 11.ª posición de la clasificación general entre 56 equipos participantes.



Asimismo, su tercer tablero obtuvo una destacada actuación individual, finalizando como el tercer mejor tablero 3 del torneo.

BLITZ
El domingo 21 se disputó el Campeonato Uruguayo de Blitz por equipos, jugado a un ritmo de 3+2 y a 9 rondas. En esta ocasión, la Academia participó con cuatro equipos, presentando algunos cambios tanto en la conformación como en el orden de los tableros respecto a los equipos que habían competido en el Campeonato Uruguayo de Rápidas:

CERRO-nau64 A

CERRO-nau64 B

CERRO-nau64 C

LOS PINGOS DE BLACKBURNE



Si bien en el Campeonato Uruguayo de Blitz la Academia no obtuvo premios, hubo varias actuaciones destacadas que merecen ser mencionadas.
Por el equipo Los Pingos de Blackburne, Gonzalo Nakle logró finalizar como el cuarto mejor tablero Nº2 del torneo.



"
https://nau64.com/nau-64-en-el-interclubes-de-rapidas-y-blitz/,1,"En CERRO-nau64 C, el jugador que más puntos sumó fue Diego Martínez Martínez, con 3,5 puntos sobre 9 posibles.



Por su parte, en CERRO-nau64 B, el máximo anotador fue Miguel Abrahao Servi Pintos, quien obtuvo 5,5 puntos en 9 partidas. Además, todos los integrantes del equipo consiguieron al menos el 50 % de los puntos posibles, lo que permitió que este conjunto volviera a ser el equipo de la Academia con mejor desempeño en la clasificación final.
Finalmente, en CERRO-nau64 A, se destacó el hecho de haber sido el reprecentante de la academia que más encuentros por equipos (matches) ganó durante el torneo. Sus mejores actuaciones individuales correspondieron al MN Benjamín Martello y a Iván Belsito, quienes sumaron 5 puntos en 9 partidas cada uno. Como resultado sobresaliente, cabe mencionar la victoria de MN Benjamín Martello sobre el MI Facundo Vázquez.



Más allá de los resultados obtenidos, la participación de la Academia en ambos campeonatos dejó un balance muy positivo. La obtención del título en la categoría Sub-1800 del Campeonato de Rápidas, junto con las destacadas actuaciones individuales y colectivas en ambas competencias, reflejan el compromiso, el crecimiento y el nivel competitivo de nuestros jugadores. Felicitamos a todos los integrantes que representaron a la Academia durante el fin de semana y los alentamos a continuar trabajando y disfrutando del ajedrez con la misma dedicación que demostraron en estos torneos.
Aqui dejamos disponibles nuestras redes de Facebook e Instagram.También puedes en nuestros canales de YouTube y Twitch.Club Online: https://www.chess.com/club/nau64?ref_id=4411389Seguí toda la acción en vivo con los Comentarios del MF Jose Riverol y su quipo de prmera!:YouTube: https://www.youtube.com/@nau64Twitch: https://www.twitch.tv/nau64ajedrez¿Querés estar al tanto de todo?Unite a nuestro canal de WhatsApp:whatsapp.com/channel/0029VaAf3s565yDBpnBdJg42



#ajedrez#Nau64#uruguayTorneo 




Navegación de entradas
Juan Esquibel ganó el sabatino rápidoCM Tabare Bustelo y Miguel Pinto, Campeones del sabatino"
https://nau64.com/nicolas-kulik-arrasa-en-el-sabatino-de-la-academia/,0,"Online


Nicolás Kulik arrasa en el sabatino de la Academia

 José Riverol 30 marzo, 2026 


Con un impecable 5 en 5, el joven campeón uruguayo Sub-18 Nicolás Kulik se consagró en el tradicional sabatino de la Academia. En esta ocasión lo acompañaron en el podio la AFM Avril Stefano, destacada como mejor jugadora femenina, y el joven Kevin Ávila, quien repitió como mejor no rankeado.Además, celebramos a los invitados que cumplieron años este mes y se animaron a compartir la jornada: Antonio Fernández, Charlie Posada y Ariel Miller
MN Nicolas Kulik
Aquí dejamos la tabla de posiciones, junto con los videos de cada partida para revivir los momentos más emocionantes, además de las fotos disponibles en nuestras redes de Facebook e Instagram.El evento fue transmitido, como siempre, en nuestros canales de YouTube y Twitch.


"
https://nau64.com/nicolas-kulik-arrasa-en-el-sabatino-de-la-academia/,1,"Partidas Ronda 1





Ronda 2





Ronda 3





Ronda 4





Ronda 5













Navegación de entradas
Frank y Federico brillan en el Rápido y Blitz Sabatino.Eduardo Elena, el campeón sin corona de Pando: hazaña histórica y clasificación olímpica"
https://nau64.com/nuevo-ano-habitos-que-transforman-tu-juego/,0,"Online


Nuevo Año: Hábitos que Transforman tu Juego

 Enigmatico 1 enero, 2025 


Nuevo Año, Nuevos Hábitos: Mejora tu Ajedrez desde Hoy
Dicen que cada nuevo año trae consigo la oportunidad de adoptar nuevos hábitos… aunque, siendo honestos, esta frase me la acabo de inventar.
La idea detrás de estas entradas en el blog es simple pero poderosa: motivarte a incorporar el hábito de colocar posiciones en el tablero y analizarlas con plena concentración. Si queremos progresar como jugadores de ajedrez, pero no dedicamos al menos 20 minutos diarios a calcular, será complicado rendir al máximo en una partida de torneo.
Quizás ahora estés pensando: Pero yo hago 50 ejercicios diarios en chess.com, ¿no es lo mismo?. No, estimado lector, no es lo mismo. Es necesario entrenar en un entorno que simule las condiciones reales de juego, acostumbrando tanto a nuestro cuerpo como a nuestra mente. Incluso sería ideal practicar en los mismos horarios en los que planeas competir, pero ese es un tema que abordaremos más adelante.
Como dijo alguna vez Josesito (GM José Alcántara) en una entrevista: ..Calcular en 2D puede ser muy diferente a calcular en 3D... 

Quien desee llegar a ser un gran jugador deberá perfeccionarse en el campo del análisis.
Mijail Botvinnik
Importante: Recuerda que es fundamental tener un cuaderno de notas de ajedrez. Este cuaderno debe ser el lugar donde escribas las soluciones que encuentres y revises tus errores. Es la única manera real de progresar. Al hacerlo, podrás identificar patrones de pensamiento defectuosos en tu proceso de cálculo y trabajar específicamente en ellos.
Para empezar, trabajemos con dos posiciones .
 ¡Es hora de pasar del dicho al hecho!
Juegan las blancas: analiza cuidadosamente los recursos de tu rival

Juegan las blancas:  analiza 
Si llegaste hasta aquí, te lo agradezco de corazón. Ahora te pido que des el siguiente paso: coloca las piezas en el tablero y trabaja en las posiciones. No escribas las soluciones en el blog, sino en tu cuaderno de ajedrez. Es importante que también cronometres tu tiempo de análisis; si tienes un reloj de ajedrez, mucho mejor.
¿Cómo sabrás si tu solución es correcta? "
https://nau64.com/nuevo-ano-habitos-que-transforman-tu-juego/,1,"Eso lo veremos en la próxima entrada. Pero por ahora, enfócate en trabajar con seriedad y constancia: el año recién comienza, ¡es momento de construir buenos hábitos!
Saludos . 




#ajedrez#chess#nau64ajedrez#uruguayTáctica 




Navegación de entradas
Feliz 2025!Reta tu Mente: Ejercicios de Ajedrez ."
https://nau64.com/open-136-ronda-1/,0,"Academia
FIDE
Partidas
Torneos
Uruguay


Open 136: Ronda 1

 Academia Nau64 27 julio, 2026 


El pasado lunes 20 de julio dio comienzo el Open 136, un torneo suizo a cinco rondas, en modalidad estándar, con un ritmo de juego de 60 minutos por jugador más 30 segundos de incremento por jugada.
Se disputará una ronda cada lunes durante cinco semanas consecutivas: el 20 (ya disputado) y 27 de julio, además del 3, 10 y 17 de agosto.
El inicio del torneo dejó algunas posiciones curiosas y situaciones de juego llamativas, en las que se hizo notar la falta de ritmo y práctica de varios jugadores, producto de la escasez de torneos de ritmo estándar durante el último mes.
En total se disputaron siete partidas, mientras que tres jugadores no fueron emparejados en esta primera ronda. El promedio fue de 49,5 jugadas por partida, y solo un encuentro superó esa cifra: el de la mesa 2, entre Bruno Escardo y Juan Ignacio Urruty, que se extendió hasta las 123 jugadas, convirtiéndose en la partida más larga de la ronda y, posiblemente, del torneo.
La primera ronda dejó dos sorpresas. La primera se produjo en la mesa 2, donde Juan Ignacio Urruty, conduciendo las piezas negras, derrotó a Bruno Escardo en una partida marcada por oportunidades desaprovechadas y errores no forzados en un final equilibrado.
La segunda sorpresa tuvo lugar en la mesa 5, donde Ignacio Gutiérrez, con piezas blancas, se impuso a Diego Martínez. La partida comenzó de manera favorable para Martínez, quien salió de la apertura con ventaja. Sin embargo, una serie de simplificaciones no le resultaron beneficiosas y fue cediendo la iniciativa hasta cometer el error que terminó por condenar su posición. Gutiérrez aprovechó la oportunidad con gran técnica y precisión para convertir la ventaja y adjudicarse el punto.
Aquí dejamos la tabla de posiciones, junto con los videos de cada partida para revivir los momentos más emocionantes, además de las fotos disponibles en nuestras redes de Facebook e Instagram.El evento fue transmitido, como siempre, en nuestros canales de YouTube y Twitch.Club Online: https://www.chess.com/club/nau64?ref_id=4411389Seguí toda la acción en vivo con los Comentarios del MF Jose Riverol y su quipo de prmera!:YouTube: https://www.youtube.com/@nau64Twitch: https://www.twitch.tv/nau64ajedrez¿Querés estar al tanto de todo?Unite a nuestro canal de WhatsApp:whatsapp.com/channel/0029VaAf3s565yDBpnBdJg42






Mesa 1


Mesa 2


Pronto Todas las Partidas de la Ronda 1
Nos reencontramos el próximo sábado 1 de Agosto a las 16 hrs con más torneos rápidos y blitz.



#ajedrez#nau64ajedrez#uruguay 




Navegación de entradas
Sorpresa: Miguel Pinto y Daniel Kaciusis CampeonesMN Federico Canias Campeón del Cumpleañero de Julio



Deja una respuesta Cancelar la respuestaTu dirección de correo electrónico no será publicada. Los campos obligatorios están marcados con *Comentario * Nombre 
Correo electrónico 
Web 
 Notify me of follow-up comments by email. "
https://nau64.com/open-136-ronda-1/,1,"Notify me of new posts by email. 

Δ"
https://nau64.com/open-136-ronda-2/,0,"FIDE
Online
Partidas
Torneos


Open 136: Ronda 2

 Academia Nau64 29 julio, 2026 


El pasado lunes 27 de julio se disputó la segunda ronda del Open 136, en la que se jugaron ocho partidas. La jornada dejó varios resultados sorprendentes, ya fuera por la diferencia de Elo entre los jugadores, por la forma en que se revirtieron posiciones ventajosas, por victorias logradas de manera categórica o, en otros casos, porque una mano impulsiva terminó siendo más rápida que el razonamiento (como ocurrió en la mesa 2).
Como es habitual, el evento fue transmitido a través de nuestros canales de YouTube y Twitch, donde se pudieron seguir en vivo las partidas de las mesas 1 (Moreno–Polito, 1-0) y 2 (Posada–Gutiérrez, ½-½).
Cabe destacar las victorias de José Emilio Ávila (mesa 3, con piezas blancas), quien supo aprovechar una oportunidad y concretó el remate de excelente manera, y de Juan Ignacio Urruty (mesa 4, con piezas blancas), que dio la sorpresa pese a la diferencia de Elo. Tras alcanzar un final favorable, fue incrementando su ventaja hasta forzar el abandono de su rival en la jugada 60.
También merece una mención el empate de Ignacio Gutiérrez (mesa 2, con piezas negras), quien obtuvo una posición ventajosa en el medio juego y estuvo cerca de convertirla en una victoria. Sin embargo, para fortuna de su rival, la partida terminó en tablas.
En esta ocasión, el promedio fue de 45,75 jugadas por partida, una cifra ligeramente inferior a la registrada en la ronda anterior. Solo tres encuentros finalizaron por debajo de ese promedio, y uno de ellos concluyó antes de alcanzar las 20 jugadas.
Aquí dejamos la tabla de posiciones, junto con los videos de cada partida para revivir los momentos más emocionantes, además de las fotos disponibles en nuestras redes de Facebook e Instagram.El evento fue transmitido, como siempre, en nuestros canales de YouTube y Twitch.Club Online: https://www.chess.com/club/nau64?ref_id=4411389Seguí toda la acción en vivo con los Comentarios del MF Jose Riverol y su quipo de prmera!:YouTube: https://www.youtube.com/@nau64Twitch: https://www.twitch.tv/nau64ajedrez¿Querés estar al tanto de todo?Unite a nuestro canal de WhatsApp:whatsapp.com/channel/0029VaAf3s565yDBpnBdJg42





Por mas Informacion del torneo y el evento en FIDE

Partidas
Mesa 1



Mesa 2


Nos reencontramos el próximo Lunes 3 de Agosto a las 20hrs con la transmición en vivo de la ronda 3.




#ajedrez#nau64ajedrez#uruguayTorneo 




Navegación de entradas
MN Federico Canias Campeón del Cumpleañero de Julio1er Torneo Suizo sistema Match – Rondas 1 y 2



Deja una respuesta Cancelar la respuestaTu dirección de correo electrónico no será publicada. Los campos obligatorios están marcados con *Comentario * Nombre 
Correo electrónico 
Web 
 Notify me of follow-up comments by email. "
https://nau64.com/open-136-ronda-2/,1,"Notify me of new posts by email. 

Δ"
https://nau64.com/open-136-ronda-3/,0,"FIDE
Online
Partidas
Torneos


Open 136 – Ronda 3

 Academia Nau64 6 agosto, 2026 


El pasado lunes 3 de agosto se realizó la tercera ronda del Open 136, con la participación de 16 jugadores, distribuidos en ocho partidas. Como es habitual, el evento fue transmitido a través de nuestros canales de YouTube y Twitch, donde se pudieron seguir en vivo los encuentros de las mesas 1 (Ávila-Moreno, 0-1) y 2 (Rodríguez Rearden-Posada, 0-1).
En esta ronda no hubo grandes sorpresas. Sin embargo, cabe destacar el gran momento de Ignacio Gutiérrez, quien suma tres partidas con muy buenos resultados, así como el buen desempeño de José Emilio Ávila, que tuvo la oportunidad de quedarse con la victoria, pero no encontró el camino correcto y terminó perdiendo su encuentro.
En esta ocasión, el promedio fue de 46,6 jugadas por partida, una cifra similar a la registrada en las rondas anteriores. La mitad de los encuentros finalizaron por debajo de ese promedio, y dos de ellos no alcanzaron las 20 jugadas.
Aquí dejamos la tabla de posiciones, junto con los videos de cada partida para revivir los momentos más emocionantes, además de las fotos disponibles en nuestras redes de Facebook e Instagram.El evento fue transmitido, como siempre, en nuestros canales de YouTube y Twitch.Club Online: https://www.chess.com/club/nau64?ref_id=4411389Seguí toda la acción en vivo con los Comentarios del MF Jose Riverol y su quipo de prmera!:YouTube: https://www.youtube.com/@nau64Twitch: https://www.twitch.tv/nau64ajedrez¿Querés estar al tanto de todo?Unite a nuestro canal de WhatsApp:whatsapp.com/channel/0029VaAf3s565yDBpnBdJg42







Partidas

Mesa 1



Mesa 2


Por mas Informacion del torneo y el evento en FIDE
Por este torneo nos rencontramos el proximo Lunes 10 de Agosto con transmición en vivo 20:15 desde nuestros canales de Youtube y Twitch.



#ajedrez#chess#Nau64#nau64ajedrez#uruguayTorneo 




Navegación de entradas
MN Benjamin Martello arrasa en los torneos rapidos y blitzDoble consagración: Rivas Puch gana Rápidas y Blitz.



Deja una respuesta Cancelar la respuestaTu dirección de correo electrónico no será publicada. "
https://nau64.com/open-136-ronda-3/,1,"Los campos obligatorios están marcados con *Comentario * Nombre 
Correo electrónico 
Web 
 Notify me of follow-up comments by email. Notify me of new posts by email. 

Δ"
https://nau64.com/open-136-ronda-4-diego-moreno-domina/,0,"Online
Partidas
Torneos


Open 136 – Ronda 4 Diego Moreno domina!

 Academia Nau64 19 agosto, 2026 


El pasado lunes 10 de agosto se disputó la cuarta ronda del Torneo Estándar Open 136, marcada por dos ausencias: la de Juan Ignacio Urruty en la mesa 1 y la de Omar Olivera, ambas notificadas con anticipación. También se registraron dos llegadas tarde: Marcelo Vinella en la mesa 2 e Ignacio Gutiérrez en la mesa 4. Aun así, la jornada transcurrió con total normalidad y sin contratiempos.
El promedio de jugadas por partida fue de 41,7, el más bajo en lo que va del torneo. Solo dos encuentros superaron esa cifra:

Mesa 2: Posada vs. Vinella (1-0), con 58 movimientos.
Mesa 9: Mazzeo vs. Fuce (½-½), con 77 movimientos.

Entre lo más destacado de la ronda sobresale la victoria de Camilo Caminada, con piezas negras, frente a un rival de jerarquía como AIM Bruno Escardó. También merece mención el sólido desempeño de Ignacio Gutiérrez, quien jugó en la mesa 4 y continúa invicto en el torneo. Finalmente, Diego Martínez sumó un valioso triunfo que lo llevó a los 3 puntos, manteniendo intactas sus posibilidades de pelear por un lugar en el podio en la última ronda.
Aquí dejamos la tabla de posiciones, junto con los videos de cada partida para revivir los momentos más emocionantes, además de las fotos disponibles en nuestras redes de Facebook e Instagram.El evento fue transmitido, como siempre, en nuestros canales de YouTube y Twitch.Club Online: https://www.chess.com/club/nau64?ref_id=4411389Seguí toda la acción en vivo con los Comentarios del MF Jose Riverol y su quipo de prmera!:YouTube: https://www.youtube.com/@nau64Twitch: https://www.twitch.tv/nau64ajedrez¿Querés estar al tanto de todo?Unite a nuestro canal de WhatsApp:whatsapp.com/channel/0029VaAf3s565yDBpnBdJg42





Partidas

Mesa 2


Mesa 3






Por mas Informacion del torneo y el evento en FIDE
Por este torneo, nos reencontramos el próximo lunes 17 de agosto con la última ronda del torneo. Como siempre, podrán seguir la transmisión en vivo a partir de las 20:15 a través de nuestros canales de YouTube y Twitch.





#ajedrez#chess#Nau64#nau64ajedrezTorneo 




Navegación de entradas
1er Torneo Suizo sistema Match – Ronda 3 y 4Gian Franco imparable en rápidas, Gustavo se adueña del blitz.



Deja una respuesta Cancelar la respuestaTu dirección de correo electrónico no será publicada. "
https://nau64.com/open-136-ronda-4-diego-moreno-domina/,1,"Los campos obligatorios están marcados con *Comentario * Nombre 
Correo electrónico 
Web 
 Notify me of follow-up comments by email. Notify me of new posts by email. 

Δ"
https://nau64.com/open/,0,"Academia
Torneos


Open 136 el 20 de julio Torneo Pensado (FIDE)

 José Riverol 24 junio, 2026 


El lunes 20 de julio se juega un nuevo Torneo Abierto (Suizo 5 rondas) presencial.Las partidas se trasmitirán en vivo! en nau64 en Twitch: https://www.twitch.tv/nau64ajedrez Las lista de participantes se pueden ver aquí,Torneo Presencial: Aquí.

Se podràn ver 2 Tablero en vivo del Torneo Presencial. 
"
https://nau64.com/open/,1,"Sistema Suizo 5 rondas. (se pueden pedir hasta 2 bye de medio punto en las primeras 4 rondas)R1: Lunes 20 julio 20:15 hsR2: Lunes 27 julio 20:15 hsR3: Lunes 3 agosto 20:15 hsR4: Lunes 10 agosto 20:15 hsR5: Lunes 17 agosto 20:15 hsRitmo de juego 60+30.Inscripciones generales $1000. Socios y estudiantes de la academia $500.+Info al WhatsApp 099 556 123 – nau64ajedrez@gmail.com Lugar de juego: Academia de Ajedrez nau64 Dir: Bv España 2586.
Pagos de las Inscripciones:
Santander:Transferencias dentro de Santander: Cuenta: 1201640616 Moneda: UYU Sucursal: 73 – ArocenaTransferencias desde otros bancos: Cuenta: 0073001201640616 Moneda: UYUCuenta Prex: 1211475 Jose Riverol
Realizado el pago enviar foto de comprobante al Whatsapp 099 556 123.

El Torneo se llevara con las Leyes de FIDELas reglas mas importantes:Tiempo de Espera 30 min desde el inicio de la partida.Celulares en silencio y en lo posible apagados o entregados a la organización durante el desarrollo del juego. Si el celular suena o vibra durante la partida ese jugador pierde el juego!Pedidos de by de ½ punto, pueden ser dos y solo desde la ronda 1 a 3.Los emparejamientos se realizan el dia viernes.Arbitro Principal: FA Jose Riverol

R E G L A M E N T O1) AUTORIDADES Y ASPECTOS ADMINISTRATIVOS:ORGANIZADOR: Academia de Ajedrez Nau64 – MF Jose RiverolArbitro Principal: FA Jose RiverolSALA DE JUEGO: Academia Nau64, Bv. España 2586 – Montevideo2) El Torneo se regirá por las Leyes del Ajedrez de la FIDE vigentes a lafecha.3) Se disputará por sistema Suizo a 5 rondas.4) Ritmo de juego: 60 minutos, más un incremento de 30 segundos porjugada desde el primer movimiento. El tiempo de tolerancia será de 30minutos desde el comienzo de la sesión de juego.5) Los jugadores podrán acordar tablas en cualquier momento de lapartida sin necesidad de consentimiento arbitral, siempre y cuando amboshayan efectuado al menos un movimiento.6) El árbitro se asistirá con el programa informático Swiss Manager. Alos efectos de los emparejamientos, el ranking inicial será ordenado porElo FIDE como primer criterio, por Elo FUA como segundo criterio y pororden alfabético como tercer criterio.7) Los jugadores podrán solicitar no ser emparejados todas las veces quelo deseen. Deberán notificarlo al árbitro antes que termine la rondaanterior a la que deseen no ser pareados. Para la primera ronda deberánhacerlo en el momento de la inscripción. Tendrán hasta dos (2) bye demedio (0.5) punto cada uno entre las rondas 1 y 3 inclusive.8) Aquel jugador que pierda dos partidas por incomparecencia, seráretirado del torneo, salvo otra decisión arbitral.9) DESEMPATES:Para dirimir posiciones igualadas en puntos al final del Torneo, seutilizarán en el orden que sigue, los sistemas de desempate a saber:I) Resultado particular. (Este sistema es válido sólo si todos losinvolucrados jugaron entre sí)II) Mayor cantidad de victorias (incluyendo puntos por incomparecencia)III) Buchholz total (Todos los resultados cuentan, se usará el criterio deoponente virtual)IV) Buchholz con corte 1 (uno) (Se excluye el peor resultado, se usará elcriterio de oponente virtual)V) Sonneborn Berger (con puntos reales)10) Teléfonos celulares y demás dispositivos electrónicos: Durante lapartida, los jugadores no podrán portar teléfonos celulares ni otrosdispositivos electrónicos (como ser tablets, smartwatches, etc.). Sinembargo, antes de comenzar la partida podrán dejar el celular en el lugarasignado por la organización para ello, sin manipularlo mientras sedesarrolle la partida. Si a un jugador le suena el celular, o es evidente queporta cualquier dispositivo electrónico, perderá la partida.11) Es competencia del Árbitro Principal decidir ante casos no previstosen este reglamento.12) Los jugadores, con su participación, aceptan las condiciones delpresente reglamento en todos sus términos.
 








Navegación de entradas
Torneo Standard Viernes LXIX El OriginalFranco Ugarte y Bruno Escardo, Campeones en los Sabatinos"
https://nau64.com/page/1/,0,"Featured





Online


Actividades

 Victoria Galatro 2 diciembre, 2024 


A partir de Enero 2025, ¡nuevos horarios de clases! Con la membresía, se puede participar en todos grupos de clases de nivel Iniciado y Medio, en los talleres y en … Read More










 


Featured





Torneos


Calendario 2026

 José Riverol 11 julio, 2023 


Dejamos a continuación el calendario de la Academia para Torneos de Ajedrez del 2026Dirección Bv. España 2586.Por informes e inscripciones Whatsapp 099 556 123 MF José Riverol. "
https://nau64.com/page/1/,1,"Torneo Rápido de … Read More



#ajedrez#chessTorneo 






 





FIDE
Partidas
Torneos
Videos


Diego Moreno arrasa y se consagra Campeón del Open 136

 Academia Nau64 21 agosto, 2026 


El pasado lunes 17 de agosto finalizó el Open 136 de nau64, que consagró a Diego Moreno como campeón absoluto. La quinta y última ronda se disputó con dos ausencias … Read More



#ajedrez#chess#nau64ajedrez#uruguayTorneo Comment on Diego Moreno arrasa y se consagra Campeón del Open 136 






 





Torneos


La Casona vibró con ajedrez y tres campeones de Cerro.

 Academia Nau64 19 agosto, 2026 


El pasado domingo 16 de agosto, la histórica Casona del Municipio CH fue escenario de un vibrante torneo clasificatorio rumbo a la Final de la Liga Uruguaya de Ajedrez por … Read More



#ajedrez#chess#uruguayTorneo Comment on La Casona vibró con ajedrez y tres campeones de Cerro. 






 





Partidas
Sabatino
Torneos


Gian Franco imparable en rápidas, Gustavo se adueña del blitz.

 Academia Nau64 19 agosto, 2026 


Este sábado 15 de agosto la Academia Nau64 volvió a vibrar con los tradicionales torneos de Rápidas y Blitz, que reunieron a una gran cantidad de jugadores en un ambiente … Read More



#ajedrez#chess#Nau64#nau64ajedrezTorneo Comment on Gian Franco imparable en rápidas, Gustavo se adueña del blitz. 






 





Online
Partidas
Torneos


Open 136 – Ronda 4 Diego Moreno domina!

 Academia Nau64 19 agosto, 2026 


El pasado lunes 10 de agosto se disputó la cuarta ronda del Torneo Estándar Open 136, marcada por dos ausencias: la de Juan Ignacio Urruty en la mesa 1 y … Read More



#ajedrez#chess#Nau64#nau64ajedrezTorneo Comment on Open 136 – Ronda 4 Diego Moreno domina! 






 





Online


1er Torneo Suizo sistema Match – Ronda 3 y 4

 Academia Nau64 19 agosto, 2026 


Ronda 3 El pasado jueves 30 de Julio se realizo la tercer ronda de este torneo rapido en nuestra academia. Solamente se jugaron dos match en esta ronda: Daniel Fuce-Gabriel … Read More



Comment on 1er Torneo Suizo sistema Match – Ronda 3 y 4 






 





FIDE
Partidas
Sabatino
Torneos


Doble consagración: Rivas Puch gana Rápidas y Blitz.

 Academia Nau64 11 agosto, 2026 


El pasado sábado 8 de agosto nuestra academia fue sede de los tradicionales torneos de Rápidas y Blitz, que reunieron a una gran cantidad de jugadores en un ambiente competitivo … Read More



#ajedrez#Nau64#nau64ajedrez#uruguayTorneo Comment on Doble consagración: Rivas Puch gana Rápidas y Blitz. 






 





FIDE
Online
Partidas
Torneos


Open 136 – Ronda 3

 Academia Nau64 6 agosto, 2026 


El pasado lunes 3 de agosto se realizó la tercera ronda del Open 136, con la participación de 16 jugadores, distribuidos en ocho partidas. Como es habitual, el evento fue … Read More



#ajedrez#chess#Nau64#nau64ajedrez#uruguayTorneo Comment on Open 136 – Ronda 3 






 





FIDE
Partidas
Sabatino
Torneos
Uruguay


MN Benjamin Martello arrasa en los torneos rapidos y blitz

 Academia Nau64 6 agosto, 2026 


El pasado fin de semana se realizaron los tradicionales torneos de Blitz y Rápidas, como ya es costumbre en nuestra academia. En esta ocasión participaron dos jugadores extranjeros: Félix Isaiah, … Read More



#ajedrez#chess#nau64ajedrez#uruguay Comment on MN Benjamin Martello arrasa en los torneos rapidos y blitz 






 





Online


Clasificatorio Final Liga Uruguaya de Ajedrez

 José Riverol 6 agosto, 2026 


Liga Uruguaya de Ajedrez 3 categorías: Absoluta, Sub-12 y Sub-16 Lugar: Casona de Punta Carretas, José Ellauri 306 – Municipio CHFecha: Domingo 16 de agostoHora de comienzo: 15:00 hsSistema de … Read More



Comment on Clasificatorio Final Liga Uruguaya de Ajedrez 






 





Academia
Partidas
Torneos


1er Torneo Suizo sistema Match – Rondas 1 y 2

 Academia Nau64 29 julio, 2026 


Los días jueves se está disputando un torneo suizo en formato match a dos partidas, es decir, una partida de ida y otra de vuelta, bajo un ritmo de juego … Read More



Comment on 1er Torneo Suizo sistema Match – Rondas 1 y 2 




Posts pagination
1
2
…
78
Siguientes"
https://nau64.com/page/10/,0,"Olimpiada


El sube y baja de la celeste en la 7ma ronda de la Olimpiada de Ajedrez.

 José Riverol 18 septiembre, 2024 


Este miércoles 18 de septiembre se desarrolló la séptima ronda de las once pactadas en la 45ª Olimpiada de Ajedrez que se celebra en Budapest. Los equipos celestes han entrado … Read More



2 comentarios en El sube y baja de la celeste en la 7ma ronda de la Olimpiada de Ajedrez. 






 





Olimpiada


45a Olimpiada de Ajedrez R06: India emerge como líder único en ambas secciones

 José Riverol 17 septiembre, 2024 


India llega al único día de descanso de la 45ª Olimpiada de Ajedrez como líder en solitario, tras haber ganado todos los encuentros tanto en la sección abierta como en … Read More










 





Olimpiada


Suerte impar en la 6a Ronda de la Olimpiada de Ajedrez.

 José Riverol 16 septiembre, 2024 


Hoy se desarrolló la sexta ronda de la 45ª Olimpiada de Ajedrez en Budapest. Los equipos celestes tuvieron resultados dispares: en la categoría absoluta, se ganó 3-1, como se esperaba, … Read More










 





Olimpiada


45ª Olimpiada de Ajedrez R5: Vietnam, Armenia y Mongolia dan la sorpresa!

 José Riverol 16 septiembre, 2024 


La India está sobresaliendo tanto en la sección abierta como en la femenina de la 45ª Olimpiada de Ajedrez en Budapest. "
https://nau64.com/page/10/,1,"En la sección abierta, el equipo de India derrotó … Read More










 





Olimpiada


Se fue la 5ta ronda con doble triunfo celeste!

 José Riverol 15 septiembre, 2024 


En la tarde del domingo se disputó la quinta ronda de la 45ª Olimpiada de Ajedrez Budapest 2024. A pesar de la molesta lluvia y el frío, los equipos celestes … Read More










 





Olimpiada


45ª Olimpiada de Ajedrez Ronda 4: Ucrania derrota a Estados Unidos, Vietnam vence a Uzbekistán

 José Riverol 14 septiembre, 2024 


En la cuarta ronda de la 45ª Olimpiada de Ajedrez de Budapest, Ucrania se impuso a Estados Unidos en un emocionante encuentro. Fabiano Caruana fue el primero en anotar, derrotando … Read More










 





Olimpiada


Sorpresas en la ronda 3 de la Olimpiada de Ajedrez

 José Riverol 13 septiembre, 2024 


Doble triunfo celeste.La tercera ronda fue excelente para los representantes uruguayos en la 45ª Olimpiada de Ajedrez que se está desarrollando en Budapest. En el Torneo Abierto, los celestes triunfaron … Read More










 





Olimpiada


Ronda 2 de la 45 Olimpiada de Ajedrez

 José Riverol 12 septiembre, 2024 


A medida que avanza la Olimpiada de Ajedrez, las partidas se vuelven más difíciles. En la segunda ronda, los favoritos todavía se enfrentan a equipos más débiles, pero las diferencias … Read More










 





Olimpiada


Ronda 1 de la Olimpiada de Ajedrez

 José Riverol 11 septiembre, 2024 


Hoy ha comenzado en Budapest la Olimpiada de Ajedrez con 89 partidas en la sección abierta y 81 en la sección femenina. Los favoritos se han enfrentado a oponentes más … Read More










 





Olimpiada


Inauguración de la 45 Olimpiada de Ajedrez

 José Riverol 11 septiembre, 2024 


La gran inauguración de la 45ª Olimpiada de Ajedrez tuvo lugar en el Centro Deportivo Dr. Jeno Koltai de Budapest, y reunió a miles de personas: jugadores de 194 países … Read More








Posts pagination
Anteriores
1
…
9
10
11
…
78
Siguientes"
https://nau64.com/page/2/,0,"FIDE
Online
Partidas
Torneos


Open 136: Ronda 2

 Academia Nau64 29 julio, 2026 


El pasado lunes 27 de julio se disputó la segunda ronda del Open 136, en la que se jugaron ocho partidas. La jornada dejó varios resultados sorprendentes, ya fuera por … Read More



#ajedrez#nau64ajedrez#uruguayTorneo Comment on Open 136: Ronda 2 






 





Academia
FIDE
Online
Partidas
Sabatino
Torneos
Uruguay


MN Federico Canias Campeón del Cumpleañero de Julio

 Academia Nau64 29 julio, 2026 


El pasado sábado 25 de julio se disputó el torneo de rápidas Cumpleañero de Julio, una competencia que no solo reúne a los aficionados al ajedrez en un torneo de … Read More



#ajedrez#chess#Nau64#uruguayTorneo Comment on MN Federico Canias Campeón del Cumpleañero de Julio 






 





Academia
FIDE
Partidas
Torneos
Uruguay


Open 136: Ronda 1

 Academia Nau64 27 julio, 2026 


El pasado lunes 20 de julio dio comienzo el Open 136, un torneo suizo a cinco rondas, en modalidad estándar, con un ritmo de juego de 60 minutos por jugador … Read More



#ajedrez#nau64ajedrez#uruguay Comment on Open 136: Ronda 1 






 





FIDE
Partidas
Sabatino
Torneos
Uruguay


Sorpresa: Miguel Pinto y Daniel Kaciusis Campeones

 Academia Nau64 15 julio, 2026 


El sábado 11 de julio se disputaron, como ya es tradición, los torneos de Rápidas y Blitz en Nuestra Academia ambos eventos fueron validos para el ELO FIDE, con la … Read More



#nau64ajedrez#uruguayTorneo 






 





Academia
FIDE
Partidas
Torneos
Uruguay


II Amateur Sub 1600 de NAU 64

 Academia Nau64 12 julio, 2026 


Este jueves 2 de julio finalizó el Segundo Torneo de Rápidas Sub-1600. La competencia se disputó a razón de una ronda por jueves, con un ritmo de juego de 20 … Read More



#ajedrez#nau64ajedrez#uruguayTorneo 






 





Academia
Sabatino
Torneos


CM Tabare Bustelo y Miguel Pinto, Campeones del sabatino

 Academia Nau64 7 julio, 2026 


Este sábado 4 de julio se disputaron, como ya es tradición en la academia, los torneos sabatinos de Rápidas y Blitz, ambos válidos para el rating ELO FIDE. "
https://nau64.com/page/2/,1,"El torneo … Read More










 





Academia
FUA
Torneos


NAU 64 en el Interclubes de Rápidas y Blitz

 Academia Nau64 7 julio, 2026 


El fin de semana del sábado 20 y domingo 21 de Junio, se disputaron en los salones Rojo y Dorado de la Intendencia de Montevideo los torneos de Rápidas y … Read More



#ajedrez#Nau64#uruguayTorneo 






 





FIDE
Partidas
Sabatino
Torneos
Uruguay


Juan Esquibel ganó el sabatino rápido

 Academia Nau64 1 julio, 2026 


El sábado 27 de junio se llevó a cabo el tradicional Torneo Cumpleañero de partidas rápidas, como es costumbre, el último sábado de cada mes, celebrando a los jugadores que … Read More



#ajedrez#nau64ajedrez#uruguayTorneo 






 





Partidas
Sabatino
Torneos
Uruguay


Franco Ugarte y Bruno Escardo, Campeones en los Sabatinos

 Academia Nau64 27 junio, 2026 


Este sábado 20 de Junio, se disputaron los torneos sabatinos de rápidas y blitz. En esta ocasión, no fueron válidos para Elo FIDE, como es tradicional, debido a que se … Read More



#ajedrez#chess#Nau64#uruguayTorneo 






 





Academia
Torneos


Open 136 el 20 de julio Torneo Pensado (FIDE)

 José Riverol 24 junio, 2026 


El lunes 20 de julio se juega un nuevo Torneo Abierto (Suizo 5 rondas) presencial.Las partidas se trasmitirán en vivo! en nau64 en Twitch: https://www.twitch.tv/nau64ajedrez Las lista de participantes se … Read More








Posts pagination
Anteriores
1
2
3
…
78
Siguientes"
https://nau64.com/page/3/,0,"FIDE
Partidas
Torneos


Torneo Standard Viernes LXIX El Original

 Academia Nau64 23 junio, 2026 


En la jornada del viernes 19 de junio de 2026 se jugó la última ronda del clásico Torneo de los Viernes. Se trató de un torneo suizo a 5 rondas, … Read More










 





Sabatino
Torneos


Alexandro Silva y Charlie Posada ganadores del sabatino

 Academia Nau64 21 junio, 2026 


En una tarde de mucho ajedrez, los mejores jugadores se presentaron en la academia para participar en los torneos sabatinos de Rápidas y Blitz. Los ganadores fueron Alexandro Silva en … Read More



#ajedrez#chess#Nau64#nau64ajedrezTorneo 






 





Sabatino
Torneos


1° Abierto Rápido Club Español

 José Riverol 15 junio, 2026 


En una tarde propicia para la práctica del deporte ciencia, el Club Español abrió sus puertas para albergar una vez más, y después de mucho tiempo, un torneo de ajedrez … Read More



#ajedrez#Nau64#uruguayTorneo 






 





Online


La vuelta triunfal de Leonel Recine!

 Charlie Posada 8 junio, 2026 


El sábado 6 de junio se jugó en la Academia Nau64 un torneo de rápidas a ritmo de 10+5 en 5 rondas, válido para el ELO FIDE, con amplia participación … Read More










 





Torneos


22 de mayo comienza el 69 Torneo de los Viernes.

 José Riverol 10 mayo, 2026 


Será un sistema suizo a 5 rondas valido para el elo FIDE con un ritmo de juego de 60 min + 30 seg.de incremento.Tendremos trasmisión con Tableros DGT en nuestros … Read More



2 comentarios en 22 de mayo comienza el 69 Torneo de los Viernes. 






 





Curiosidades
Historia
Historias de Ajedrez
Videos


Joyita de Victor el terrible!

 "
https://nau64.com/page/3/,1,"José Riverol 23 abril, 2026 


Víktor Kortchnoi, apodado “El Terrible Víctor”, fue uno de los grandes luchadores de la historia del ajedrez, famoso por su estilo combativo y su longevidad en la élite. En el … Read More










 





Sabatino
Torneos


Una Pascuas inolvidable junto al MI Facundo Vázquez

 José Riverol 6 abril, 2026 


🐣 Pascuas a puro ajedrez en Nau64 Festejamos una nueva Pascua en nuestra academia, y qué mejor manera de hacerlo que con un torneo de rápidas. Participaron 26 ajedrecistas y … Read More



#ajedrez#chess#Nau64#nau64ajedrez#uruguayTorneo 






 





Online


Eduardo Elena, el campeón sin corona de Pando: hazaña histórica y clasificación olímpica

 Academia Nau64 5 abril, 2026 


Por Federico Esteve Hay historias que el ajedrez guarda durante décadas y actuaciones que, aunque no terminen con el trofeo del primer puesto, marcan un antes y un después. Esta … Read More



#ajedrez#AjedrezNacional#AjedrezUruguayo#chess#ClubSolisDePando#DeporteUruguayo#EduardoElena#FUA#MentalidadDeCrecimiento#OlimpiadaDeAjedrez2026#PandoCanelones#TalentoLocal 






 





Online


Nicolás Kulik arrasa en el sabatino de la Academia

 José Riverol 30 marzo, 2026 


Con un impecable 5 en 5, el joven campeón uruguayo Sub-18 Nicolás Kulik se consagró en el tradicional sabatino de la Academia. En esta ocasión lo acompañaron en el podio … Read More










 





Sabatino
Torneos


Frank y Federico brillan en el Rápido y Blitz Sabatino.

 José Riverol 26 marzo, 2026 


Torneos jugados el sábado 21 de marzo en nuestra academia, Frank Machado ganador del Torneo Rápido con puntaje ideal y Federico Canias por sistema en el Torneo Blitz. Ambos torneos … Read More








Posts pagination
Anteriores
1
2
3
4
…
78
Siguientes"
https://nau64.com/page/4/,0,"Historia
Historias de Ajedrez


La Batalla Infinita: Karpov vs. Kasparov

 José Riverol 12 marzo, 2026 


Cinco meses. Cuarenta y ocho partidas. Un duelo que aún huele a conspiración.En 1984, el mundo del ajedrez se detuvo ante un enfrentamiento que rozó la tragedia.No fue un simple … Read More



#ajedrez#chessHistoria del ajedrezInternacional 






 





Academia
Clases
Partidas


Sábados a Todo Ajedrez

 José Riverol 8 marzo, 2026 


Mejora tu ajedrez, disfrutando del proceso. La amistad es una de las mayores fuentes de felicidad. "
https://nau64.com/page/4/,1,"El ajedrez, además de ser llamado el “juego-ciencia”, abarca el estudio, la preparación y … Read More










 





Academia
Nau64 en ChessCom
Partidas
Torneos
Uruguay
Videos


Fiesta de ajedrez en Nau64: Torneo para No Rankeados y Sub-1600

 José Riverol 26 febrero, 2026 


Del 13 al 15 de febrero, nuestra academia Nau64 Chess Club se vistió de gala para recibir el primer Torneo destinado a jugadores No Rankeados y Sub-1600 de Elo. Fueron … Read More



#ajedrez#chess#Nau64#nau64ajedrez#uruguay 






 





Online


Fernández imparable: campeón con puntaje perfecto en el Sabatino Rápido.

 José Riverol 22 febrero, 2026 


En la tarde del sábado 7 de febrero, el ajedrez volvió a ser protagonista con un Torneo Sabatino Rápido válido para el Elo FIDE, que reunió a 20 participantes en … Read More










 





Online
Torneos


Ajedrez entre Amigos – Torneo Amateur Nau64

 José Riverol 9 febrero, 2026 


La Academia de Ajedrez Nau64 celebra con orgullo su primer Torneo Amateur, un evento diseñado para jugadores No Rankeados que desean dar sus primeros pasos en la competencia, así como … Read More



#ajedrez#chess#Nau64#nau64ajedrez#uruguayTorneo 






 





Online


Ajedrez de Miercoles II

 José Riverol 5 febrero, 2026 


La Academia de Ajedrez Nau64 celebra un torneo rápido los días 11, 18 y 25 de febrero, con un sistema suizo a 6 rondas y ritmo de 20+10. Las partidas … Read More










 





Academia
FIDE
Finales
FUA
Online
Partidas
Torneos
Uruguay
Videos


Culminaron los cuartos de final serie B del Club Cerro

 Bryan Lopez 4 febrero, 2026 


Del 23 al 25 de enero se llevó a cabo los cuartos de final serie B del Club Cerro, se jugó a ritmo standard 60 minutos + 30 segundos de … Read More



#ajedrez#chess#fuajedrez#nau64ajedrezTorneo 






 





FIDE
Finales
FUA
Nau64 en ChessCom
Online
Partidas
Torneos
Uruguay
Videos


Culminaron los cuartos de final serie A del Club Cerro

 Bryan Lopez 3 febrero, 2026 


Del 5 al 19 de enero se llevó a cabo los cuartos de final serie A del Club Cerro, se jugó a ritmo standard 60 minutos + 30 segundos de … Read More



#ajedrez#chess#fuajedrez#nau64ajedrezTorneo 






 





Academia
FIDE
Internacional
Partidas
Sabatino
Uruguay


Victoria Contundente de Federico Canias en el Torneo Sabatino de Nau64

 Bryan Lopez 28 enero, 2026 


El pasado 24 de enero se llevó a cabo el tradicional torneo de los sábados, en La sede de la academia nau64 en Montevideo, se jugó a un ritmo rápido … Read More



#ajedrez#nau64ajedrezTorneo 






 





Academia
FIDE
Internacional
Partidas
Sabatino
Torneos
Videos


Benjamín Martello se llevó el Sabatino rápido de nau64

 Bryan Lopez 28 enero, 2026 


El pasado Sabado 17 de enero Benjamín Martello se consagró campeón del Sabatino Rápido de Nau64.El torneo, disputado en Montevideo bajo el sistema suizo a 5 rondas y ritmo de … Read More



#ajedrez#chess#nau64ajedrez#uruguayTorneo 




Posts pagination
Anteriores
1
…
3
4
5
…
78
Siguientes"
https://nau64.com/page/5/,0,"Academia
Partidas
Torneos
Uruguay
Videos


Final del Festival de Reyes 2026

 José Riverol 27 enero, 2026 


XVII Festival de Reyes – Academia NAU64 Entre el 9 y el 11 de enero se llevó a cabo en la Academia NAU64 la XVII edición del tradicional Festival de … Read More










 





Academia
Torneos


XVII Torneo de Reyes VALIDO ELO FUA/FIDE

 Bryan Lopez 7 enero, 2026 


Del 9 al 11 de enero la Academia celebrará su 17° Festival de ReyesUn evento con historia: 17 ediciones consecutivas que han visto pasar maestros, talentos emergentes y jugadores de … Read More



#ajedrez#chess#Nau64#nau64ajedrez#uruguayTorneo 






 





Torneos


Cuartos C.A. Cerro clasificatorios a las Semifinales del Campeonato Uruguayo 2026

 José Riverol 2 enero, 2026 


TODOS LOS JUGADORES FEDERADOS POR EL C.A. CERRO, JUGADORES LIBRES (sin club) o aquellos que soliciten pase antes del 15 de enero, ¡PUEDEN JUGAR!Este año se disputará en dos eventos … Read More



#ajedrez#chessTorneo 






 





Academia
FIDE
FUA
Match
Partidas


Franco Manteiga Ganador de la Copa AN Edmundo Infante

 Bryan Lopez 29 diciembre, 2025 


En la academia de Nau64, desde el 29 de noviembre al 14 de diciembre se celebró la primera edición de la Copa AN Edmundo Infante. En la cual participaron jugadores … Read More



#ajedrez#chess#nau64ajedrez#uruguayTorneo 






 





Academia
FIDE
Internacional
Partidas
Torneos
Videos


Emanuel Jesus Se llevó el XXI aniversario Open de nau64

 Bryan Lopez 29 diciembre, 2025 


En Nau64, los días 20 y 21 de diciembre se desarrolló el XXI Aniversario de nuestra academia. "
https://nau64.com/page/5/,1,"Este evento constó de tres torneos. Uno de ellos fue el Torneo Aniversario … Read More



#ajedrez#chess#nau64ajedrezInternacionalTorneo 






 





Academia
Online
Partidas
Torneos
Videos


Matteo Reyes se llevó el XXI Aniversario sub-14 de Nau64

 Bryan Lopez 26 diciembre, 2025 


En la Academia Nau64, los días 20 y 21 de diciembre se desarrolló el XXI Aniversario de nuestra academia. Este evento constó de tres torneos. El primero de ellos fue … Read More



#ajedrez#chess#nau64ajedrezTorneo 






 





Academia
Online
Partidas
Torneos


El campeón sub-20 se llevó el XXI Aniversario Blitz de Nau64

 Bryan Lopez 26 diciembre, 2025 


En la Academia Nau64, los días 20 y 21 de diciembre se desarrolló el XXI Aniversario de nuestra academia. Este evento constó de tres torneos. El último de ellos fue … Read More



#ajedrez#chess#nau64ajedrezTorneo 






 





Online


Benjamín Martello se consagró campeón del Sabatino Rápido de Nau64

 Bryan Lopez 25 diciembre, 2025 


El pasado Sabado 13 de diciembre Benjamín Martello se consagró campeón del Sabatino Rápido de Nau64.El torneo, disputado el 6 de diciembre en Montevideo bajo el sistema suizo a 5 … Read More










 





Torneos


Aniversario de nau64!

 José Riverol 19 diciembre, 2025 


Torneo XXI Aniversario de nau64 -20 y 21 de diciembre. Suizo 7 rondas – Ritmo de juego 15+10Valido ELO FIDE RapidoR1 Sábado 20 diciembre: 16:00 hs.R2 Sábado 20 diciembre: 17:00 … Read More










 





FIDE
Partidas
Sabatino
Torneos
Videos


El Campeón Uruguayo sub20, conquista el Sabatino Rápido de Nau64!

 Bryan Lopez 11 diciembre, 2025 


El Campeón Uruguayo sub20 Benjamín Martello se consagró campeón del Sabatino Rápido de Nau64, El torneo, disputado el 6 de diciembre en Montevideo bajo el sistema suizo a 5 rondas … Read More








Posts pagination
Anteriores
1
…
4
5
6
…
78
Siguientes"
https://nau64.com/page/6/,0,"Partidas
Torneos
Videos


Se jugó el Open 134

 José Riverol 8 diciembre, 2025 


En la Academia Nau64, entre el 1 y el 10 de diciembre se desarrolló el Open 134, como el último torneo estándar del año. Se desarrolló bajo el formato sistema … Read More



#ajedrez#chess#Nau64 






 





Academia
Sabatino
Torneos


Directivos, maestros y jóvenes talentos dieron vida a un Día del Ajedrecista inolvidable.

 José Riverol 2 diciembre, 2025 


El pasado 29 de noviembre, nuestra Academia volvió a brillar con la celebración del Día del Ajedrecista, una jornada que reunió a jugadores, visitantes y grandes referentes del ajedrez nacional.Entre … Read More



#ajedrez#chess#fuajedrez#Nau64#nau64ajedrezTorneo 






 





Historia


Leyenda danesa

 José Riverol 30 noviembre, 2025 


En esta foto de P. Poulsen vemos al Gran Maestro Bent Larsen (1935-2010) Datos destacados: ✅ 1. El tablero 1 en Belgrado 1970: En el famoso match URSS vs. Resto … Read More



#ajedrez#chess#historia 






 





Online


Experiencia vs Juventud: Gonzalo Nakle se impone en el match oficial de Nau64

 José Riverol 27 noviembre, 2025 


Más de 17.000 espectadores siguieron el duelo generacional en Nau64” El pasado 23 y 24 de noviembre, el Club Nau64 fue escenario de la segunda edición del match “Experiencia vs … Read More










 





Online


Con solo 13 años, conquista el Sabatino Rápido de Nau64!

 José Riverol 25 noviembre, 2025 


El joven talento de 13 años Federico Canias se consagró campeón del Sabatino Rápido de Nau64, marcando un triunfo inolvidable para la nueva generación del club.El torneo, disputado el 22 … Read More










 





Torneos


Entre paridad y sorpresas, Jairo Araque brilló en el Sabatino de Nau64

 José Riverol 21 noviembre, 2025 


El sábado 15 de noviembre la academia Nau64 Chess Club volvió a vibrar con su tradicional torneo sabatino, que reunió a 36 apasionados jugadores en una jornada cargada de emoción … Read More










 





Academia
Torneos


Copa AN Edmundo Infante – NAU64

 Bryan Lopez 21 noviembre, 2025 


Del 29 de noviembre al 14 de diciembre llega la primera edición de un torneo que promete convertirse en un clásico del ajedrez uruguayo: la Copa AN Edmundo Infante que … Read More










 





Liga Mundial
Online
Uruguay


Live Chess World League 2025

 José Riverol 13 octubre, 2025 


Uruguay dice presente en el evento oficial más prestigioso del ajedrez online: la Chess.com Nations LeagueEl equipo nacional Uruguay Open vuelve a representar a nuestro país en la competencia internacional … Read More










 





Copa America
Online


Copa America Online 2025 – Se viene la Jornada 7

 José Riverol 31 agosto, 2025 


La Copa América de ChessCom es una liga entre equipos de América del Sur.La segunda edición se llevará a cabo entre el 29 de junio y el 14 de diciembre. … Read More










 





Torneos


XII Torneo online pensado nau64.

 "
https://nau64.com/page/6/,1,"José Riverol 11 junio, 2025 


Reglamento Torneo Online. Se estará realizando el decimo Torneo pensado Ritmo 30+30 (30 minutos por jugador con 30 segundos), a partir del lunes 16 de junio. Se jugarán los días lunes a las 20:00 hs … Read More








Posts pagination
Anteriores
1
…
5
6
7
…
78
Siguientes"
https://nau64.com/page/7/,0,"Historia


Boris Spassky

 José Riverol 8 junio, 2025 


Creo que el Campeón del Mundo debería intentar defender la calidad de su juego más que nadie. Como décimo campeón del mundo, el campeón vivo de mayor edad y protagonista … Read More



#ajedrez#chess#historia 






 





Online


Aprendé a Programar desde Cero con Python

 Victoria Galatro 1 junio, 2025 


¡La academia nau64 amplía sus servicios educativos sumando un nuevo espacio de formación! El curso de Programación desde Cero con Python está diseñado con un enfoque centrado en el desarrollo … Read More










 





Academia
Torneos


8 de junio comienza el Primer Torneo Domingos de Gambito

 Victoria Galatro 26 mayo, 2025 


Será un sistema suizo a 5 rondas valido para el elo FUA con un ritmo de juego de 60 min + 30 seg.de incremento.Tendremos trasmisión con Tableros DGT en nuestros … Read More










 





Online


Fabulosa Liga ATRACO

 Marcelo 13 mayo, 2025 


El día Domingo 11 de Mayo del corriente año en el prestigioso Club nau64 de chess com se disputo el primer GOLPE de lo que es la Fabulosa Liga ATRACO.Un … Read More










 





Academia
Clases
Online


Clases online de Ajedrez

 José Riverol 6 mayo, 2025 


♟️♟️♟️ ¡Te ofrecemos una plataforma interactiva donde tú eres el protagonista! Contamos con una plataforma especializada en la enseñanza de ajedrez, lo cual hace sencillo su manejo desde un PC, … Read More










 





Academia
Clases


Clases de Ajedrez para Niños

 Victoria Galatro 17 abril, 2025 


♟️♟️♟️ El ajedrez es mucho más que un juego: es una herramienta poderosa para desarrollar habilidades cognitivas, emocionales y sociales desde la infancia. "
https://nau64.com/page/7/,1,"En Nau64, ofrecemos clases diseñadas especialmente para … Read More










 





Historias de Ajedrez


La Intuición

 José Riverol 25 febrero, 2025 


Foto de Beliavsky vs Tal, Moscu 82, observa Kasparov



#ajedrez 






 





Torneos


V Torneo de las Tardes (valido elo FIDE)

 José Riverol 24 febrero, 2025 


Este próximo miércoles comienza la 5ta edición de este evento de nuestra academia. Dejamos la info: Miércoles a la Tarde Torneo Rápido valido elo FIDE – 26 febrero 2025Suizo 5 … Read More










 





Online


Sabatino FIDE 15 enero: Julio Zaruski Campeón

 José Riverol 16 febrero, 2025 


Torneo Sabatino de nau64 valido elo FIDE RapidoSistema Suizo 5 rondasRitmo 10+5ChessResultArbitro: FA Jose Riverol 3000427Lugar: nau64 chess club (Bv España 2586 / Montevideo Uruguay) Nos podrán seguir en nuestras … Read More










 





FUA
Torneos


Semifinales Uruguayo Femenino

 José Riverol 10 febrero, 2025 


La Academia de Ajedrez nau64 se enorgullece en recibir a todas las talentosas jugadoras de ajedrez de Uruguay en el Torneo Clasificatorio del 47° Campeonato Uruguayo Femenino de Ajedrez 2025.Los … Read More








Posts pagination
Anteriores
1
…
6
7
8
…
78
Siguientes"
https://nau64.com/page/8/,0,"Entrenamiento
Tactica


Reta tu Mente: Ejercicios de Ajedrez .

 Enigmatico 16 enero, 2025 


¡Hola de nuevo! Siguiendo la línea del primer artículo Nuevo Año: Hábitos que Transforman tu Juego , que si aún no lo has leído te recomiendo hacerlo, quiero compartir contigo … Read More



#ajedrez#chess#chesspunks#nau64ajedrezEntrenamientoTáctica 1 comentario en Reta tu Mente: Ejercicios de Ajedrez . 






 





Online


Nuevo Año: Hábitos que Transforman tu Juego

 Enigmatico 1 enero, 2025 


Nuevo Año, Nuevos Hábitos: Mejora tu Ajedrez desde Hoy



#ajedrez#chess#nau64ajedrez#uruguayTáctica 






 





Online


Feliz 2025!

 José Riverol 31 diciembre, 2024 


Estimados ajedrecistas, En nombre de la Academia de Ajedrez Nau64, queremos extenderles nuestros más cordiales saludos y deseos para este nuevo año 2025. Que este año esté lleno de grandes … Read More



#ajedrez#chess 






 





Online


¡Nuevo espacio! Ajedrez Social

 Victoria Galatro 14 diciembre, 2024 


En estos tiempos locos y agitados, te invitamos a detenerte, respirar y disfrutar de un espacio donde podés jugar en paz, compartir experiencias y conectar con personas que aman el … Read More










 





Online


XVI Torneo Reyes 2025 en nau64

 José Riverol 5 diciembre, 2024 


4 y 5 de enero la Academia realizara su Festival de Reyes numero 16. Tendremos un Torneo Abierto valido para el Ranking FIDE de rápidas, y por ende serán aplicables … Read More










 


Featured





Online


Actividades

 Victoria Galatro 2 diciembre, 2024 


A partir de Enero 2025, ¡nuevos horarios de clases! Con la membresía, se puede participar en todos grupos de clases de nivel Iniciado y Medio, en los talleres y en … Read More










 





Mundial de Ajedrez
Partidas


Mundial de Ajedrez 2024 (Marcador: Ding 3-3 Gukesh)

 José Riverol 25 noviembre, 2024 


El encuentro del Campeonato Mundial FIDE 2024 es el primero en 138 años que cuenta con dos concursantes de Asia, el actual campeón mundial, el chino Ding Liren y el … Read More



#ajedrez#chessMundial 






 





Online


Torneo XX Aniversario de nau64 -14 y 15 de diciembren (cupos cubiertos)

 Victoria Galatro 17 noviembre, 2024 


Suizo 6 rondas – Ritmo de juego 30+20Valido ELO FIDE RapidoR1 Sábado 14 diciembre: 16:00 hs.R2 Sábado 14 diciembre: 18:00 hs.R3 Sábado 14 diciembre: 20:00 hs.R4 Domingo 15 diciembre: 10:00 … Read More










 





Online


¡PARTICIPA Y GANA CON EL MATCH NAKLE-COMAS!

 Victoria Galatro 4 noviembre, 2024 


Por motivos de fuerza mayor, este match fue postergado para el 2025, apenas los jugadores y organizadores tengan noticias lo haremos público. "
https://nau64.com/page/8/,1,"Nuestras disculpas a todos. ¡Se fue la segunda … Read More










 





Historia


La Reina del Ajedrez

 José Riverol 14 octubre, 2024 


Judit Polgar no solo es la mejor jugadora de ajedrez de todos los tiempos, sino que rompió todas las barreras que existían para las mujeres en el ajedrez. Desde pequeña, … Read More



#ajedrez#chess#Nau64#nau64ajedrez#uruguayHistoria del ajedrez 




Posts pagination
Anteriores
1
…
7
8
9
…
78
Siguientes"
https://nau64.com/page/9/,0,"Ajedrez y Leyendas
Historia


El mejor de todos.

 José Riverol 6 octubre, 2024 


Las veinte razones principales por las que Bobby Fischer uno de los mejores jugadores de ajedrez de todos los tiempos:



#ajedrez#chess#historiaHistoria del ajedrez 3 comentarios en El mejor de todos. 






 





Olimpiada


Uruguay Cierra con Éxito su Participación en la Olimpiada de Ajedrez

 José Riverol 22 septiembre, 2024 


Finalizó la 45ª Olimpiada de Ajedrez desarrollada en Budapest, y los equipos uruguayos lograron superar sus expectativas. En la categoría Absoluta, subieron 12 puestos, y en la categoría Femenina lograron … Read More










 





Olimpiada


India triunfa en la 45ª Olimpiada de Ajedrez, ganando tanto la sección abierta como la femenina.

 José Riverol 22 septiembre, 2024 


La India ha recorrido un largo camino desde que Vishy Anand quien allanó el camino para la nueva generación de ajedrecistas. Han surgido jóvenes talentos que han crecido hasta convertirse … Read More










 





Olimpiada


Todo o Nada: La Ronda Final con Esperanza Celeste en Budapest

 José Riverol 21 septiembre, 2024 


Estamos llegando a la final de la Olimpiada. Muchos sueños se gestaron antes del evento, mientras que otros, más experimentados, llegaron con realidades diferentes. Sin embargo, lo que nadie puede … Read More










 





Olimpiada


45ª Olimpiada de Ajedrez: India Arrasa en el Torneo Abierto; Expectativa en la Competición Femenina

 José Riverol 21 septiembre, 2024 


¡La India es imparable! El partido crucial de la Olimpiada de Ajedrez, India vs. Estados Unidos, terminó con una victoria de 2,5-1,5 para la India, lo que supone su novena … Read More










 





Olimpiada


45ª Olimpiada de Ajedrez: Estados Unidos se prepara para enfrentarse a India; Kazajstán se hace con el liderato en el evento femenino

 José Riverol 20 septiembre, 2024 


El momento culminante de la jornada fue la partida entre Gukesh D y Nodirbek Abdusattorov en el primer tablero del partido India vs. Uzbekistán. Ambos jóvenes prodigios tienen un historial … Read More










 





Olimpiada


Ronda 9 Uruguay: Un Rival Digno en la Olimpiada de Ajedrez.

 José Riverol 20 septiembre, 2024 


Se ha jugado una nueva ronda de la 45ª Olimpiada de Ajedrez “Budapest 2024”. Solo restan dos fechas para terminar y los nervios están a flor de piel. Por ejemplo, … Read More










 





Olimpiada


45ª Olimpiada de Ajedrez R08: India domina la sección abierta, enfrenta un revés en la femenina.

 José Riverol 19 septiembre, 2024 


Mientras que el equipo indio domina la sección abierta, al vencer a Irán con un impresionante marcador de 3½-½ en la octava ronda, sus compatriotas en la competición femenina sufrieron … Read More










 





Olimpiada


Uruguay Demuestra su Talento en la 8va Ronda de la Olimpiada de Ajedrez 2024

 José Riverol 19 septiembre, 2024 


Se jugó la fecha 8 de las 11 programada de la 45° Olimpiada de Ajedrez 2024 con resultados dispares para los equipos celestes. Es casi un calco de lo que … Read More










 





Olimpiada


45ª Olimpiada de Ajedrez R07: India sigue brillando y gana todas las partidas

 José Riverol 18 septiembre, 2024 


El primer movimiento ceremonial en la sección abierta de la 45ª Olimpiada de Ajedrez lo realizaron el Sr. László Bekefi, Director General de Coca-Cola HBC Hungría, y el Sr. "
https://nau64.com/page/9/,1,"Alexey … Read More








Posts pagination
Anteriores
1
…
8
9
10
…
78
Siguientes"
https://nau64.com/participa-y-gana-con-el-match-nakle-comas/,0,"Online


¡PARTICIPA Y GANA CON EL MATCH NAKLE-COMAS!

 Victoria Galatro 4 noviembre, 2024 


Por motivos de fuerza mayor, este match fue postergado para el 2025, apenas los jugadores y organizadores tengan noticias lo haremos público. Nuestras disculpas a todos.
"
https://nau64.com/participa-y-gana-con-el-match-nakle-comas/,1,"¡Se fue la segunda ronda! ¡Ganó Gonzalo Nakle en 42 jugadas y de negras! ¿Podrá Martín remontar en la tercera? La próxima cita será el 18/11 a las 15:15 hs. con transmisión en vivo en nuestros canales de Twitch y Youtube ¡No te olvides de votar! 
Nombre y Apellido *Ingresá tu nombre y apellidoUsuario chess.com *Ingresa tu usuario de chess.comWhatsapp *Ingresa tu número de whatsappCorreo electrónicoIngresa tu dirección de mailPartida #1 *Gonzalo Nakle – 1751Martín Comas – 1716TABLASVotar
Podes dejarnos tu voto hasta el lunes 18/11 a las 15:15 hs.
Las Partidas

¡Al finalizar el match, realizaremos un sorteo entre todos los que hayan acertado el resultado en al menos una de las rondas. ¡Cuantos más aciertos, más chances!
Primer premio: Una membresía como socio de Nau64 
Segundo premio: Un pase libre para jugar en Nau64 
Tercer premio: Una membresía diamante de chess.com 
Todas las membresías tienen duración de un mes.
El sorteo se realizará en vivo en nuestros canales de twitch y youtube el lunes 9/12 luego de finalizar el match.
Si no tenés usuario en chess.com, puedes hacerte un usuario aquí
Aciertos:
Primera Ronda: Ninguno Segunda Ronda:Alan Silberman Felipe Waszuk Fernanda Izaguirre  Marcos Rafael Barceló Matías Vidal Mauricio Sosa Giri Sofía Caballero










Navegación de entradas
La Reina del AjedrezTorneo XX Aniversario de nau64 -14 y 15 de diciembren (cupos cubiertos)"
https://nau64.com/reta-tu-mente-ejercicios-de-ajedrez/,0,"Entrenamiento
Tactica


Reta tu Mente: Ejercicios de Ajedrez .

 Enigmatico 16 enero, 2025 


¡Hola de nuevo!
Siguiendo la línea del primer artículo Nuevo Año: Hábitos que Transforman tu Juego , que si aún no lo has leído te recomiendo hacerlo, quiero compartir contigo una serie de ejercicios diseñados para tu autoentrenamiento, pensados especialmente para jugadores con un Elo de 1700 o más.
Si algún ejercicio te resulta difícil, no te frustres; simplemente pasa al siguiente. 
Como diría el maestro Tabárez: “El camino es la recompensa” .
Mi meta es formar un hábito que te ayude a mejorar en tus partidas.
En cuanto a los ejercicios, los he seleccionado personalmente para que sean variados. La idea es evitar desafíos del tipo Gana el Blanco en 5 o Jugadas Intermedia , Juega el Blanco , ya que en una partida real nadie nos indica qué calcular en ese momento. Por eso, solo me limitaré a indicar a quién le toca jugar.
La batería de ejercicios constará de 8 desafíos: 4 tragicomedias de mi autoría y 4 ejercicios variados.
Recuerda: usa un tablero físico, establece un máximo de 20 minutos de reflexión y anota tus soluciones en tu cuaderno.

Si quieres una tortilla, tienes que romper algunos huevos

El club de la Pelea 
¡Espero que te resulten útiles y que los disfrutes!
Tragicomedias :

Juega el Blanco. 

"
https://nau64.com/reta-tu-mente-ejercicios-de-ajedrez/,1,"Juega el Blanco .

Juega el Negro .

Juega el Negro.

El éxito es la capacidad de ir de fracaso en fracaso sin perder el entusiasmo.

Winston Churchill
Ejercicios variados.



El ajedrez es la gimnasia de la mente.
Emanuel Lasker


Juega el Blanco. 

Juega el Negro 

Juega el Negro.

Juega el Blanco 
Soluciones de Nuevo Año: Hábitos que Transforman tu Juego
Las soluciones de los ejercicios anteriores son realmente interesantes, especialmente el primero. Es fundamental entender que en ajedrez no solo juegas vos en el tablero en ese momento, porque el oponente siempre tiene algo que decir. Si lograste ver la jugada Th3 de las negras, probablemente también hayas considerado 1-Ag1 del blanco ( Que es la solución) . Si no lo viste, es probable que no hayas tenido en cuenta las jugadas de retroceso, o los recursos del oponente.
En cuanto al segundo ejercicio, debo admitir que no lo resolví completamente, pero me di cuenta de un error importante en mi cálculo: la eliminación de jugadas candidatas en lugares protegidos. Este es un aspecto crucial que, si no se tiene en cuenta, puede llevarte a pasar por alto soluciones simples.
A mi humilde opinión, la solución debería haberse descubierto de la siguiente manera: al observar que los finales de rey están ganados para el blanco (señal: el peón blanco en a4 llega a octava antes que el rey Negro llegue), se pueden explorar ideas que apunten a la simplificación. Pensando en cómo cambiar la dama por las torres, la solución podría haber emergido de ahí. (Spoiler: Tee5 y Tf2 1/2).
Este tipo de reflexiones y análisis ayudan a identificar dónde estamos fallando y cómo podemos mejorar en cada ejercicio. Por eso, es fundamental escribir las soluciones en nuestro cuaderno de trabajo. De esta forma, podemos repasar nuestros errores y aprender de ellos para mejorar en futuras partidas.
"
https://nau64.com/reta-tu-mente-ejercicios-de-ajedrez/,2,"Saludos .



#ajedrez#chess#chesspunks#nau64ajedrezEntrenamientoTáctica 




Navegación de entradas
Nuevo Año: Hábitos que Transforman tu JuegoSemifinales Uruguayo Femenino



			One thought on “Reta tu Mente: Ejercicios de Ajedrez .”		





 Pablo dice: 

16 enero, 2025 a las 14:24 


Gran artículo!! Saludos desde Holanda




Comments are closed."
https://nau64.com/ronda-1-de-la-olimpiada-de-ajedrez/,0,"Olimpiada


Ronda 1 de la Olimpiada de Ajedrez

 José Riverol 11 septiembre, 2024 


Hoy ha comenzado en Budapest la Olimpiada de Ajedrez con 89 partidas en la sección abierta y 81 en la sección femenina. Los favoritos se han enfrentado a oponentes más débiles y han cumplido con las expectativas.
En la sección Open, Estados Unidos, India, China, Uzbekistán, Países Bajos y Noruega ganaron sus partidos. Sin embargo, algunos perdieron puntos individuales en el tablero. El número 10 del mundo, Wesley So (EE. UU.), empató con el número uno de Panamá, Roberto Sánchez Álvarez (2376).
Roberto Sánchez Álvarez (2376 Panama) vs Wesley So (2752 EE. UU.)

El segundo tablero de Uzbekistán, Nodirbek Yakubboev (2666), escapó con un empate de una posición perdida contra Quinn Cabralis (2169) de Trinidad y Tobago.

La mayor sorpresa individual fue probablemente la del número 17 del mundo, Shakhriyar Mamedyarov (2733), que escapó con un empate contra el joven de 17 años Anas Khwaira (1994) de Jordania. 

Los corazones de los fanáticos de Levon Aronian también dieron un vuelco cuando se encontró en problemas contra el panameño Andre Méndez Machado, pero Aronian no sería Aronian si no lograra volver a entrar en el juego, dar vuelta la situación y ganar. 

Estos resultados son la belleza y el atractivo de la Olimpiada, ya que para los jugadores de las naciones ajedrecísticas menos desarrolladas es una oportunidad de enfrentarse a (¡y quitarles puntos!) los mejores jugadores del mundo.

En la sección femenina, las favoritas también se mantuvieron firmes. Jamaica perdió ante India, pero aún puede celebrar, ya que su Raehanna Brown (1910), que acaba de convertirse en WFM en 2024, logró empatar con la MI Vantika Agrawal (2370). 

Georgia, Polonia y China ganaron sus partidos por 4-0. Las defensoras del título, Ucrania, cedieron medio punto a Kirguistán cuando Alexandra Samaganova empató con Anna Ushenina en el primer tablero.

En la primera ronda estuvieron presentes el Vicesecretario de Estado para la Administración y el Desarrollo del Deporte, Gábor Schmidt, el Presidente de la FIDE, Arkady Dvorkovich, y el Presidente de la Federación Húngara de Ajedrez, Dr. Zoltán Polyánszky. Estos dos últimos iniciaron la ronda con los primeros movimientos ceremoniales. El Sr. Arkady Dvorkovich hizo el primer movimiento en el primer tablero del encuentro femenino entre Jamaica e India, mientras que el Dr. Polyánszky hizo el primer movimiento en la sección Abierta del encuentro entre Panamá y Estados Unidos. Posteriormente, se trasladaron al centro de prensa del evento para participar en la conferencia de prensa e inaugurar la exposición inmersiva en el área de la Expo dedicada a los 100 años de la Federación Internacional de Ajedrez.Fotos: Mark Livshit, Michal Walusza
Resultados de los partidos más importantes:Abierto:

Femenino:

Resultados completos: Chess-results.com – 45a Olimpiada de AjedrezFotos: Mark Livshit, Michal Walusza
La Celeste en acción!
Acaba de finalizar la primera ronda. "
https://nau64.com/ronda-1-de-la-olimpiada-de-ajedrez/,1,"En la categoría Abierta, los celestes se impusieron con contundencia por 4-0 ante su par asiático de Birmania. En la categoría Femenina, sin embargo, se sufrió un fuerte revés ante el poderoso equipo de Kazajistán. Uruguay Absoluto tendrá un rival complicado Ucrania y en el femenino se mediran ante Kuwait.
A continuación, les dejo los resultados y las partidas de ambos equipos.

Las partidas del Absoluto aún no están disponibles.



Estaremos comentando en detalle las actuaciones de nuestros jugadores y nuestras jugadoras a lo largo del evento.Nos podrán seguir en nuestras Redes Sociales:Youtube – Twitch – Instagram – Facebook – X Twitter – TikTokPodes sumarte a nuestro canal de Whatsapp









Navegación de entradas
Inauguración de la 45 Olimpiada de AjedrezRonda 2 de la 45 Olimpiada de Ajedrez"
https://nau64.com/ronda-2-de-la-45-olimpiada-de-ajedrez/,0,"Olimpiada


Ronda 2 de la 45 Olimpiada de Ajedrez

 José Riverol 12 septiembre, 2024 


A medida que avanza la Olimpiada de Ajedrez, las partidas se vuelven más difíciles. En la segunda ronda, los favoritos todavía se enfrentan a equipos más débiles, pero las diferencias de calificación se reducen. "
https://nau64.com/ronda-2-de-la-45-olimpiada-de-ajedrez/,1,"Esto llevó a que muchos equipos concedieran más puntos individuales y algunos incluso no ganaran sus matches.
Canadá, cabeza de serie número 50, dio la sorpresa al empatar 2-2 con Noruega, el número 6 del torneo. El ex campeón mundial Sub-18 Shaun Rodrigue-Lemieux (2509) ganó una de las partidas más largas de la ronda contra Johan-Sebastian Christiansen (2661) en el primer tablero. 


La ausencia del líder del equipo, Magnus Carlsen, afectó negativamente a Noruega, a pesar de que eran favoritos por aproximadamente 100 puntos de rating en cada tablero.

Irlanda (#64) sorprendentemente empató con Israel (#20), Estonia (#60) dividió puntos con Serbia (#16), Mongolia (#63) empató con la República Checa (#19) y Venezuela (#67) empató su partido con Grecia (#23).
China perdió sus primeros puntos individuales, pero derrotó a Chile. El campeón mundial Ding Liren empató en el primer tablero contra Cristóbal Henríquez Villagra. 

Uzbekistán también concedió medio punto a Egipto cuando Hamed Wafa (2368) logró empatar contra Javokhir Sindarov (2677). 

Holanda ganó por poco contra Bélgica con dos empates en los tableros inferiores, pero nunca estuvo en riesgo de perder el partido, ganando 2½-1½.

A pesar de haber ganado dos partidos, el equipo estadounidense aún no ha encontrado su mejor forma. Fabiano Caruana se anotó el primer triunfo contra Singapur en la segunda ronda, pero expresó su preocupación por sus compañeros durante el partido: En este momento, Levon está teniendo problemas. Su juego de hoy es muy peligroso para él y realmente no podemos permitirnos perder un partido. Estamos jugando contra un equipo sólido y probablemente harán dos empates con las piezas blancas. 

Sin embargo, sus preocupaciones fueron en vano, ya que el equipo finalmente ganó el partido 4-0. 
Aronian en apuros


India tampoco ha dejado ninguna oportunidad a sus oponentes hasta ahora, ganando su segundo partido 4-0, esta vez contra Islandia.
Todas las partidas de la Ronda 2 del Torneo Abierto.


En la categoría femenina, la montenegrina Nikolina Koljevic (2030) dio la sorpresa ante Salomé Melia (2293), pero Georgia, una de las favoritas del torneo, ganó el partido por 3-1. 


“Algunos equipos vienen aquí para divertirse y encontrarse con amigos, pero para nosotros siempre es una lucha por las medallas”, comentó Nino Batsiashvili. “Cualquier medalla es buena, pero nosotros luchamos por el oro. ¡La última vez estuvimos muy cerca!”.

Las actuales campeonas, Ucrania, tuvieron un partido sorprendentemente difícil contra Lituania: la primera Yuliia Osmak (2471) perdió contra Olena Martynkova (2176) y la última Evgeniya Doluhanova (2304) empató contra Gabija Simkunaite (2005). Las dos jugadoras del medio ganaron sus partidas, asegurando una ajustada victoria por 2½-1½ para Ucrania. Polonia y China ganaron sus partidos de manera convincente, 4-0.
Todas las Partidas de la Ronda 2 del Femenino

Posición del día:Andrés Rodríguez Vila (Uruguay, 2417) – Vasyl Ivanchuk (Ucrania, 2635)
Juegan las negras

24…Axf5! La partida continuó 25.Dxh5 Ag4 26.Dh8 Axh3 y las negras ganaron en unas pocas jugadas.
Resultados de los partidos más disputados:
Abierto:

Mujer:

Resultados completos: Chess-results.com – 45ª Olimpiada de AjedrezEscrito por WGM Anna BurtasovaFotos: Michal Walusza, Mark Livshitz y Maria EmelianovaSitio web oficial:  chessolympiad2024.fide.com
Impresiones de la Celeste desde Budapest.
Gracias a la colaboración del Capitán Celeste, MI Daniel Rivera, quien compartió sus impresiones.

"
https://nau64.com/ronda-2-de-la-45-olimpiada-de-ajedrez/,2,"Comenzamos con el GM Jorge Meier, quien jugó su defensa favorita y sorprendió a su rival con un Da5. Aunque esta jugada ya se había visto antes, el oponente no parecía estar bien preparado. Meier logró mantener una posición igualada hasta el empate final. “El Rey en e4 de las blancas no existe”

En el tablero dos, el GM Andrés Rodríguez se enfrentó a la leyenda y uno de los más grandes genios de la historia, el GM Vasili Ivanchuk. Fue una partida tremenda en la que se vio la capacidad de Andrés en su mayor esplendor. Parecía tener la posición dominada, pero en la jugada 24 cometió una imprecisión, donde la genialidad de “Chuki” se impuso a puro cálculo. ¡Partida muy recomendable!


En el tablero tres, el MF Facundo Vázquez tuvo una partida muy disputada. Llegando a una posición en la que cometió una imprecisión, y el ex campeón del mundo, Ponomariov, comenzó un trabajo posicional contra el peón aislado y aprovechó la diferencia entre el caballo y el alfil malo, hasta alcanzar la victoria.

En el tablero cuatro, el MI Bernardo Roselli nos comentó que preparó una línea que habitualmente no juega, pero su rival aparentemente “sospechó” y se salió del libreto, ante eso Bernardo prefirio jugar una posición cerrada, en donde cometió un error de cálculo al no ver un doble sacrificio, lo que definitivamente llevó a su derrota. En palabras del protagonista: “No jugué bien”.

Por su parte y gracias al aporte del entrenador MF Gabriel Curi, nos comenta que se esperaba algo mas que un empate. WFM Andreina Quevedo gano muy bien su partida entrando en una preparación con gran ventaja en ambos flancos, y tras una imprecisiones de su rival termino con un fulminante ataque al rey.  WCM Natalia Silva jugó una Defensa Escandinava en donde su rival cometio unos errores tácticos que le  llevo a quedad con calidad de ventaja, su rival intento complicar el partido pero la precisión en el juego de Natalia le valio el punto. Lamentablemente en las dos restantes partidas los resultados no fueron favorables, Camila repitio la línea jugada en la ronda una, con una muy buena preparación, pero su rival tambien lo hizo y siendo una posicion tipica de la Defensa India de Rey en donde si las negras prevalecen estan dando mate hay que jugar con mucha precision y eso no paso, al final el ataque de las piezas negras salio triunfante. Por ultimo en el cuarto tablero la más joven del plantel Caterina hizo su debut en la Olimpiada, jugando una Apertura Italiana, donde jugó con el centro c3-d4 que dejo a las negras en buena situación, en una posición que necesitaba precisión comete un error táctico y a pesar de quedar con dos peones de más su Rey estaba muy expuesto, su rival tenia muchas maneras de ganar y encontro el camino a la victoria. Por la tercera ronda Uruguay jugara en el Abierto se medira ante Nicaragua y en el Femenino con el pais asiatico de Laos, en donde se pretendera mejorar y conseguir un resultado favorable. 





Estaremos comentando en detalle las actuaciones de nuestros jugadores y nuestras jugadoras a lo largo del evento.Nos podrán seguir en nuestras Redes Sociales:Youtube – Twitch – Instagram – Facebook – X Twitter – TikTokPodes sumarte a nuestro canal de Whatsapp








Navegación de entradas
Ronda 1 de la Olimpiada de AjedrezSorpresas en la ronda 3 de la Olimpiada de Ajedrez"
https://nau64.com/rumania-vence-por-la-liga-de-las-naciones-de-ajedrez-al-equipo-de-uruguay/,0,"Liga de Naciones
Match
Online


Rumania vence por la Liga de las Naciones de Ajedrez al equipo de Uruguay.

 José Riverol 22 febrero, 2022 


En una jornada doble del domingo 20 de febrero 2022 los celestes se enfrentaron al poderoso equipo rumano y se recibió un dudo traspié en manos de los europeos. "
https://nau64.com/rumania-vence-por-la-liga-de-las-naciones-de-ajedrez-al-equipo-de-uruguay/,1,"Primero se perdió en blitz 3+2 por 23½ a 3½ Aquí quedan todas las partidas: https://www.chess.com/club/matches/li… 

Y luego se callo sin levante en las rápidas 15+2 por 18½ a 5½ Links del encuentro. https://www.chess.com/club/matches/li… 

El encuentro fue trasmitido en directo por el Twitch del MF José Riverol https://www.twitch.tv/nau64ajedrez al cual invitamos a sumarse dándole seguir.











Navegación de entradas
Bielorrusia vence a Uruguay por la Liga Mundial de Ajedrez.El Mañanero 2745"
https://nau64.com/sabados-a-todo-ajedrez/,0,"Academia
Clases
Partidas


Sábados a Todo Ajedrez

 José Riverol 8 marzo, 2026 


Mejora tu ajedrez, disfrutando del proceso.
La amistad es una de las mayores fuentes de felicidad.El ajedrez, además de ser llamado el “juego-ciencia”, abarca el estudio, la preparación y la competencia, pero también ha sido por muchas generaciones una excusa para encontrarse con los amigos y compartir lo social. Por eso nuestra academia ha vuelto a esta modalidad que, sabemos, a muchos les encantará.
Los días sábados la Academia tendrá actividad asegurada de 14:00 a … 😉Tendremos Torneo de activos, amistosas, taller, en fin un sábado a Todo Ajedrez sin importar tu edad!Por información 099 556 123 Maestro y Arbitro FIDE José Riverol.









Navegación de entradas
Fiesta de ajedrez en Nau64: Torneo para No Rankeados y Sub-1600La Batalla Infinita: Karpov vs. "
https://nau64.com/sabados-a-todo-ajedrez/,1,Kasparov
https://nau64.com/sacrificio-o-descuido/,0,"Curiosidades
Historia
Partidas


Sacrificio o descuidó?

 José Riverol 28 mayo, 2023 


Una vez fue la audiencia la que ayudó al Gran Maestro Vladimir Pavlovich Simagin (1919-1968) a averiguar si cometió un error con un peón o lo sacrificó. Se estaba llevando a cabo una ronda del campeonato de la URSS. "
https://nau64.com/sacrificio-o-descuido/,1,"Considerando las opciones para el movimiento del oponente, Simagin de repente se dio cuenta de que estaba perdiendo un peón importante. Con un estado de ánimo deprimido, se sentó a la espera del inevitable castigo. De repente, del auditorio vinieron aplausos, que se hicieron más fuertes.“Alguien está realizando una combinación”, pensó Simagin y miró los paneles de demostración, pero allí todo estaba en calma. De repente, se escuchó una emotiva exclamación de algún fan:
¡Bravo Volodya!El gran maestro se adentró en su posición. ¡Oh, milagro! Resulta que el peón no puede ser capturado debido a un jaque mate forzado, y si no es capturado, ¡entonces es mate también!
Entonces Simagin ganó el juego que iba abandonar.
Juegan las negras.









Navegación de entradas
XXVIII Torneos Cerrados 8×8 Natalicio de Artigas.El secreto de mi éxito por Garry Kasparov."
https://nau64.com/se-esta-jugando-el-open-134/,0,"Partidas
Torneos
Videos


Se jugó el Open 134

 José Riverol 8 diciembre, 2025 


En la Academia Nau64, entre el 1 y el 10 de diciembre se desarrolló el Open 134, como el último torneo estándar del año. Se desarrolló bajo el formato sistema suizo de 5 rondas, con un ritmo de 60 minutos más 30 segundos de incremento por jugada, y permitó dos byes de 1/2 puntos en las primeras tres rondas. "
https://nau64.com/se-esta-jugando-el-open-134/,1,"Todas las partidas comenzaron a las 20:15 hs y se disputaron de forma presencial en la sede de la academia.
El arbitraje estuvo a cargo del MF/FA José Riverol, y las partidas de la mesa 1 y 2 se transmitieron en vivo a través de los canales oficiales de Twitch , youtube y en la plataforma de ChessCom de NAU64 y al final de cada ronda se realizaron los análisis de las partidas principales.
Jugada última ronda: El juvenil de 13 años Federico Canias conquistó el torneo con 4½ puntos de 5 posibles, además ganó el premio al mejor jugador de la academia Nau64.
Damos a continuación la lista de los premiados: Vicecampeón el AFM Bryan López con 4 puntos, quedando Invicto. Tercer Puesto el CM Gian Franco Dotta con 3½ puntos.Cuarto Puesto Aram Chamlian con 3½ puntosQuinto Puesto José Emilio Ávila con 3 puntosPrimer Puesto Femenino Sofía Caballero Lavalle Mejor Jugador sub-1600 José Mazzeo Mejor Jugador No Rankeado Bruno Escardo 
El Open 134 culminó con un nivel competitivo alto y una tabla de posiciones que tuvo definiciones ajustadas hasta el final, destacando que de 38 partidas solo se produjeron 6 tablas  













Resultados Ronda 4











Resultados Ronda 3
















Resultados Ronda 2

















Resultados Ronda 1 (Partidas comentadas Mesa 1 y Mesa 2)

Ver Partidas Video analisis de juegos













#ajedrez#chess#Nau64 




Navegación de entradas
Directivos, maestros y jóvenes talentos dieron vida a un Día del Ajedrecista inolvidable.El Campeón Uruguayo sub20, conquista el Sabatino Rápido de Nau64!"
https://nau64.com/se-fue-la-5ta-ronda-con-doble-triunfo-celeste/,0,"Olimpiada


Se fue la 5ta ronda con doble triunfo celeste!

 José Riverol 15 septiembre, 2024 


En la tarde del domingo se disputó la quinta ronda de la 45ª Olimpiada de Ajedrez Budapest 2024. A pesar de la molesta lluvia y el frío, los equipos celestes no se vieron afectados. Tanto el equipo Absoluto como el Femenino lograron victorias contundentes por 3½ a ½, casualmente las dos tablas ocurrieron en el segundo tablero (Andres y Nahiara).  Por la 6ta ronda este lunes desde las 11:00 hs de Uruguay, 15:00 hs local) se mediran en el absoluto mesa 40 vs Cabo Verde (110) y en el femenino mesa 42 vs Bangladesh (62).
Agradecemos, como siempre, al Capitán MI Daniel Rivera y al entrenador del equipo femenino MF Gabriel Curi por su valiosa contribución a este informe. 

Resumen Equipo Absoluto:La primera partida que terminó y que comenté en el canal de YouTube, en forma fresca y con una duración de solo 4 minutos, fue la del GM Jorge Meier. Jugó de manera excelente, con una técnica muy pulida y un remate de antología. "
https://nau64.com/se-fue-la-5ta-ronda-con-doble-triunfo-celeste/,1,"Nada más que agregar de este juego.



Andrés se enfrentó quizás al rival más duro, además de conducir las piezas negras. Al inicio, parecía que las blancas tenían ventaja, pero Andrés comenzó a mover las piezas y, en el caos, ganó calidad. Parecía incluso que tenía ventaja, pero su rival complicó el juego, consolidando su posición con un peón pasado y presión sobre el enroque negro. Andrés decidió no forzar la partida, lo cual parece haber sido una buena decisión, ya que a esa altura el match ya estaba encarrilado a favor de los celestes y esas tablas casi aseguraban la victoria. En el cuarto tablero, Bernardo tenía un final cómodo con ventaja de caballo contra alfil malo y un peón alejado, que coronó brillantemente la victoria junto a la partida de Facundo, quien con excelente técnica y estrategia se impuso al final en el tablero tres.

 

Resumen del Equipo Femenino:
El equipo celeste femenino rápidamente se puso en ventaja gracias a la primera tablero, WFM Andreina Quevedo, quien aprovechó los errores de su rival y ganó de manera contundente. La partida, que se puede ver analizada a continuación, muestra su excelente desempeño. 



En segundo tablero Nahiara de piezas negras realizó una entrega de pieza que complico el juego ganando unos peones, pero la pieza de ventaja de las blancas era muy superior a 4 peones, y en una situación que probablemente sea ganadora la rival propuso tablas.


En la mesa tres, Natalia, jugando un gambito de Rey, entró rápidamente en complicaciones favorables. Sin embargo, su rival sacrificó calidad para conseguir contrajuego, lo cual le dio resultado. La situación se volvió caótica y cualquier resultado era posible. A pesar de tener dos calidades de ventaja, las piezas menores de las negras eran muy superiores. Finalmente, un error de las negras permitió a Natalia forzar una red de mate.

Por su parte, Camila, en el tablero cuatro, consiguió su primer triunfo olímpico jugando una defensa ortodoxa. Su rival terminó con un peón dama aislado, que Camila, con paciencia y buenas maniobras, logró capturar. En los apuros de tiempo, Camila decidió no complicarse y, tras un cambio de damas, llegó a un final de caballos ganado. Mañana les espera un match nada fácil, pero están conscientes de que pueden lograr un resultado favorable. 


Estaremos comentando en detalle las actuaciones de nuestros jugadores y nuestras jugadoras a lo largo del evento.Nos podrán seguir en nuestras Redes Sociales:Youtube – Twitch – Instagram – Facebook – X Twitter – TikTokPodes sumarte a nuestro canal de Whatsapp










Navegación de entradas
45ª Olimpiada de Ajedrez Ronda 4: Ucrania derrota a Estados Unidos, Vietnam vence a Uzbekistán45ª Olimpiada de Ajedrez R5: Vietnam, Armenia y Mongolia dan la sorpresa!"
https://nau64.com/segunda-edicion-del-match-experiencia-vs-juventud-en-nau64/,0,"Online


Experiencia vs Juventud: Gonzalo Nakle se impone en el match oficial de Nau64

 José Riverol 27 noviembre, 2025 


Más de 17.000 espectadores siguieron el duelo generacional en Nau64”El pasado 23 y 24 de noviembre, el Club Nau64 fue escenario de la segunda edición del match “Experiencia vs Juventud”, un enfrentamiento que volvió a reunir a dos generaciones del ajedrez uruguayo: Gonzalo Nakle, jugador de amplia trayectoria, frente al AFM Bryan López, uno de los talentos jóvenes en ascenso.El match constó de cuatro partidas clásicas a ritmo 45+30, todas válidas para Elo FIDE y FUA, otorgándole un carácter oficial y competitivo.
El lunes por la noche se jugaron las restantes, donde Gonzalo Nakle se impuso con una victoria y unas tablas, proclamándose ganador con un marcador final de 2.5–1.5, reafirmando el peso de la experiencia.El evento contó con el arbitraje del MF José Riverol y fue transmitido en vivo por los canales de YouTube y Twitch de Nau64, reuniendo a más de 17.000 espectadores que siguieron cada jugada con entusiasmo.Finalmente, se deja abierta la invitación para que otros jugadores interesados en disputar matches oficiales puedan coordinar su propio encuentro. Para ello, pueden comunicarse directamente con el MF José Riverol (099556123), responsable de la planificación, arbitraje y difusión de estos eventos en el club. "
https://nau64.com/segunda-edicion-del-match-experiencia-vs-juventud-en-nau64/,1,"♟️ Gonzalo Nakle, referente de sólida trayectoria y vasta experiencia en torneos nacionales e internacionales.

♟️ AFM Bryan López, joven talento en ascenso, actual FIDE Master Arena, y una de las promesas más firmes de la nueva generación.

El match constará de cuatro partidas a ritmo clásico 45 minutos + 30 segundos de incremento por jugada, y será válido para el ranking FIDE y FUA. La conducción arbitral estará a cargo del Árbitro FIDE José Riverol, quien garantizará el correcto desarrollo del encuentro.🕒 Calendario de partidas:

Partida 1: Domingo 23 de noviembre – 15:00 hs
Partida 2: Domingo 23 de noviembre – 18:00 hs
Partida 3: Lunes 24 de noviembre – 20:00 hs
Partida 4: Lunes 24 de noviembre – 22:00 hsEste tipo de encuentros no solo ofrecen espectáculo y emoción, sino que también fortalecen los lazos entre generaciones, promueven el juego limpio y enriquecen el calendario competitivo del club.Las partidas se podràn seguir en directo por los canales de Twitch https://www.twitch.tv/nau64ajedrez y YouTube https://www.youtube.com/@nau64 Este match será además el preámbulo de dos grandes eventos que cerrarán el año ajedrecístico en Nau64:El Cuadrangular en memoria del AN Edmundo Infante, que se disputará entre fines de noviembre y diciembre, con un premio total de 650 dólares en juego.Y el tradicional Open 134 de la Academia, una cita imperdible para jugadores de todos los niveles.📍 La actividad es abierta al público y se desarrollará en la sede de la Academia Nau64. ¡Los esperamos para vivir juntos esta gran cita del ajedrez! 





































Navegación de entradas
Con solo 13 años, conquista el Sabatino Rápido de Nau64!Leyenda danesa"
https://nau64.com/semifinales/,0,"Torneos


Cuartos C.A. Cerro clasificatorios a las Semifinales del Campeonato Uruguayo 2026

 José Riverol 2 enero, 2026 


TODOS LOS JUGADORES FEDERADOS POR EL C.A. CERRO, JUGADORES LIBRES (sin club) o aquellos que soliciten pase antes del 15 de enero, ¡PUEDEN JUGAR!Este año se disputará en dos eventos clasificatorios para las Semifinales del Campeonato Uruguayo 2026.En ambos casos será un torneo suizo a 5 rondas, con un ritmo de 60+30. Los resultados serán válidos para el Elo FUA y FIDE.Los jugadores participantes solo podrán intervenir en uno de los eventos.
Los cupos extras se definirán según la serie que tenga mayor cantidad de participantes.
Enlace para ver los resultados entrando aquí: ChessResults Seria AChessResults Seria B Clasificatorio A: 
Clasifican 1 de cada 5 jugadores con Elo.

R1: lunes 5, de enero a las 20:15 hs. "
https://nau64.com/semifinales/,1,"R2: miercoles 7, de enero a las 20:15 hs. R3: miercoles 14, de enero a las 20:15 hs.R4: viernes16, de enero a las 20:15 hs. R5: lunes 19 de enero a las 20:15 hs.Clasificatorio B:

R1: Viernes 23 de enero 20:15 hs. R2: Sabado 24 de enero 16:00 hs. R3: Sabado 24 de enero 19:00 hs. R4: Domingo 25 de enero 10:00 hs. R5: Domingo 25 de enero 14:30 hs.Solicitud de bye: Se pueden acceder a 1 pedidos de no emparejamiento con ½, son validos de la ronda 1 a 3.En caso de así quererlo el jugador puede pedir no ser emparejado en cualquier ronda con 0 pts.
Inscripciones generales $1000. – Alumnos y Socios de la Academia $500. – Jugadores Clasificados ya a la Semifinales $400
Métodos de Pago:Santander: Transferencias dentro de Santander Cuenta: 1201640616 – Moneda: UYU Sucursal: 73 -ArocenaTransferencias desde otros bancos: Cuenta: 0073001201640616 – Moneda: UYUCuenta Prex: 1211475 Jose Riverol 
Luego de hecho el depósito enviar foto del comprobante al Whatsapp 099 556 123. R E G L A M E N T O1) AUTORIDADES Y ASPECTOS ADMINISTRATIVOS:ORGANIZADOR: Academia de Ajedrez Nau64Arbitro Principal: FA Jose Riverol.Arbitro Asistente: AA Avril Stefano.SALA DE JUEGO: Academia Nau64, Bv. España 2586 – Montevideo2) El Torneo se regirá por las Leyes del Ajedrez de la FIDE vigentes a lafecha.3) Se disputará por sistema Suizo a 5 rondas.4) Ritmo de juego: 60 minutos, más un incremento de 30 segundos porjugada desde el primer movimiento. El tiempo de tolerancia será de 30minutos desde el comienzo de la sesión de juego.5) Los jugadores podrán acordar tablas en cualquier momento de lapartida sin necesidad de consentimiento arbitral, siempre y cuando amboshayan efectuado al menos un movimiento.6) El árbitro se asistirá con el programa informático Swiss Manager. Alos efectos de los emparejamientos, el ranking inicial será ordenado porElo FIDE como primer criterio, por Elo FUA como segundo criterio y pororden alfabético como tercer criterio.7) Los jugadores podrán solicitar no ser emparejados todas las veces quelo deseen. Deberán notificarlo al árbitro antes que termine la rondaanterior a la que deseen no ser pareados. Para la primera ronda deberánhacerlo en el momento de la inscripción. Tendrán 1 bye demedio (0.5) punto as rondas 1 y 3 inclusive si lo solicitan.8) Aquel jugador que pierda dos partidas por incomparecencia, seráretirado del torneo, salvo otra decisión arbitral.9) DESEMPATES:Para dirimir posiciones igualadas en puntos al final del Torneo, seutilizarán en el orden que sigue, los sistemas de desempate a saber:I) Resultado particular. (Este sistema es válido sólo si todos losinvolucrados jugaron entre sí)II) Mayor cantidad de victorias (incluyendo puntos por incomparecencia)III) Buchholz total (Todos los resultados cuentan, se usará el criterio deoponente virtual)IV) Buchholz con corte 1 (uno) (Se excluye el peor resultado, se usará elcriterio de oponente virtual)V) Sonneborn Berger (con puntos reales)10) Teléfonos celulares y demás dispositivos electrónicos: Durante lapartida, los jugadores no podrán portar teléfonos celulares ni otrosdispositivos electrónicos (como ser tablets, smartwatches, etc.). Sinembargo, antes de comenzar la partida podrán dejar el celular en el lugarasignado por la organización para ello, sin manipularlo mientras sedesarrolle la partida. Si a un jugador le suena el celular, o es evidente queporta cualquier dispositivo electrónico, perderá la partida.12) Es competencia del Árbitro Principal decidir ante casos no previstosen este reglamento.13) Los jugadores, con su participación, aceptan las condiciones delpresente reglamento en todos sus términos.Montevideo, enero de 2026



#ajedrez#chessTorneo 




Navegación de entradas
Franco Manteiga Ganador de la Copa AN Edmundo InfanteXVII Torneo de Reyes VALIDO ELO FUA/FIDE"
https://nau64.com/semisfemenino2025/,0,"FUA
Torneos


Semifinales Uruguayo Femenino

 José Riverol 10 febrero, 2025 


La Academia de Ajedrez nau64 se enorgullece en recibir a todas las talentosas jugadoras de ajedrez de Uruguay en el Torneo Clasificatorio del 47° Campeonato Uruguayo Femenino de Ajedrez 2025.Los invitamos a seguirnos en nuestras redes sociales: Instagram @nau64ajedrez – YouTube nau64 – Twitch nau64ajedrez para ver fotos, videos y partidas de las participantes.
Aquí les dejamos todos los detalles del evento.BASES Y REGLAMENTO DE LAS SEMIFINALES DEL CAMPEONATO URUGUAYO FEMENINO 2025INSCRIPCIONES:Las jugadoras deberán inscribirse antes del día jueves 20 de Febrero de 2025 a las 21 hs al correo gerencia@fuajedrez.org
ORGANIZADOR:Club Cerro – Federación Uruguaya de Ajedrez
DIRECTOR DEL TORNEO:FM, FA José Riverol 3000427
ÁRBITRO PRINCIPAL:IA Edgardo Cámpora 3003612Arbitro asistente: Avril Stefano
SALA DE JUEGO: Academia Nau64, Bv. España 2586 – Montevideo
TRIBUNAL DE APELACIONES:IA Sabrina de San Vicente,FA José RiverolFA Eduardo Muzzi

COMUNICADO 16/2025 – BASES Y REGLAMENTO DE LAS SEMIFINALES DELCAMPEONATO URUGUAYO FEMENINO 2025- 21.2.2025 A 23.2.2025.

INSCRIPCIONESLas jugadoras deberán inscribirse antes del día jueves 20 de Febrero de 2025 a las21 hs al correo gerencia@fuajedrez.org, indicando su nombre completo, FIDE ID, yadjuntando el pago de $ 600.oo que deberán ser depositados en cuenta de la FederaciónUruguaya de Ajedrez en el BROU nro 001814441 00001.Las siete primeras clasificadas ganarán su derecho a participar de la final a celebrarseeste año conforme se indicó oportunamente. Para el caso en que la WCM Sofía Roepke nojuegue la final, clasificará la octava en la clasificación.En caso de renuncia de alguna de las clasificadas, se seguirá la lista de la semifinalhasta completar 8 jugadoras participantes de la final. Asimismo, deberán adjuntar el aval desus clubes para participar en dicho torneo en su representación, debiendo adjuntarse elmismo al mail de inscripción. Se entenderá por aval toda nota suscrita por delegado oreferente de la institución autorizando a la jugadora a inscribirse en el torneo. En caso de serjugadoras libres deberán pedir en la forma prevista por los Reglamentos vigentes pase a unainstitución afiliada.
R E G L A M E N T O1) AUTORIDADES Y ASPECTOS ADMINISTRATIVOS.ORGANIZADOR: Club Cerro – Federación Uruguaya de AjedrezDIRECTOR DEL TORNEO: FM, FA José Riverol 3000427ÁRBITRO PRINCIPAL: IA Edgardo Cámpora 3003612SALA DE JUEGO: Academia Nau64, Bv. España 2586 – MontevideoTRIBUNAL DE APELACIONES: IA Sabrina de San Vicente, FA José Riverol y FAEduardo Muzzi2) El Torneo se regirá por las Leyes del Ajedrez de la FIDE vigentes a la fecha.3) Se disputará por sistema Suizo a 5 rondas.Calendario:Ronda 1: viernes 21 de febrero, 19 horasRonda 2: sábado 22 de febrero, 10 horasRonda 3: sábado 22 de febrero, 15 horasRonda 4: domingo 23 de febrero, 10 horasRonda 5: domingo 23 de febrero, 15 horas.Este calendario puede ser modificado para un mejor desarrollo del torneo.4) Ritmo de juego: 60 minutos, más un incremento de 30 segundos por jugada desdeel primer movimiento. La tolerancia será de 30 minutos una vez iniciada la sesión de juego.5) Las jugadoras podrán acordar tablas en cualquier momento de la partida sinnecesidad de consentimiento arbitral, siempre y cuando ambas hayan efectuado al menos unmovimiento.6) El árbitro se asistirá con el programa informático Swiss Manager. A los efectos delos emparejamientos, el ranking inicial será ordenado por Elo FIDE como primer criterio,por Elo FUA como segundo criterio y por orden alfabético como tercer criterio.7) Las jugadoras podrán solicitar no ser emparejadas todas las veces que lo deseen.Deberán notificarlo al árbitro antes que termine la ronda anterior a la que deseen no seremparejadas. Para la primera ronda deberán hacerlo en el momento de la inscripción. Norecibirán puntos en dicha ronda.8) Aquella jugadora que pierda una partida por incomparecencia, será retirada deltorneo a menos que exprese su voluntad al Director del Torneo o al Árbitro Principal decontinuar jugando, salvo otra decisión arbitral.9) DESEMPATES: Para dirimir posiciones igualadas en puntos al final del Torneo,se utilizarán en el orden que sigue, los sistemas de desempate a saber: I) Encuentro directoII) Buchholz con corte 1 III) Buchholz total IV) Sonneborn Berger V) Suma de Buchholz delas oponentes10) Los reclamos al Tribunal de Apelaciones podrán realizarse hasta 15 minutosdespués de terminada la última partida de la ronda en que se originaron. Constarán de unbreve relato de los hechos, así como de los fundamentos para realizarlos. Deberán serentregados por escrito al Director del Torneo, o en caso que éste no estuviera disponible alÁrbitro Principal, acompañado de un depósito de $1000 (pesos uruguayos mil). El Tribunalde Apelaciones tendrá como tiempo máximo para expedirse hasta 30 (treinta) minutos antesque comience la siguiente ronda. Los fallos del tribunal son inapelables.11) Teléfonos celulares y demás dispositivos electrónicos: Durante la partida, lasjugadoras no podrán portar teléfonos celulares ni otros dispositivos electrónicos (como sertablets, smartwatches, etc.). Sin embargo, antes de comenzar la partida podrán dejar sucelular en el lugar asignado por la organización para su guardado, sin manipularlo mientrasse desarrolle la partida. Si a una jugadora le suena el celular en la sala de juego, o es evidenteque porta cualquier dispositivo electrónico, perderá la partida.12) Es competencia del Árbitro Principal decidir ante casos no previstos en estereglamento.13) Las jugadoras, con su participación, aceptan las condiciones del presentereglamento en todos sus términos. Montevideo, 2 de Febrero de 2025.









"
https://nau64.com/semisfemenino2025/,1,"Navegación de entradas
Reta tu Mente: Ejercicios de Ajedrez .Sabatino FIDE 15 enero: Julio Zaruski Campeón"
https://nau64.com/sesion-magistral-del-gm-georg-meier-en-nau64/,0,"Academia
Clases
Entrevista
Novedades
Uruguay


Sesión Magistral del GM Georg Meier en NAU64

 Victoria Galatro 8 febrero, 2024 


El GM uruguayo Georg Meier está entre los mejores de Latinoamérica, y tendremos oportunidad de contar con su presencia en la Academia de #Ajedrez nau64 el día 11 de febrero luego de su participación en el Torneo abierto #Duchamp #Montevideo #Uruguay
Reservá tu lugar:
 Nombre y Apellido *Ingresa tu nombre y apellidoCorreo Electrónico *Ingresa tu correo electrónicoTeléfonoIngresa tu teléfono¿Socio de la academia? *SINOIndica si eres socio de la academia NAU64Registrarse al evento
Informes: 
☎️ 092 321 600
nau64ajedrez
Pagos de las Inscripciones:
Para los socios de la academia, el evento es gratuito.
"
https://nau64.com/sesion-magistral-del-gm-georg-meier-en-nau64/,1,"Para los no socios, el evento tiene un costo de $300 que se puede abonar por las siguientes vías:
BROU: 00041748200002 caja de ahorro en pesos a nombre de Jose Riverol.
Santander:Transferencias dentro de Santander: Cuenta: 1201640616 Moneda: UYU Sucursal: 73 – ArocenaTransferencias desde otros bancos: Cuenta: 0073001201640616 Moneda: UYUCuenta Prex: 1211475 Jose Riverol
Realizado el pago enviar foto de comprobante al Whatsapp 099 556 123.









Navegación de entradas
Siegbert TarraschII Torneo juvenil Sub-20"
https://nau64.com/sorpresa-miguel-pinto-y-daniel-kaciusis-campeones/,0,"FIDE
Partidas
Sabatino
Torneos
Uruguay


Sorpresa: Miguel Pinto y Daniel Kaciusis Campeones

 Academia Nau64 15 julio, 2026 


El sábado 11 de julio se disputaron, como ya es tradición, los torneos de Rápidas y Blitz en Nuestra Academia ambos eventos fueron validos para el ELO FIDE, con la participación de jugadores de gran nivel, además de los habituales ajedrecistas que cada fin de semana acompañan esta actividad. Ambos torneos contaron con los arbitros José Riverol y Avril Stefano.



"
https://nau64.com/sorpresa-miguel-pinto-y-daniel-kaciusis-campeones/,1,"En Rápidas, el torneo estuvo marcado por las sorpresas desde las primeras rondas. Se registraron varios resultados inesperados, lo que hizo que la definición fuera mucho más disputada, con numerosos jugadores llegando a las últimas partidas con posibilidades de quedarse con el título.

Campeón: Miguel Pinto (Brasil) 
Tras completarse las cinco rondas, el jugador brasilero Miguel Pinto se consagró campeón al imponerse en todas sus partidas y finalizar con puntaje perfecto.

Agustina Silva (Foto) obtuvo el segundo puesto y, además, se quedó con el Premio Mejor Femenino.

Sebastian Puerto (Foto) obtuvo el Premio Mejor no ranqueado.

También merece una mención especial la resonante victoria de Franco Ugarte (Foto) sobre CM Gian Franco Dotta en la primera ronda y cuya partidas la podrán ver mas abajo.
Aquí dejamos la tabla de posiciones, junto con los videos de cada partida para revivir los momentos más emocionantes, además de las fotos disponibles en nuestras redes de Facebook e Instagram.El evento fue transmitido, como siempre, en nuestros canales de YouTube y Twitch.Club Online: https://www.chess.com/club/nau64?ref_id=4411389Seguí toda la acción en vivo con los Comentarios del MF Jose Riverol y su quipo de prmera!:YouTube: https://www.youtube.com/@nau64Twitch: https://www.twitch.tv/nau64ajedrez¿Querés estar al tanto de todo?Unite a nuestro canal de WhatsApp:whatsapp.com/channel/0029VaAf3s565yDBpnBdJg42 

Por mas datos del torneo de Rápidas y Torneo en FIDE



Ronda 1

Mesa 1



Mesa 2






Ronda 2

Mesa 1



Mesa 2






Ronda 3

Mesa 1



Mesa 2






Ronda 4

Mesa 1



Mesa 2






Ronda 5

Mesa 1



Mesa 2






En Blitz, el certamen resultó mucho más parejo de lo esperado y también estuvo cargado de sorpresas. Cuatro jugadores finalizaron igualados en el primer puesto: Daniel Kaciusis, Miguel Pinto, Walter Domínguez y Diego Martínez Martínez. Sin embargo, lo más llamativo no fue el cuádruple empate en la cima, sino que apenas medio punto separó a los líderes de sus inmediatos perseguidores, reflejando la gran paridad del torneo.
Por mas datos del torneo Blitz y Torneo en FIDE

Finalmente, el sistema de desempate proclamó a Daniel Kaciusis (Foto) como campeón.


Nos reencontramos el próximo sábado 18 de julio a las 16 hrs con más torneos rápidos y blitz.



#nau64ajedrez#uruguayTorneo 




Navegación de entradas
II Amateur Sub 1600 de NAU 64Open 136: Ronda 1"
https://nau64.com/sorpresas-en-la-ronda-3-de-la-olimpiada-de-ajedrez/,0,"Olimpiada


Sorpresas en la ronda 3 de la Olimpiada de Ajedrez

 José Riverol 13 septiembre, 2024 


Doble triunfo celeste.La tercera ronda fue excelente para los representantes uruguayos en la 45ª Olimpiada de Ajedrez que se está desarrollando en Budapest. En el Torneo Abierto, los celestes triunfaron por 3½ a ½ contra el equipo de Nicaragua, mientras que en la categoría femenina vencieron a Laos por 4 a 0.Por la ronda 4 y desde las 15:00 hs local (Hungria) el equipo Absoluto se medira en la mesa 40 ante Marruecos (92) y en el femenino tendrán de rivales a Colombia (44) 
Finalmente, el número uno, GM Magnus Carlsen, se hizo presente en el evento. Curiosamente, llegó 10 minutos tarde (la tolerancia es de 15 minutos) ¡y en bicicleta! "
https://nau64.com/sorpresas-en-la-ronda-3-de-la-olimpiada-de-ajedrez/,1,"Gracias a esto, los medios presentes pudimos disfrutar 10 minutos más del espectáculo.  Dejo la partida y el video con comentarios:








Personalmente, me llena de simpatía y orgullo cuando los capitanes, hablando en idiomas que no comprendo, se acercan a pedirme que les tome fotos a sus jugadores, siempre despidiéndose con una sonrisa. Pueden ver todas las fotos en mi álbum de Facebook entrando a este enlace. 



Resultados Equipo Absoluto.

Partidas del Equipo Absoluto uruguayo:

Todas las partidas de la Ronda 3 Torneo Absoluto.
Resultados Equipo Femenino

Partidas del Equipo Femenino de Uruguay

Todas las partidas ronda 3 del Femenino

45ª Olimpiada de Ajedrez Ronda 3: Holanda y Alemania caen, varios favoritos tropiezanLa tercera ronda trajo consigo las mayores sorpresas hasta el momento, con dos equipos punteros perdiendo sus partidos en la sección abierta y algunos otros empatando.Holanda, cabeza de serie número 5, perdió ante Italia, cabeza de serie número 23, por 1-3. Lorenzo Lodici (2556) derrotó a Anish Giri (2724), Francesco Sonis (2554) ganó contra Max Warmerdam (2679) y Sabino Brunello (2511) triunfó sobre Erwin L’Ami (2628). "
https://nau64.com/sorpresas-en-la-ronda-3-de-la-olimpiada-de-ajedrez/,2,"Jorden Van Foreest (2696) fue el único jugador holandés que ganó, derrotando a Luca Moroni (2558).Alemania (#7) perdió ante Lituania (#23) por 1,5-2,5 después de que Alexander Donchenko (2638) perdiera una posición ganadora ante Valery Kazakouski (2577). Inglaterra (#8) sólo logró empatar con Dinamarca (#30), e Irán (#10) perdió puntos de partido al empatar con Georgia (#32).India viene pisando fuerte, derrotando a Hungría B por 3,5-0,5. Hasta ahora, el equipo ha concedido sólo 0,5 puntos a sus oponentes en los 12 partidos. China también ganó con confianza a Eslovenia por 3-1.Irlanda (#64) sorprendentemente empató con Israel (#20), Estonia (#60) dividió puntos con Serbia (#16), Mongolia (#63) empató con la República Checa (#19) y Venezuela (#67) empató su partido con Grecia (#23).China perdió sus primeros puntos individuales pero derrotó a Chile. El campeón del mundo Ding Liren empató en el primer tablero contra Cristóbal Henríquez Villagra. Uzbekistán también concedió medio punto a Egipto cuando Hamed Wafa (2368) logró empatar contra Javokhir Sindarov (2677). Holanda ganó por poco contra Bélgica con dos empates en los tableros inferiores, pero nunca estuvo en riesgo de perder el partido, ganando 2,5-1,5.


Estados Unidos no tuvo problemas contra Bulgaria y ganó el partido por 3,5-0,5. Levon Aronian abrió el marcador y compartió algunas reflexiones sobre sus partidas en una entrevista. Reflexionando sobre la primera partida, que causó mucha ansiedad a sus seguidores, dijo que estaba dispuesto a renunciar, pero siguió adelante y creó trucos porque estaba jugando para el equipo. El número uno del mundo, Magnus Carlsen, jugó su primera partida y llegó al pabellón con 10 minutos de retraso. Su viaje para enfrentarse al GM colombiano Roberto García Pantoja fue toda una aventura. Llegó en bicicleta bajo la lluvia, se apresuró a llegar al recinto, se confundió con la entrada y finalmente lo llevaron por las puertas de prensa. A pesar de esto, derrotó a su oponente con las piezas negras, lo que contribuyó a la victoria de su equipo por 3,5-0,5. Después de la partida, comentó: Fue un poco caótico. Estoy en un hotel diferente al de los demás, así que se suponía que debían recogerme. Entonces, de repente, me dijeron que el tráfico estaba horrible y que estarían en mi hotel a las tres menos cinco. En ese momento pensé que no podría llegar a tiempo en coche, así que decidí que ir en bicicleta podría ser más rápido”.

En el cuadro femenino también hubo sorpresas. Una de las favoritas, Georgia, empató su partida con Rumanía. Dzagnidze (2508) y Batsiashvili (2461) ganaron sus partidas en los tableros 1 y 3 contra Bulmaga (2406) y Voicu-Jagodzinsky (2271), pero en los otros dos tableros, las rumanas alcanzaron los reyes de sus oponentes. Javakhishvili (2446) cayó en una red de mate inesperada en el final contra Sandu (2248), y Khotenashvili (2432) cometió un error al dar mate en dos jugadas contra Ciolacu (2160).Grecia sorprendió a todos al empatar con una de las favoritas, Polonia. Pavlidou (2141) ganó una partida de montaña rusa contra Maltsevskaya (2404), que terminó con tres damas en el tablero y el rey negro en d3. El mejor jugador de la Olimpiada anterior, Kiolbasa (2348), contraatacó con una victoria contra Makropoulou (2103). Las otras dos partidas terminaron en tablas.Otros favoritos, a saber, India, China y Ucrania, no enfrentaron mayores problemas en sus respectivos partidos, pero perdieron algunos puntos de tablero en el camino.
Dieciséis equipos de la sección abierta han ganado los tres partidos hasta ahora: India, Estados Unidos, Uzbekistán, China, Vietnam, Azerbaiyán, Polonia, España, Ucrania, Armenia, Lituania, Suecia, Hungría, Italia, Montenegro y Serbia (enumerados en orden de desempate).En la sección femenina, dieciséis equipos lideran con 6 puntos de partido: Estados Unidos, España, Inglaterra, China, Bulgaria, Francia, India, Uzbekistán, Ucrania, Serbia, Vietnam, Armenia, Turquía, Países Bajos, Kazajistán y Mongolia (enumerados en orden de desempate).De cara a la tercera ronda, solo India, Eslovenia y Alemania lograron ganar ambos partidos con un marcador de 4-0 en la sección abierta. En el torneo femenino, seis equipos (Polonia, China, España, Armenia, Argentina e Irán) lograron esta hazaña. Sin embargo, ¡ninguno de ellos pudo mantener su racha perfecta!Resultados de los partidos más importantes:Abierto:Bulgaria 0,5-3,5 EE. UU.India 3,5-0,5 Hungría BEslovenia 1-3 ChinaUzbekistán 3,5-0,5 CroaciaItalia 3-1 Países BajosFemenino:Suiza 1-3 IndiaGeorgia 2-2 RumaníaGrecia 2-2 PoloniaChina 3,5-0,5 ItaliaIsrael 1-3 UcraniaResultados completos: Chess-results.com – 45ª Olimpiada de Ajedrez 
Escrito por WGM Anna BurtasovaFotos: Mark Livshit, Michal Walusza y Maria Emelianova
Estaremos comentando en detalle las actuaciones de nuestros jugadores y nuestras jugadoras a lo largo del evento.Nos podrán seguir en nuestras Redes Sociales:Youtube – Twitch – Instagram – Facebook – X Twitter – TikTokPodes sumarte a nuestro canal de Whatsapp








Navegación de entradas
Ronda 2 de la 45 Olimpiada de Ajedrez45ª Olimpiada de Ajedrez Ronda 4: Ucrania derrota a Estados Unidos, Vietnam vence a Uzbekistán"
https://nau64.com/suerte-impar-en-la-6a-ronda-de-la-olimpiada-de-ajedrez/,0,"Olimpiada


Suerte impar en la 6a Ronda de la Olimpiada de Ajedrez.

 José Riverol 16 septiembre, 2024 


Hoy se desarrolló la sexta ronda de la 45ª Olimpiada de Ajedrez en Budapest. Los equipos celestes tuvieron resultados dispares: en la categoría absoluta, se ganó 3-1, como se esperaba, aunque la derrota en el segundo tablero fue inesperada. "
https://nau64.com/suerte-impar-en-la-6a-ronda-de-la-olimpiada-de-ajedrez/,1,"En la categoría femenina, la situación era más complicada y, al final, se perdió 3½ a ½. Aquí dejo las partidas.

El martes 17 será un día de descanso para todos los jugadores. En lo personal, estaré volviendo al ruedo el jueves por la noche. 


Partidas Equipo Absoluto:



Partidas Equipo Femenino:











Navegación de entradas
45ª Olimpiada de Ajedrez R5: Vietnam, Armenia y Mongolia dan la sorpresa!45a Olimpiada de Ajedrez R06: India emerge como líder único en ambas secciones"
https://nau64.com/super-ajedrecistas/,0,"Curiosidades
Internacional


Super ajedrecistas.

 José Riverol 18 julio, 2023 


Número de Super Ajedrecistas por Región y País de acuerdo a su ELO FIDE >=2500 en julio 2023. 

Nótese aún el poderío de la geoesfera ex soviética, que sin embargo la plusmarca mundial se encuentra en manos del llamado Occidente, con el noruego Magnus Carlsen. Detrás de éstas 2 regiones viene escalando fuerte el extremo oriente asiático, donde China presume tener a los 2 campeones mundiales, masculino y femenino. Por su parte Latinoamérica se encuentra en el penúltimo escalón, compitiendo en marcas similares con la región del Medio Oriente y superando a la región del África Sub Sahariana que es inexistente en éstos niveles. 
GM George Meier 
Uruguay apenas logra colocar nuestra bandera en este Top con el GM George Meier, quien se formó y vive en Alemania. ¿Qué tipo de sociedades son capaces de crear a los Super Ajedrecistas?



"
https://nau64.com/super-ajedrecistas/,1,"Internacional 




Navegación de entradas
Calendario 2026El Mañanero 2748"
https://nau64.com/tabare-bustelo-y-miguel-pinto-campeones-del-sabatino/,0,"Academia
Sabatino
Torneos


CM Tabare Bustelo y Miguel Pinto, Campeones del sabatino

 Academia Nau64 7 julio, 2026 


Este sábado 4 de julio se disputaron, como ya es tradición en la academia, los torneos sabatinos de Rápidas y Blitz, ambos válidos para el rating ELO FIDE.



El torneo de Rápidas se jugó con un ritmo de 10 minutos más 5 segundos de incremento por jugada. Con 4,5 puntos sobre 5 posibles, el CM Tabaré Bustelo se consagró campeón tras imponerse en el sistema de desempate. El segundo lugar quedó en manos de Gian Franco Dotta, quien finalizó con el mismo puntaje.

El premio femenino fue para Agustina Silva que obtuvo el tercer lugar el la general.

El premio a mejor no ranqueado fue para Fausto Schneiderman.

La mencion a jugador destacado del torneo fue para Walter Dominguez Orono que finalizo en cuarto lugar.

Aquí dejamos la tabla de posiciones, junto con los videos de cada partida para revivir los momentos más emocionantes, además de las fotos disponibles en nuestras redes de Facebook e Instagram.El evento fue transmitido, como siempre, en nuestros canales de YouTube y Twitch.Club Online: https://www.chess.com/club/nau64?ref_id=4411389Seguí toda la acción en vivo con los Comentarios del MF Jose Riverol y su quipo de prmera!:YouTube: https://www.youtube.com/@nau64Twitch: https://www.twitch.tv/nau64ajedrez¿Querés estar al tanto de todo?Unite a nuestro canal de WhatsApp:whatsapp.com/channel/0029VaAf3s565yDBpnBdJg42
Por mas datos del torneo de Rápidas  y Torneo en FIDE


Ronda 1



Mesa 1


Mesa 2




Ronda 2



Mesa 1


Mesa 2



Ronda 3



Mesa 1


Mesa 2



Ronda 4



Mesa 1


Mesa 2



Ronda 5



Mesa 1


Mesa 2



El torneo Blitz se disputó bajo el sistema suizo a seis rondas, con un ritmo de juego de 3 minutos más 2 segundos de incremento por jugada. Al finalizar la competencia, tres jugadores igualaron el primer puesto con 5 puntos sobre 6 posibles. "
https://nau64.com/tabare-bustelo-y-miguel-pinto-campeones-del-sabatino/,1,"Los criterios de desempate determinaron que el campeón fuera Miguel Pinto. Completaron el podio, con el mismo puntaje, Gian Franco Dotta y Benjamín Martello.











Navegación de entradas
NAU 64 en el Interclubes de Rápidas y BlitzII Amateur Sub 1600 de NAU 64"
https://nau64.com/tag/ajedrez/,0,"Etiqueta: #ajedrez 




 





FIDE
Partidas
Torneos
Videos


Diego Moreno arrasa y se consagra Campeón del Open 136

 Academia Nau64 21 agosto, 2026 


El pasado lunes 17 de agosto finalizó el Open 136 de nau64, que consagró a Diego Moreno como campeón absoluto. La quinta y última ronda se disputó con dos ausencias … Read More



#ajedrez#chess#nau64ajedrez#uruguayTorneo Comment on Diego Moreno arrasa y se consagra Campeón del Open 136 






 





Torneos


La Casona vibró con ajedrez y tres campeones de Cerro.

 Academia Nau64 19 agosto, 2026 


El pasado domingo 16 de agosto, la histórica Casona del Municipio CH fue escenario de un vibrante torneo clasificatorio rumbo a la Final de la Liga Uruguaya de Ajedrez por … Read More



#ajedrez#chess#uruguayTorneo Comment on La Casona vibró con ajedrez y tres campeones de Cerro. 






 





Partidas
Sabatino
Torneos


Gian Franco imparable en rápidas, Gustavo se adueña del blitz.

 "
https://nau64.com/tag/ajedrez/,1,"Academia Nau64 19 agosto, 2026 


Este sábado 15 de agosto la Academia Nau64 volvió a vibrar con los tradicionales torneos de Rápidas y Blitz, que reunieron a una gran cantidad de jugadores en un ambiente … Read More



#ajedrez#chess#Nau64#nau64ajedrezTorneo Comment on Gian Franco imparable en rápidas, Gustavo se adueña del blitz. 






 





Online
Partidas
Torneos


Open 136 – Ronda 4 Diego Moreno domina!

 Academia Nau64 19 agosto, 2026 


El pasado lunes 10 de agosto se disputó la cuarta ronda del Torneo Estándar Open 136, marcada por dos ausencias: la de Juan Ignacio Urruty en la mesa 1 y … Read More



#ajedrez#chess#Nau64#nau64ajedrezTorneo Comment on Open 136 – Ronda 4 Diego Moreno domina! 






 





FIDE
Partidas
Sabatino
Torneos


Doble consagración: Rivas Puch gana Rápidas y Blitz.

 Academia Nau64 11 agosto, 2026 


El pasado sábado 8 de agosto nuestra academia fue sede de los tradicionales torneos de Rápidas y Blitz, que reunieron a una gran cantidad de jugadores en un ambiente competitivo … Read More



#ajedrez#Nau64#nau64ajedrez#uruguayTorneo Comment on Doble consagración: Rivas Puch gana Rápidas y Blitz. 






 





FIDE
Online
Partidas
Torneos


Open 136 – Ronda 3

 Academia Nau64 6 agosto, 2026 


El pasado lunes 3 de agosto se realizó la tercera ronda del Open 136, con la participación de 16 jugadores, distribuidos en ocho partidas. Como es habitual, el evento fue … Read More



#ajedrez#chess#Nau64#nau64ajedrez#uruguayTorneo Comment on Open 136 – Ronda 3 






 





FIDE
Partidas
Sabatino
Torneos
Uruguay


MN Benjamin Martello arrasa en los torneos rapidos y blitz

 Academia Nau64 6 agosto, 2026 


El pasado fin de semana se realizaron los tradicionales torneos de Blitz y Rápidas, como ya es costumbre en nuestra academia. En esta ocasión participaron dos jugadores extranjeros: Félix Isaiah, … Read More



#ajedrez#chess#nau64ajedrez#uruguay Comment on MN Benjamin Martello arrasa en los torneos rapidos y blitz 






 





FIDE
Online
Partidas
Torneos


Open 136: Ronda 2

 Academia Nau64 29 julio, 2026 


El pasado lunes 27 de julio se disputó la segunda ronda del Open 136, en la que se jugaron ocho partidas. La jornada dejó varios resultados sorprendentes, ya fuera por … Read More



#ajedrez#nau64ajedrez#uruguayTorneo Comment on Open 136: Ronda 2 






 





Academia
FIDE
Online
Partidas
Sabatino
Torneos
Uruguay


MN Federico Canias Campeón del Cumpleañero de Julio

 Academia Nau64 29 julio, 2026 


El pasado sábado 25 de julio se disputó el torneo de rápidas Cumpleañero de Julio, una competencia que no solo reúne a los aficionados al ajedrez en un torneo de … Read More



#ajedrez#chess#Nau64#uruguayTorneo Comment on MN Federico Canias Campeón del Cumpleañero de Julio 






 





Academia
FIDE
Partidas
Torneos
Uruguay


Open 136: Ronda 1

 Academia Nau64 27 julio, 2026 


El pasado lunes 20 de julio dio comienzo el Open 136, un torneo suizo a cinco rondas, en modalidad estándar, con un ritmo de juego de 60 minutos por jugador … Read More



#ajedrez#nau64ajedrez#uruguay Comment on Open 136: Ronda 1 




Posts pagination
1
2
…
5
Siguientes"
https://nau64.com/tag/ajedreznacional/,0,"Etiqueta: #AjedrezNacional 




 





Online


Eduardo Elena, el campeón sin corona de Pando: hazaña histórica y clasificación olímpica

 Academia Nau64 5 abril, 2026 


Por Federico Esteve Hay historias que el ajedrez guarda durante décadas y actuaciones que, aunque no terminen con el trofeo del primer puesto, marcan un antes y un después. Esta … Read More



#ajedrez#AjedrezNacional#AjedrezUruguayo#chess#ClubSolisDePando#DeporteUruguayo#EduardoElena#FUA#MentalidadDeCrecimiento#OlimpiadaDeAjedrez2026#PandoCanelones#TalentoLocal"
https://nau64.com/tag/ajedrezuruguayo/,0,"Etiqueta: #AjedrezUruguayo 




 





Online


Eduardo Elena, el campeón sin corona de Pando: hazaña histórica y clasificación olímpica

 Academia Nau64 5 abril, 2026 


Por Federico Esteve Hay historias que el ajedrez guarda durante décadas y actuaciones que, aunque no terminen con el trofeo del primer puesto, marcan un antes y un después. Esta … Read More



#ajedrez#AjedrezNacional#AjedrezUruguayo#chess#ClubSolisDePando#DeporteUruguayo#EduardoElena#FUA#MentalidadDeCrecimiento#OlimpiadaDeAjedrez2026#PandoCanelones#TalentoLocal"
https://nau64.com/tag/chess/,0,"Etiqueta: #chess 




 





FIDE
Partidas
Torneos
Videos


Diego Moreno arrasa y se consagra Campeón del Open 136

 Academia Nau64 21 agosto, 2026 


El pasado lunes 17 de agosto finalizó el Open 136 de nau64, que consagró a Diego Moreno como campeón absoluto. La quinta y última ronda se disputó con dos ausencias … Read More



#ajedrez#chess#nau64ajedrez#uruguayTorneo Comment on Diego Moreno arrasa y se consagra Campeón del Open 136 






 





Torneos


La Casona vibró con ajedrez y tres campeones de Cerro.

 Academia Nau64 19 agosto, 2026 


El pasado domingo 16 de agosto, la histórica Casona del Municipio CH fue escenario de un vibrante torneo clasificatorio rumbo a la Final de la Liga Uruguaya de Ajedrez por … Read More



#ajedrez#chess#uruguayTorneo Comment on La Casona vibró con ajedrez y tres campeones de Cerro. 






 





Partidas
Sabatino
Torneos


Gian Franco imparable en rápidas, Gustavo se adueña del blitz.

 "
https://nau64.com/tag/chess/,1,"Academia Nau64 19 agosto, 2026 


Este sábado 15 de agosto la Academia Nau64 volvió a vibrar con los tradicionales torneos de Rápidas y Blitz, que reunieron a una gran cantidad de jugadores en un ambiente … Read More



#ajedrez#chess#Nau64#nau64ajedrezTorneo Comment on Gian Franco imparable en rápidas, Gustavo se adueña del blitz. 






 





Online
Partidas
Torneos


Open 136 – Ronda 4 Diego Moreno domina!

 Academia Nau64 19 agosto, 2026 


El pasado lunes 10 de agosto se disputó la cuarta ronda del Torneo Estándar Open 136, marcada por dos ausencias: la de Juan Ignacio Urruty en la mesa 1 y … Read More



#ajedrez#chess#Nau64#nau64ajedrezTorneo Comment on Open 136 – Ronda 4 Diego Moreno domina! 






 





FIDE
Online
Partidas
Torneos


Open 136 – Ronda 3

 Academia Nau64 6 agosto, 2026 


El pasado lunes 3 de agosto se realizó la tercera ronda del Open 136, con la participación de 16 jugadores, distribuidos en ocho partidas. Como es habitual, el evento fue … Read More



#ajedrez#chess#Nau64#nau64ajedrez#uruguayTorneo Comment on Open 136 – Ronda 3 






 





FIDE
Partidas
Sabatino
Torneos
Uruguay


MN Benjamin Martello arrasa en los torneos rapidos y blitz

 Academia Nau64 6 agosto, 2026 


El pasado fin de semana se realizaron los tradicionales torneos de Blitz y Rápidas, como ya es costumbre en nuestra academia. En esta ocasión participaron dos jugadores extranjeros: Félix Isaiah, … Read More



#ajedrez#chess#nau64ajedrez#uruguay Comment on MN Benjamin Martello arrasa en los torneos rapidos y blitz 






 





Academia
FIDE
Online
Partidas
Sabatino
Torneos
Uruguay


MN Federico Canias Campeón del Cumpleañero de Julio

 Academia Nau64 29 julio, 2026 


El pasado sábado 25 de julio se disputó el torneo de rápidas Cumpleañero de Julio, una competencia que no solo reúne a los aficionados al ajedrez en un torneo de … Read More



#ajedrez#chess#Nau64#uruguayTorneo Comment on MN Federico Canias Campeón del Cumpleañero de Julio 






 





Partidas
Sabatino
Torneos
Uruguay


Franco Ugarte y Bruno Escardo, Campeones en los Sabatinos

 Academia Nau64 27 junio, 2026 


Este sábado 20 de Junio, se disputaron los torneos sabatinos de rápidas y blitz. En esta ocasión, no fueron válidos para Elo FIDE, como es tradicional, debido a que se … Read More



#ajedrez#chess#Nau64#uruguayTorneo 






 





Sabatino
Torneos


Alexandro Silva y Charlie Posada ganadores del sabatino

 Academia Nau64 21 junio, 2026 


En una tarde de mucho ajedrez, los mejores jugadores se presentaron en la academia para participar en los torneos sabatinos de Rápidas y Blitz. Los ganadores fueron Alexandro Silva en … Read More



#ajedrez#chess#Nau64#nau64ajedrezTorneo 






 





Sabatino
Torneos


Una Pascuas inolvidable junto al MI Facundo Vázquez

 José Riverol 6 abril, 2026 


🐣 Pascuas a puro ajedrez en Nau64 Festejamos una nueva Pascua en nuestra academia, y qué mejor manera de hacerlo que con un torneo de rápidas. Participaron 26 ajedrecistas y … Read More



#ajedrez#chess#Nau64#nau64ajedrez#uruguayTorneo 




Posts pagination
1
2
…
5
Siguientes"
https://nau64.com/tag/chesspunks/,0,"Etiqueta: #chesspunks 




 





Entrenamiento
Tactica


Reta tu Mente: Ejercicios de Ajedrez .

 Enigmatico 16 enero, 2025 


¡Hola de nuevo! "
https://nau64.com/tag/chesspunks/,1,"Siguiendo la línea del primer artículo Nuevo Año: Hábitos que Transforman tu Juego , que si aún no lo has leído te recomiendo hacerlo, quiero compartir contigo … Read More



#ajedrez#chess#chesspunks#nau64ajedrezEntrenamientoTáctica 1 comentario en Reta tu Mente: Ejercicios de Ajedrez ."
https://nau64.com/tag/clases/,0,"Etiqueta: Clases 




 





Academia
beneficios


¡Iniciando a nuevos ajedrecistas!

 José Riverol 8 mayo, 2024 


Hola a todos! Soy el MF José Riverol fundador de la Academia nau64 chess club y hoy quiero compartir con ustedes mi experiencia como profesor de ajedrez para principiantes.Ha sido … Read More



#ajedrezClases 1 comentario en ¡Iniciando a nuevos ajedrecistas! 






 





FUA
Torneos
Uruguay


Semifinal 2024 – Femenina – Ronda 4

 Enigmatico 18 febrero, 2024 


Esta por concluir la semifinal del ajedrez femenino en nuestro club, mucha lucha en todos los tablero asi como especulación para llegar a la última ronda con chances de clasificar … Read More



#chess#fuajedrez#Nau64#nau64ajedrez#uruguayClasesTorneo 






 





Academia
Clases
Online


Clases de Ajedrez para todos los niveles

 José Riverol 21 febrero, 2023 


Brindamos clases para todos los niveles: principiantes, intermedios, avanzados y para niños. Las clases pueden ser individuales, o grupales, ya sea presenciales, virtuales o híbridas. "
https://nau64.com/tag/clases/,1,"Contamos con un equipo docente … Read More



Clases"
https://nau64.com/tag/clubsolisdepando/,0,"Etiqueta: #ClubSolisDePando 




 





Online


Eduardo Elena, el campeón sin corona de Pando: hazaña histórica y clasificación olímpica

 Academia Nau64 5 abril, 2026 


Por Federico Esteve Hay historias que el ajedrez guarda durante décadas y actuaciones que, aunque no terminen con el trofeo del primer puesto, marcan un antes y un después. Esta … Read More



#ajedrez#AjedrezNacional#AjedrezUruguayo#chess#ClubSolisDePando#DeporteUruguayo#EduardoElena#FUA#MentalidadDeCrecimiento#OlimpiadaDeAjedrez2026#PandoCanelones#TalentoLocal"
https://nau64.com/tag/deporteuruguayo/,0,"Etiqueta: #DeporteUruguayo 




 





Online


Eduardo Elena, el campeón sin corona de Pando: hazaña histórica y clasificación olímpica

 Academia Nau64 5 abril, 2026 


Por Federico Esteve Hay historias que el ajedrez guarda durante décadas y actuaciones que, aunque no terminen con el trofeo del primer puesto, marcan un antes y un después. Esta … Read More



#ajedrez#AjedrezNacional#AjedrezUruguayo#chess#ClubSolisDePando#DeporteUruguayo#EduardoElena#FUA#MentalidadDeCrecimiento#OlimpiadaDeAjedrez2026#PandoCanelones#TalentoLocal"
https://nau64.com/tag/eduardoelena/,0,"Etiqueta: #EduardoElena 




 





Online


Eduardo Elena, el campeón sin corona de Pando: hazaña histórica y clasificación olímpica

 Academia Nau64 5 abril, 2026 


Por Federico Esteve Hay historias que el ajedrez guarda durante décadas y actuaciones que, aunque no terminen con el trofeo del primer puesto, marcan un antes y un después. Esta … Read More



#ajedrez#AjedrezNacional#AjedrezUruguayo#chess#ClubSolisDePando#DeporteUruguayo#EduardoElena#FUA#MentalidadDeCrecimiento#OlimpiadaDeAjedrez2026#PandoCanelones#TalentoLocal"
https://nau64.com/tag/entrenamiento/,0,"Etiqueta: Entrenamiento 




 





Entrenamiento
Tactica


Reta tu Mente: Ejercicios de Ajedrez .

 Enigmatico 16 enero, 2025 


¡Hola de nuevo! "
https://nau64.com/tag/entrenamiento/,1,"Siguiendo la línea del primer artículo Nuevo Año: Hábitos que Transforman tu Juego , que si aún no lo has leído te recomiendo hacerlo, quiero compartir contigo … Read More



#ajedrez#chess#chesspunks#nau64ajedrezEntrenamientoTáctica 1 comentario en Reta tu Mente: Ejercicios de Ajedrez ."
https://nau64.com/tag/fua/,0,"Etiqueta: #FUA 




 





Online


Eduardo Elena, el campeón sin corona de Pando: hazaña histórica y clasificación olímpica

 Academia Nau64 5 abril, 2026 


Por Federico Esteve Hay historias que el ajedrez guarda durante décadas y actuaciones que, aunque no terminen con el trofeo del primer puesto, marcan un antes y un después. Esta … Read More



#ajedrez#AjedrezNacional#AjedrezUruguayo#chess#ClubSolisDePando#DeporteUruguayo#EduardoElena#FUA#MentalidadDeCrecimiento#OlimpiadaDeAjedrez2026#PandoCanelones#TalentoLocal"
https://nau64.com/tag/fuajedrez/,0,"Etiqueta: #fuajedrez 




 





Academia
FIDE
Finales
FUA
Online
Partidas
Torneos
Uruguay
Videos


Culminaron los cuartos de final serie B del Club Cerro

 Bryan Lopez 4 febrero, 2026 


Del 23 al 25 de enero se llevó a cabo los cuartos de final serie B del Club Cerro, se jugó a ritmo standard 60 minutos + 30 segundos de … Read More



#ajedrez#chess#fuajedrez#nau64ajedrezTorneo 






 





FIDE
Finales
FUA
Nau64 en ChessCom
Online
Partidas
Torneos
Uruguay
Videos


Culminaron los cuartos de final serie A del Club Cerro

 Bryan Lopez 3 febrero, 2026 


Del 5 al 19 de enero se llevó a cabo los cuartos de final serie A del Club Cerro, se jugó a ritmo standard 60 minutos + 30 segundos de … Read More



#ajedrez#chess#fuajedrez#nau64ajedrezTorneo 






 





Academia
Sabatino
Torneos


Directivos, maestros y jóvenes talentos dieron vida a un Día del Ajedrecista inolvidable.

 José Riverol 2 diciembre, 2025 


El pasado 29 de noviembre, nuestra Academia volvió a brillar con la celebración del Día del Ajedrecista, una jornada que reunió a jugadores, visitantes y grandes referentes del ajedrez nacional.Entre … Read More



#ajedrez#chess#fuajedrez#Nau64#nau64ajedrezTorneo 






 





Partidas
Torneos
Uruguay


Semifinal 2024 – Femenina – Ronda 5 – Final con todas las partidas.

 "
https://nau64.com/tag/fuajedrez/,1,"Enigmatico 18 febrero, 2024 


Se fue el fin de semana, con mucho ajedrez en la academia muy agradecidos a todos los que de una forma u otra apoyaron y dieron su granito de arena … Read More



#chess#fuajedrez#Nau64#nau64ajedrez#uruguayTácticaTorneo 






 





FUA
Torneos
Uruguay


Semifinal 2024 – Femenina – Ronda 4

 Enigmatico 18 febrero, 2024 


Esta por concluir la semifinal del ajedrez femenino en nuestro club, mucha lucha en todos los tablero asi como especulación para llegar a la última ronda con chances de clasificar … Read More



#chess#fuajedrez#Nau64#nau64ajedrez#uruguayClasesTorneo 






 





FIDE
Tactica
Uruguay


Semifinal 2024 – Femenina – Ronda 3

 Enigmatico 17 febrero, 2024 


Pasamos el ecuador del torneo y solo quedan dos rondas para saber quienes son las finalistas del uruguayo Femenino 2024. Interesantes posiciones se producieron en esta ronda. En esta posición … Read More



#chess#fuajedrez#Nau64#nau64ajedrez#uruguayTáctica 






 





Tactica
Uruguay


Semifinal 2024 – Femenina – Ronda 2

 Enigmatico 17 febrero, 2024 


Sigue desarollándose en las instalaciones del club Nau64 la semifinal 2024 Femenina. El club cuenta con instalaciones únicas en el pais ideal para desarrollar este tipo de torneos. Al estar … Read More



#chess#fuajedrez#Nau64#nau64ajedrez#uruguayTáctica 






 





FIDE
FUA
Online


Semifinal 2024 – Femenina – Ronda 1

 Enigmatico 16 febrero, 2024 


El ajedrez uruguayo comienza su camino para definir su campeona femenina , desde el 16 al 18 de febrero se estara disputando en el club Nau64 (Bv. España 2586, Departamento … Read More



#ajedrez#chess#fuajedrez#Nau64#nau64ajedrez#uruguay"
https://nau64.com/tag/historia-del-ajedrez/,0,"Etiqueta: Historia del ajedrez 




 





Historia
Historias de Ajedrez


La Batalla Infinita: Karpov vs. Kasparov

 José Riverol 12 marzo, 2026 


Cinco meses. "
https://nau64.com/tag/historia-del-ajedrez/,1,"Cuarenta y ocho partidas. Un duelo que aún huele a conspiración.En 1984, el mundo del ajedrez se detuvo ante un enfrentamiento que rozó la tragedia.No fue un simple … Read More



#ajedrez#chessHistoria del ajedrezInternacional 






 





Historia


La Reina del Ajedrez

 José Riverol 14 octubre, 2024 


Judit Polgar no solo es la mejor jugadora de ajedrez de todos los tiempos, sino que rompió todas las barreras que existían para las mujeres en el ajedrez. Desde pequeña, … Read More



#ajedrez#chess#Nau64#nau64ajedrez#uruguayHistoria del ajedrez 






 





Ajedrez y Leyendas
Historia


El mejor de todos.

 José Riverol 6 octubre, 2024 


Las veinte razones principales por las que Bobby Fischer uno de los mejores jugadores de ajedrez de todos los tiempos:



#ajedrez#chess#historiaHistoria del ajedrez 3 comentarios en El mejor de todos. 






 





Historia


Fabiano Caruana

 José Riverol 8 abril, 2024 


Trabajas durante un largo período de tiempo y los resultados realmente no se ven, pero en algún momento todo se junta y comienzas a jugar mejor o a tener más … Read More



Historia del ajedrez 






 





Historia


Mikhail Tal

 José Riverol 5 abril, 2024 


Hay dos tipos de sacrificios: los correctos y los míos. El ajedrez ha tenido muchos campeones mundiales, pero pocos han dejado un legado tan dramático como el propio “Mago de … Read More



#ajedrez#chessHistoria del ajedrez 






 





Historia


Siegbert Tarrasch

 José Riverol 5 febrero, 2024 


El ajedrez, como el amor, como la música, tiene el poder de hacer felices a los hombres. Tarrasch “el maestro de alemania” fue quizás más conocido como teórico que como … Read More



Historia del ajedrez 






 





Historia


Boris Spasski

 José Riverol 1 febrero, 2024 


Creo que el Campeón del Mundo debería intentar defender la calidad del juego más que nadie. Como décimo campeón mundial, el campeón vivo más antiguo y protagonista de algunos de … Read More



Historia del ajedrez 






 





Historia


Ruslán Ponomariov

 José Riverol 31 enero, 2024 


Hasta el más mínimo detalle es importante y, si algo sale mal, tus rivales se abalanzarán sobre ello. Ruslan Ponomariov es un gran maestro nacido en Ucrania; de hecho, el … Read More



Historia del ajedrez 






 





Historia


José Raúl Capablanca

 José Riverol 30 enero, 2024 


En el ajedrez, como lo juega un buen jugador, la lógica y la imaginación deben ir de la mano, compensándose. Capablanca, el tercer campeón mundial, es ampliamente considerado como el … Read More



Historia del ajedrez 






 





Historia


Yasser Seirawan

 José Riverol 29 enero, 2024 


Me gusta roer la base de una cadena de peones, ocupar casillas débiles, mientras que un peón pasado se escapa y anota un touchdown es poesía. Yasser Seirawan, que todavía … Read More



Historia del ajedrez 




Posts pagination
1
2
…
5
Siguientes"
https://nau64.com/tag/historia/,0,"Etiqueta: #historia 




 





Historia


Leyenda danesa

 José Riverol 30 noviembre, 2025 


En esta foto de P. Poulsen vemos al Gran Maestro Bent Larsen (1935-2010) Datos destacados: ✅ 1. El tablero 1 en Belgrado 1970: En el famoso match URSS vs. "
https://nau64.com/tag/historia/,1,"Resto … Read More



#ajedrez#chess#historia 






 





Historia


Boris Spassky

 José Riverol 8 junio, 2025 


Creo que el Campeón del Mundo debería intentar defender la calidad de su juego más que nadie. Como décimo campeón del mundo, el campeón vivo de mayor edad y protagonista … Read More



#ajedrez#chess#historia 






 





Ajedrez y Leyendas
Historia


El mejor de todos.

 José Riverol 6 octubre, 2024 


Las veinte razones principales por las que Bobby Fischer uno de los mejores jugadores de ajedrez de todos los tiempos:



#ajedrez#chess#historiaHistoria del ajedrez 3 comentarios en El mejor de todos."
https://nau64.com/tag/internacional/,0,"Etiqueta: Internacional 




 





Historia
Historias de Ajedrez


La Batalla Infinita: Karpov vs. Kasparov

 José Riverol 12 marzo, 2026 


Cinco meses. Cuarenta y ocho partidas. Un duelo que aún huele a conspiración.En 1984, el mundo del ajedrez se detuvo ante un enfrentamiento que rozó la tragedia.No fue un simple … Read More



#ajedrez#chessHistoria del ajedrezInternacional 






 





Academia
FIDE
Internacional
Partidas
Torneos
Videos


Emanuel Jesus Se llevó el XXI aniversario Open de nau64

 Bryan Lopez 29 diciembre, 2025 


En Nau64, los días 20 y 21 de diciembre se desarrolló el XXI Aniversario de nuestra academia. Este evento constó de tres torneos. Uno de ellos fue el Torneo Aniversario … Read More



#ajedrez#chess#nau64ajedrezInternacionalTorneo 






 





Internacional
Partidas


GM Wei Yi

 José Riverol 6 mayo, 2024 


Aquí hay una partida de ajedrez que Wei Yi jugó en el Tata Steel Masters 2024 contra Jorden van Foreest: Wei Yi (2773) vs. Jorden van Foreest (2686) 1.e4 c5 … Read More



Internacional 






 





Curiosidades
Internacional


Super ajedrecistas.

 "
https://nau64.com/tag/internacional/,1,"José Riverol 18 julio, 2023 


Número de Super Ajedrecistas por Región y País de acuerdo a su ELO FIDE >=2500 en julio 2023. Nótese aún el poderío de la geoesfera ex soviética, que sin embargo … Read More



Internacional 






 





Internacional


Peter Svidler abandona Rusia

 José Riverol 15 noviembre, 2022 


 Peter Svidler fue Campeón de Rusia en ocho ocasiones, y ningún otro jugador en la historia del ajedrez ha ganado tantos campeonatos rusos o soviéticos. En las olimpiadas de ajedrez, … Read More



Internacional"
https://nau64.com/tag/mentalidaddecrecimiento/,0,"Etiqueta: #MentalidadDeCrecimiento 




 





Online


Eduardo Elena, el campeón sin corona de Pando: hazaña histórica y clasificación olímpica

 Academia Nau64 5 abril, 2026 


Por Federico Esteve Hay historias que el ajedrez guarda durante décadas y actuaciones que, aunque no terminen con el trofeo del primer puesto, marcan un antes y un después. Esta … Read More



#ajedrez#AjedrezNacional#AjedrezUruguayo#chess#ClubSolisDePando#DeporteUruguayo#EduardoElena#FUA#MentalidadDeCrecimiento#OlimpiadaDeAjedrez2026#PandoCanelones#TalentoLocal"
https://nau64.com/tag/mundial/,0,"Etiqueta: Mundial 




 





Mundial de Ajedrez
Partidas


Mundial de Ajedrez 2024 (Marcador: Ding 3-3 Gukesh)

 José Riverol 25 noviembre, 2024 


El encuentro del Campeonato Mundial FIDE 2024 es el primero en 138 años que cuenta con dos concursantes de Asia, el actual campeón mundial, el chino Ding Liren y el … Read More



#ajedrez#chessMundial"
https://nau64.com/tag/nau64/,0,"Etiqueta: #Nau64 




 





Partidas
Sabatino
Torneos


Gian Franco imparable en rápidas, Gustavo se adueña del blitz.

 Academia Nau64 19 agosto, 2026 


Este sábado 15 de agosto la Academia Nau64 volvió a vibrar con los tradicionales torneos de Rápidas y Blitz, que reunieron a una gran cantidad de jugadores en un ambiente … Read More



#ajedrez#chess#Nau64#nau64ajedrezTorneo Comment on Gian Franco imparable en rápidas, Gustavo se adueña del blitz. 






 





Online
Partidas
Torneos


Open 136 – Ronda 4 Diego Moreno domina!

 "
https://nau64.com/tag/nau64/,1,"Academia Nau64 19 agosto, 2026 


El pasado lunes 10 de agosto se disputó la cuarta ronda del Torneo Estándar Open 136, marcada por dos ausencias: la de Juan Ignacio Urruty en la mesa 1 y … Read More



#ajedrez#chess#Nau64#nau64ajedrezTorneo Comment on Open 136 – Ronda 4 Diego Moreno domina! 






 





FIDE
Partidas
Sabatino
Torneos


Doble consagración: Rivas Puch gana Rápidas y Blitz.

 Academia Nau64 11 agosto, 2026 


El pasado sábado 8 de agosto nuestra academia fue sede de los tradicionales torneos de Rápidas y Blitz, que reunieron a una gran cantidad de jugadores en un ambiente competitivo … Read More



#ajedrez#Nau64#nau64ajedrez#uruguayTorneo Comment on Doble consagración: Rivas Puch gana Rápidas y Blitz. 






 





FIDE
Online
Partidas
Torneos


Open 136 – Ronda 3

 Academia Nau64 6 agosto, 2026 


El pasado lunes 3 de agosto se realizó la tercera ronda del Open 136, con la participación de 16 jugadores, distribuidos en ocho partidas. Como es habitual, el evento fue … Read More



#ajedrez#chess#Nau64#nau64ajedrez#uruguayTorneo Comment on Open 136 – Ronda 3 






 





Academia
FIDE
Online
Partidas
Sabatino
Torneos
Uruguay


MN Federico Canias Campeón del Cumpleañero de Julio

 Academia Nau64 29 julio, 2026 


El pasado sábado 25 de julio se disputó el torneo de rápidas Cumpleañero de Julio, una competencia que no solo reúne a los aficionados al ajedrez en un torneo de … Read More



#ajedrez#chess#Nau64#uruguayTorneo Comment on MN Federico Canias Campeón del Cumpleañero de Julio 






 





Academia
FUA
Torneos


NAU 64 en el Interclubes de Rápidas y Blitz

 Academia Nau64 7 julio, 2026 


El fin de semana del sábado 20 y domingo 21 de Junio, se disputaron en los salones Rojo y Dorado de la Intendencia de Montevideo los torneos de Rápidas y … Read More



#ajedrez#Nau64#uruguayTorneo 






 





Partidas
Sabatino
Torneos
Uruguay


Franco Ugarte y Bruno Escardo, Campeones en los Sabatinos

 Academia Nau64 27 junio, 2026 


Este sábado 20 de Junio, se disputaron los torneos sabatinos de rápidas y blitz. En esta ocasión, no fueron válidos para Elo FIDE, como es tradicional, debido a que se … Read More



#ajedrez#chess#Nau64#uruguayTorneo 






 





Sabatino
Torneos


Alexandro Silva y Charlie Posada ganadores del sabatino

 Academia Nau64 21 junio, 2026 


En una tarde de mucho ajedrez, los mejores jugadores se presentaron en la academia para participar en los torneos sabatinos de Rápidas y Blitz. Los ganadores fueron Alexandro Silva en … Read More



#ajedrez#chess#Nau64#nau64ajedrezTorneo 






 





Sabatino
Torneos


1° Abierto Rápido Club Español

 José Riverol 15 junio, 2026 


En una tarde propicia para la práctica del deporte ciencia, el Club Español abrió sus puertas para albergar una vez más, y después de mucho tiempo, un torneo de ajedrez … Read More



#ajedrez#Nau64#uruguayTorneo 






 





Sabatino
Torneos


Una Pascuas inolvidable junto al MI Facundo Vázquez

 José Riverol 6 abril, 2026 


🐣 Pascuas a puro ajedrez en Nau64 Festejamos una nueva Pascua en nuestra academia, y qué mejor manera de hacerlo que con un torneo de rápidas. Participaron 26 ajedrecistas y … Read More



#ajedrez#chess#Nau64#nau64ajedrez#uruguayTorneo 




Posts pagination
1
2
3
Siguientes"
https://nau64.com/tag/nau64ajedrez/,0,"Etiqueta: #nau64ajedrez 




 





FIDE
Partidas
Torneos
Videos


Diego Moreno arrasa y se consagra Campeón del Open 136

 Academia Nau64 21 agosto, 2026 


El pasado lunes 17 de agosto finalizó el Open 136 de nau64, que consagró a Diego Moreno como campeón absoluto. La quinta y última ronda se disputó con dos ausencias … Read More



#ajedrez#chess#nau64ajedrez#uruguayTorneo Comment on Diego Moreno arrasa y se consagra Campeón del Open 136 






 





Partidas
Sabatino
Torneos


Gian Franco imparable en rápidas, Gustavo se adueña del blitz.

 Academia Nau64 19 agosto, 2026 


Este sábado 15 de agosto la Academia Nau64 volvió a vibrar con los tradicionales torneos de Rápidas y Blitz, que reunieron a una gran cantidad de jugadores en un ambiente … Read More



#ajedrez#chess#Nau64#nau64ajedrezTorneo Comment on Gian Franco imparable en rápidas, Gustavo se adueña del blitz. 






 





Online
Partidas
Torneos


Open 136 – Ronda 4 Diego Moreno domina!

 "
https://nau64.com/tag/nau64ajedrez/,1,"Academia Nau64 19 agosto, 2026 


El pasado lunes 10 de agosto se disputó la cuarta ronda del Torneo Estándar Open 136, marcada por dos ausencias: la de Juan Ignacio Urruty en la mesa 1 y … Read More



#ajedrez#chess#Nau64#nau64ajedrezTorneo Comment on Open 136 – Ronda 4 Diego Moreno domina! 






 





FIDE
Partidas
Sabatino
Torneos


Doble consagración: Rivas Puch gana Rápidas y Blitz.

 Academia Nau64 11 agosto, 2026 


El pasado sábado 8 de agosto nuestra academia fue sede de los tradicionales torneos de Rápidas y Blitz, que reunieron a una gran cantidad de jugadores en un ambiente competitivo … Read More



#ajedrez#Nau64#nau64ajedrez#uruguayTorneo Comment on Doble consagración: Rivas Puch gana Rápidas y Blitz. 






 





FIDE
Online
Partidas
Torneos


Open 136 – Ronda 3

 Academia Nau64 6 agosto, 2026 


El pasado lunes 3 de agosto se realizó la tercera ronda del Open 136, con la participación de 16 jugadores, distribuidos en ocho partidas. Como es habitual, el evento fue … Read More



#ajedrez#chess#Nau64#nau64ajedrez#uruguayTorneo Comment on Open 136 – Ronda 3 






 





FIDE
Partidas
Sabatino
Torneos
Uruguay


MN Benjamin Martello arrasa en los torneos rapidos y blitz

 Academia Nau64 6 agosto, 2026 


El pasado fin de semana se realizaron los tradicionales torneos de Blitz y Rápidas, como ya es costumbre en nuestra academia. En esta ocasión participaron dos jugadores extranjeros: Félix Isaiah, … Read More



#ajedrez#chess#nau64ajedrez#uruguay Comment on MN Benjamin Martello arrasa en los torneos rapidos y blitz 






 





FIDE
Online
Partidas
Torneos


Open 136: Ronda 2

 Academia Nau64 29 julio, 2026 


El pasado lunes 27 de julio se disputó la segunda ronda del Open 136, en la que se jugaron ocho partidas. La jornada dejó varios resultados sorprendentes, ya fuera por … Read More



#ajedrez#nau64ajedrez#uruguayTorneo Comment on Open 136: Ronda 2 






 





Academia
FIDE
Partidas
Torneos
Uruguay


Open 136: Ronda 1

 Academia Nau64 27 julio, 2026 


El pasado lunes 20 de julio dio comienzo el Open 136, un torneo suizo a cinco rondas, en modalidad estándar, con un ritmo de juego de 60 minutos por jugador … Read More



#ajedrez#nau64ajedrez#uruguay Comment on Open 136: Ronda 1 






 





FIDE
Partidas
Sabatino
Torneos
Uruguay


Sorpresa: Miguel Pinto y Daniel Kaciusis Campeones

 Academia Nau64 15 julio, 2026 


El sábado 11 de julio se disputaron, como ya es tradición, los torneos de Rápidas y Blitz en Nuestra Academia ambos eventos fueron validos para el ELO FIDE, con la … Read More



#nau64ajedrez#uruguayTorneo 






 





Academia
FIDE
Partidas
Torneos
Uruguay


II Amateur Sub 1600 de NAU 64

 Academia Nau64 12 julio, 2026 


Este jueves 2 de julio finalizó el Segundo Torneo de Rápidas Sub-1600. La competencia se disputó a razón de una ronda por jueves, con un ritmo de juego de 20 … Read More



#ajedrez#nau64ajedrez#uruguayTorneo 




Posts pagination
1
2
…
4
Siguientes"
https://nau64.com/tag/olimpiadadeajedrez2026/,0,"Etiqueta: #OlimpiadaDeAjedrez2026 




 





Online


Eduardo Elena, el campeón sin corona de Pando: hazaña histórica y clasificación olímpica

 Academia Nau64 5 abril, 2026 


Por Federico Esteve Hay historias que el ajedrez guarda durante décadas y actuaciones que, aunque no terminen con el trofeo del primer puesto, marcan un antes y un después. Esta … Read More



#ajedrez#AjedrezNacional#AjedrezUruguayo#chess#ClubSolisDePando#DeporteUruguayo#EduardoElena#FUA#MentalidadDeCrecimiento#OlimpiadaDeAjedrez2026#PandoCanelones#TalentoLocal"
https://nau64.com/tag/pandocanelones/,0,"Etiqueta: #PandoCanelones 




 





Online


Eduardo Elena, el campeón sin corona de Pando: hazaña histórica y clasificación olímpica

 Academia Nau64 5 abril, 2026 


Por Federico Esteve Hay historias que el ajedrez guarda durante décadas y actuaciones que, aunque no terminen con el trofeo del primer puesto, marcan un antes y un después. Esta … Read More



#ajedrez#AjedrezNacional#AjedrezUruguayo#chess#ClubSolisDePando#DeporteUruguayo#EduardoElena#FUA#MentalidadDeCrecimiento#OlimpiadaDeAjedrez2026#PandoCanelones#TalentoLocal"
https://nau64.com/tag/tactica/,0,"Etiqueta: Táctica 




 





Entrenamiento
Tactica


Reta tu Mente: Ejercicios de Ajedrez .

 Enigmatico 16 enero, 2025 


¡Hola de nuevo! Siguiendo la línea del primer artículo Nuevo Año: Hábitos que Transforman tu Juego , que si aún no lo has leído te recomiendo hacerlo, quiero compartir contigo … Read More



#ajedrez#chess#chesspunks#nau64ajedrezEntrenamientoTáctica 1 comentario en Reta tu Mente: Ejercicios de Ajedrez . 






 





Online


Nuevo Año: Hábitos que Transforman tu Juego

 Enigmatico 1 enero, 2025 


Nuevo Año, Nuevos Hábitos: Mejora tu Ajedrez desde Hoy



#ajedrez#chess#nau64ajedrez#uruguayTáctica 






 





Partidas
Torneos
Uruguay


Semifinal 2024 – Femenina – Ronda 5 – Final con todas las partidas.

 Enigmatico 18 febrero, 2024 


Se fue el fin de semana, con mucho ajedrez en la academia muy agradecidos a todos los que de una forma u otra apoyaron y dieron su granito de arena … Read More



#chess#fuajedrez#Nau64#nau64ajedrez#uruguayTácticaTorneo 






 





FIDE
Tactica
Uruguay


Semifinal 2024 – Femenina – Ronda 3

 Enigmatico 17 febrero, 2024 


Pasamos el ecuador del torneo y solo quedan dos rondas para saber quienes son las finalistas del uruguayo Femenino 2024. Interesantes posiciones se producieron en esta ronda. En esta posición … Read More



#chess#fuajedrez#Nau64#nau64ajedrez#uruguayTáctica 






 





Tactica
Uruguay


Semifinal 2024 – Femenina – Ronda 2

 Enigmatico 17 febrero, 2024 


Sigue desarollándose en las instalaciones del club Nau64 la semifinal 2024 Femenina. El club cuenta con instalaciones únicas en el pais ideal para desarrollar este tipo de torneos. Al estar … Read More



#chess#fuajedrez#Nau64#nau64ajedrez#uruguayTáctica 






 





Tactica


Test para talentos.

 "
https://nau64.com/tag/tactica/,1,"José Riverol 15 noviembre, 2022 


Esta posición constituye un test para talentos, que según cuenta la leyenda solían realizar eminentes entrenadores en la antigua Unión Soviética, y que debería resultarle fácil. Su poderosa dama tiene … Read More



Táctica 






 





Tactica


Juega como Alekhine

 José Riverol 15 septiembre, 2022 





Táctica 






 





Tactica


Mate en 7

 José Riverol 1 septiembre, 2022 





Táctica 






 





Tactica


Peones coordinados.

 José Riverol 31 agosto, 2022 





Táctica 






 





Tactica


Mate en 4

 José Riverol 30 agosto, 2022 





Táctica 4 comentarios en Mate en 4"
https://nau64.com/tag/talentolocal/,0,"Etiqueta: #TalentoLocal 




 





Online


Eduardo Elena, el campeón sin corona de Pando: hazaña histórica y clasificación olímpica

 Academia Nau64 5 abril, 2026 


Por Federico Esteve Hay historias que el ajedrez guarda durante décadas y actuaciones que, aunque no terminen con el trofeo del primer puesto, marcan un antes y un después. Esta … Read More



#ajedrez#AjedrezNacional#AjedrezUruguayo#chess#ClubSolisDePando#DeporteUruguayo#EduardoElena#FUA#MentalidadDeCrecimiento#OlimpiadaDeAjedrez2026#PandoCanelones#TalentoLocal"
https://nau64.com/tag/torneo/,0,"Etiqueta: Torneo 




 





FIDE
Partidas
Torneos
Videos


Diego Moreno arrasa y se consagra Campeón del Open 136

 Academia Nau64 21 agosto, 2026 


El pasado lunes 17 de agosto finalizó el Open 136 de nau64, que consagró a Diego Moreno como campeón absoluto. La quinta y última ronda se disputó con dos ausencias … Read More



#ajedrez#chess#nau64ajedrez#uruguayTorneo Comment on Diego Moreno arrasa y se consagra Campeón del Open 136 






 





Torneos


La Casona vibró con ajedrez y tres campeones de Cerro.

 Academia Nau64 19 agosto, 2026 


El pasado domingo 16 de agosto, la histórica Casona del Municipio CH fue escenario de un vibrante torneo clasificatorio rumbo a la Final de la Liga Uruguaya de Ajedrez por … Read More



#ajedrez#chess#uruguayTorneo Comment on La Casona vibró con ajedrez y tres campeones de Cerro. 






 





Partidas
Sabatino
Torneos


Gian Franco imparable en rápidas, Gustavo se adueña del blitz.

 "
https://nau64.com/tag/torneo/,1,"Academia Nau64 19 agosto, 2026 


Este sábado 15 de agosto la Academia Nau64 volvió a vibrar con los tradicionales torneos de Rápidas y Blitz, que reunieron a una gran cantidad de jugadores en un ambiente … Read More



#ajedrez#chess#Nau64#nau64ajedrezTorneo Comment on Gian Franco imparable en rápidas, Gustavo se adueña del blitz. 






 





Online
Partidas
Torneos


Open 136 – Ronda 4 Diego Moreno domina!

 Academia Nau64 19 agosto, 2026 


El pasado lunes 10 de agosto se disputó la cuarta ronda del Torneo Estándar Open 136, marcada por dos ausencias: la de Juan Ignacio Urruty en la mesa 1 y … Read More



#ajedrez#chess#Nau64#nau64ajedrezTorneo Comment on Open 136 – Ronda 4 Diego Moreno domina! 






 





FIDE
Partidas
Sabatino
Torneos


Doble consagración: Rivas Puch gana Rápidas y Blitz.

 Academia Nau64 11 agosto, 2026 


El pasado sábado 8 de agosto nuestra academia fue sede de los tradicionales torneos de Rápidas y Blitz, que reunieron a una gran cantidad de jugadores en un ambiente competitivo … Read More



#ajedrez#Nau64#nau64ajedrez#uruguayTorneo Comment on Doble consagración: Rivas Puch gana Rápidas y Blitz. 






 





FIDE
Online
Partidas
Torneos


Open 136 – Ronda 3

 Academia Nau64 6 agosto, 2026 


El pasado lunes 3 de agosto se realizó la tercera ronda del Open 136, con la participación de 16 jugadores, distribuidos en ocho partidas. Como es habitual, el evento fue … Read More



#ajedrez#chess#Nau64#nau64ajedrez#uruguayTorneo Comment on Open 136 – Ronda 3 






 





FIDE
Online
Partidas
Torneos


Open 136: Ronda 2

 Academia Nau64 29 julio, 2026 


El pasado lunes 27 de julio se disputó la segunda ronda del Open 136, en la que se jugaron ocho partidas. La jornada dejó varios resultados sorprendentes, ya fuera por … Read More



#ajedrez#nau64ajedrez#uruguayTorneo Comment on Open 136: Ronda 2 






 





Academia
FIDE
Online
Partidas
Sabatino
Torneos
Uruguay


MN Federico Canias Campeón del Cumpleañero de Julio

 Academia Nau64 29 julio, 2026 


El pasado sábado 25 de julio se disputó el torneo de rápidas Cumpleañero de Julio, una competencia que no solo reúne a los aficionados al ajedrez en un torneo de … Read More



#ajedrez#chess#Nau64#uruguayTorneo Comment on MN Federico Canias Campeón del Cumpleañero de Julio 






 





FIDE
Partidas
Sabatino
Torneos
Uruguay


Sorpresa: Miguel Pinto y Daniel Kaciusis Campeones

 Academia Nau64 15 julio, 2026 


El sábado 11 de julio se disputaron, como ya es tradición, los torneos de Rápidas y Blitz en Nuestra Academia ambos eventos fueron validos para el ELO FIDE, con la … Read More



#nau64ajedrez#uruguayTorneo 






 





Academia
FIDE
Partidas
Torneos
Uruguay


II Amateur Sub 1600 de NAU 64

 Academia Nau64 12 julio, 2026 


Este jueves 2 de julio finalizó el Segundo Torneo de Rápidas Sub-1600. La competencia se disputó a razón de una ronda por jueves, con un ritmo de juego de 20 … Read More



#ajedrez#nau64ajedrez#uruguayTorneo 




Posts pagination
1
2
…
4
Siguientes"
https://nau64.com/tag/uruguay/,0,"Etiqueta: #uruguay 




 





FIDE
Partidas
Torneos
Videos


Diego Moreno arrasa y se consagra Campeón del Open 136

 Academia Nau64 21 agosto, 2026 


El pasado lunes 17 de agosto finalizó el Open 136 de nau64, que consagró a Diego Moreno como campeón absoluto. La quinta y última ronda se disputó con dos ausencias … Read More



#ajedrez#chess#nau64ajedrez#uruguayTorneo Comment on Diego Moreno arrasa y se consagra Campeón del Open 136 






 





Torneos


La Casona vibró con ajedrez y tres campeones de Cerro.

 Academia Nau64 19 agosto, 2026 


El pasado domingo 16 de agosto, la histórica Casona del Municipio CH fue escenario de un vibrante torneo clasificatorio rumbo a la Final de la Liga Uruguaya de Ajedrez por … Read More



#ajedrez#chess#uruguayTorneo Comment on La Casona vibró con ajedrez y tres campeones de Cerro. 






 





FIDE
Partidas
Sabatino
Torneos


Doble consagración: Rivas Puch gana Rápidas y Blitz.

 Academia Nau64 11 agosto, 2026 


El pasado sábado 8 de agosto nuestra academia fue sede de los tradicionales torneos de Rápidas y Blitz, que reunieron a una gran cantidad de jugadores en un ambiente competitivo … Read More



#ajedrez#Nau64#nau64ajedrez#uruguayTorneo Comment on Doble consagración: Rivas Puch gana Rápidas y Blitz. 






 





FIDE
Online
Partidas
Torneos


Open 136 – Ronda 3

 Academia Nau64 6 agosto, 2026 


El pasado lunes 3 de agosto se realizó la tercera ronda del Open 136, con la participación de 16 jugadores, distribuidos en ocho partidas. "
https://nau64.com/tag/uruguay/,1,"Como es habitual, el evento fue … Read More



#ajedrez#chess#Nau64#nau64ajedrez#uruguayTorneo Comment on Open 136 – Ronda 3 






 





FIDE
Partidas
Sabatino
Torneos
Uruguay


MN Benjamin Martello arrasa en los torneos rapidos y blitz

 Academia Nau64 6 agosto, 2026 


El pasado fin de semana se realizaron los tradicionales torneos de Blitz y Rápidas, como ya es costumbre en nuestra academia. En esta ocasión participaron dos jugadores extranjeros: Félix Isaiah, … Read More



#ajedrez#chess#nau64ajedrez#uruguay Comment on MN Benjamin Martello arrasa en los torneos rapidos y blitz 






 





FIDE
Online
Partidas
Torneos


Open 136: Ronda 2

 Academia Nau64 29 julio, 2026 


El pasado lunes 27 de julio se disputó la segunda ronda del Open 136, en la que se jugaron ocho partidas. La jornada dejó varios resultados sorprendentes, ya fuera por … Read More



#ajedrez#nau64ajedrez#uruguayTorneo Comment on Open 136: Ronda 2 






 





Academia
FIDE
Online
Partidas
Sabatino
Torneos
Uruguay


MN Federico Canias Campeón del Cumpleañero de Julio

 Academia Nau64 29 julio, 2026 


El pasado sábado 25 de julio se disputó el torneo de rápidas Cumpleañero de Julio, una competencia que no solo reúne a los aficionados al ajedrez en un torneo de … Read More



#ajedrez#chess#Nau64#uruguayTorneo Comment on MN Federico Canias Campeón del Cumpleañero de Julio 






 





Academia
FIDE
Partidas
Torneos
Uruguay


Open 136: Ronda 1

 Academia Nau64 27 julio, 2026 


El pasado lunes 20 de julio dio comienzo el Open 136, un torneo suizo a cinco rondas, en modalidad estándar, con un ritmo de juego de 60 minutos por jugador … Read More



#ajedrez#nau64ajedrez#uruguay Comment on Open 136: Ronda 1 






 





FIDE
Partidas
Sabatino
Torneos
Uruguay


Sorpresa: Miguel Pinto y Daniel Kaciusis Campeones

 Academia Nau64 15 julio, 2026 


El sábado 11 de julio se disputaron, como ya es tradición, los torneos de Rápidas y Blitz en Nuestra Academia ambos eventos fueron validos para el ELO FIDE, con la … Read More



#nau64ajedrez#uruguayTorneo 






 





Academia
FIDE
Partidas
Torneos
Uruguay


II Amateur Sub 1600 de NAU 64

 Academia Nau64 12 julio, 2026 


Este jueves 2 de julio finalizó el Segundo Torneo de Rápidas Sub-1600. La competencia se disputó a razón de una ronda por jueves, con un ritmo de juego de 20 … Read More



#ajedrez#nau64ajedrez#uruguayTorneo 




Posts pagination
1
2
3
Siguientes"
https://nau64.com/tarde_nau64_v/,0,"Torneos


V Torneo de las Tardes (valido elo FIDE)

 José Riverol 24 febrero, 2025 


Este próximo miércoles comienza la 5ta edición de este evento de nuestra academia. "
https://nau64.com/tarde_nau64_v/,1,"Dejamos la info:
Miércoles a la Tarde Torneo Rápido valido elo FIDE – 26 febrero 2025Suizo 5 ronda – Ritmo 30+10 – 15:30 hs. Ronda 1 Miércoles 26 febrero 15:30 hRonda 2 Miércoles 5 marzo 15:30 h Ronda 3 Miércoles 12 marzo  15:30 hRonda 4 Miércoles 19 marzo 15:30 hRonda 5 Miércoles 26 marzo 15:30 h
Se puede pedir bye o no ser emparejados hasta la ronda 4.Inscripciones al 099 556 123 MF Jose RiverolSocios GRATIS – No Socios $400
Enlace ChessResult: 
Arbitro: FA Jose Riverol 3000427Lugar: nau64 chess club (Bv España 2586 / Montevideo Uruguay)

Nos podrán seguir en nuestras Redes Sociales:Youtube – Twitch – Instagram – Facebook – X Twitter – TikTokPodes sumarte a nuestro canal de WhatsappClub nau64 en ChessCom








Navegación de entradas
Sabatino FIDE 15 enero: Julio Zaruski CampeónLa Intuición"
https://nau64.com/todo-o-nada/,0,"Olimpiada


Todo o Nada: La Ronda Final con Esperanza Celeste en Budapest

 José Riverol 21 septiembre, 2024 


Estamos llegando a la final de la Olimpiada. Muchos sueños se gestaron antes del evento, mientras que otros, más experimentados, llegaron con realidades diferentes. "
https://nau64.com/todo-o-nada/,1,"Sin embargo, lo que nadie puede quitar es lo aprendido y lo hermoso que es vivir un evento de esta magnitud. Comencemos con lo sucedido en la Ronda 10 con los equipos de Uruguay “Abierto” y “Femenino”.





El GM Georg Meier jugó una gran partida desde el inicio, manteniendo con piezas negras una ligera iniciativa que luego se transformó en ventaja de peón. El conductor de las piezas blancas, en su afán de recuperar el material perdido, permitió un remate digno de ver. Lo dejo en el siguiente diagrama
Jugada 29 de las negras: ¿Con qué movimiento consiguen ganar?

En el tablero dos, conducido por el GM Andrés Rodríguez con piezas blancas, se libró una batalla al puro estilo “Andrés”. Sorprendió a todos jugando un Gambito Morra y, en la jugada 11, realizó un sacrificio de pieza que dejó a las negras al borde del colapso (ver diagrama).
Van 16 jugadas y parece que hay un solo jugador en el Tablero.
Lamentablemente Andrés estuvo con muchas buenas posibilidades pero el abanico de jugadas era tan Lamentablemente, Andrés tuvo muchas buenas posibilidades, pero el abanico de jugadas era tan extenso y seductor que no logró encontrar el puerto deseado. Al final, tras una larga maratón en el final, el resultado fue tablas.

El MI Bernardo Roselli, con piezas negras, también tuvo un difícil rival. Al inicio, las blancas, como es natural, tenían una leve ventaja. Alrededor de la jugada 30, el juego comenzó a enredarse y, en el cálculo, las negras fueron más precisas. Tras un par de errores de las blancas, las negras emergieron con un final muy ventajoso. Como es tradicional, Bernardo lo maniobró a su favor y sus caballos realizaron una danza que obligó a su rival a abandonar.
31…Dg1+! 32.Tf2 Ch3 y las blancas abandonan.

Al final, en el tablero 4, el MI Claudio Coppola, con piezas blancas, jugó una Apertura Catalana. En un momento, perdió el rumbo y las negras comenzaron a quedar superiores, con un fuerte ataque contra el rey blanco. Por fortuna para Uruguay, en apuros de tiempo, comenzó la famosa “montaña rusa” y Claudio aprovechó para ganar material decisivo que lo llevó a la victoria. 
Luego de 35.Ce4! las blancas pasan al frente.
Resumiendo, un gran resultado para Uruguay. Quizás, en palabras de su capitán, el MI Daniel Rivera, un poco abultado, pero bien merecido por lo visto en los tableros. La última ronda será contra Suiza, preclasificada en el puesto 38 y que juega con cuatro GM de más de 2500 de Elo cada uno. Difícil, pero no imposible.

Las partidas de Uruguay en la Ronda 10

Así es la formación celeste del Torneo Abierto para la última ronda.

 

Equipo Uruguayo Femenino. No fue una buena actuación del equipo femenino. A priori, los rivales eran superiores en los números, pero no se esperaba una derrota tan abultada. Sin embargo, los errores se pagan caro en estos torneos. La ronda 11 será crucial para determinar si el equipo queda bien posicionado en relación con lo esperado según el ranking inicial. 






Emparejamientos Ronda 11

Estaremos comentando en detalle las actuaciones de nuestros jugadores y nuestras jugadoras a lo largo del evento.Nos podrán seguir en nuestras Redes Sociales:Youtube – Twitch – Instagram – Facebook – X Twitter – TikTokPodes sumarte a nuestro canal de Whatsapp








Navegación de entradas
45ª Olimpiada de Ajedrez: India Arrasa en el Torneo Abierto; Expectativa en la Competición FemeninaIndia triunfa en la 45ª Olimpiada de Ajedrez, ganando tanto la sección abierta como la femenina."
https://nau64.com/torneo-1-100/,0,"Academia
Nau64 en ChessCom
Partidas
Torneos
Uruguay
Videos


Fiesta de ajedrez en Nau64: Torneo para No Rankeados y Sub-1600

 José Riverol 26 febrero, 2026 


Del 13 al 15 de febrero, nuestra academia Nau64 Chess Club se vistió de gala para recibir el primer Torneo destinado a jugadores No Rankeados y Sub-1600 de Elo. Fueron 29 participantes, de los cuales 14 debutaban sin Elo, en un verdadero encuentro intergeneracional donde se mezclaron la experiencia de jugadores curtidos con la frescura de pequeños que recién comienzan a descubrir este apasionante deporte. "
https://nau64.com/torneo-1-100/,1,"La edad no importó: todos jugaron de igual a igual, compartiendo la misma pasión por el tablero.

El evento se disputó bajo el sistema suizo a 5 rondas, con un ritmo de 25+10, y nos regaló partidas intensas y llenas de emoción. El gran protagonista fue Santiago Dellapiazza, quien con autoridad se consagró campeón con puntaje perfecto (5/5). Su triunfo le valió un hermoso trofeo y un mes gratuito de la Academia FULL, que incluye clases, torneos y acceso a nuestra plataforma.



🏅 Premios y destacados

2º puesto: Jorge Rodríguez (4 pts), quien recibió una medalla recordatoria y un exclusivo Juego Ultra Pesado de Nau64 con tablero reforzado.
3º puesto: Sofía Caballero (3½ pts), premiada con un mes de Ajedrez Libre, que le permitirá disfrutar de los Torneos Sabatinos y Blitz.
4º puesto: Santiago Quintana, representante de Nicaragua, que dejó su huella en el torneo.
5º puesto: La juvenil Lara Escaris, quien se llevó la medalla y un reconocimiento especial por su doble mérito.
Mejor Sub-14: Leandro Lozano, demostrando que el futuro del ajedrez ya está en marcha.
Mejor No Rankeado: Miguel Bonsanto, en su primer torneo oficial, celebró con un premio que marca el inicio de su camino competitivo. 




Como siempre, el evento fue transmitido en vivo por nuestros canales de YouTube y Twitch, permitiendo que toda la comunidad disfrutara de esta verdadera fiesta del ajedrez.

📸♟️ Aquí podrán encontrar las fotos y revivir las partidas del torneo, para volver a sentir cada jugada y cada emoción de esta gran fiesta ajedrecística.














#ajedrez#chess#Nau64#nau64ajedrez#uruguay 




Navegación de entradas
Fernández imparable: campeón con puntaje perfecto en el Sabatino Rápido.Sábados a Todo Ajedrez"
https://nau64.com/torneo-271/,0,"Sabatino
Torneos


Frank y Federico brillan en el Rápido y Blitz Sabatino.

 José Riverol 26 marzo, 2026 


Torneos jugados el sábado 21 de marzo en nuestra academia, Frank Machado ganador del Torneo Rápido con puntaje ideal y Federico Canias por sistema en el Torneo Blitz. Ambos torneos válidos para el elo FIDE.Màs Fotos en: https://www.instagram.com/nau64ajedrez
Campeón Frank Machado, Mejor Femenino: Lara Escaris y Kevin Avila Mejor no Rankeado.

Tabla posiciones Rápido:

Video Ronda 1



Video Ronda 2: 




Video Ronda 3



Video Ronda 4:



Video Ronda 5




Posiciones Blitz:
2º Bejamin Martello, Campeon Federico Canias y 3º Ari Fainerman.

"
https://nau64.com/torneo-271/,1,"A continuación dos Partidas del ganador.














Navegación de entradas
La Batalla Infinita: Karpov vs. KasparovNicolás Kulik arrasa en el sabatino de la Academia"
https://nau64.com/torneo-standard-viernes-lxix-el-original/,0,"FIDE
Partidas
Torneos


Torneo Standard Viernes LXIX El Original

 Academia Nau64 23 junio, 2026 






En la jornada del viernes 19 de junio de 2026 se jugó la última ronda del clásico Torneo de los Viernes. Se trató de un torneo suizo a 5 rondas, en modalidad Standard 60’+30, en el que, cada viernes, los jugadores se reunieron para disputar ronda a ronda la posibilidad de salir campeones, mejorar su juego y/o competir de la mejor forma.
"
https://nau64.com/torneo-standard-viernes-lxix-el-original/,1,"La última ronda se presentó con posibilidades para varios jugadores de ingresar a los puestos del podio y también con premios en disputa, donde un solo resultado podía cambiarlo todo.

El campeón, con un perfecto 5 de 5, fue MN Benjamin Martello, quien se destacó por su gran nivel de juego sobre el resto de los participantes. El segundo lugar, tras una muy buena actuación, fue para Diego Martínez Martínez, quien logró 3,5 puntos en 5 rondas. El tercer puesto, completando el podio con la misma puntuación de 3,5 en 5, fue para Charlie Posada.

Cabe destacar también a los ocupantes del cuarto y quinto puesto, quienes igualaron con 3,5 puntos en 5 rondas: Emiliano Baptista y Alexandro Silva, respectivamente. Ambos obtuvieron premios. En el caso de Emiliano Baptista, logró el premio al Mejor Sub 1600, mientras que Alexandro Silva obtuvo el premio al Mejor Jugador de la Academia.

Otras distinciones destacadas fueron para Lara Escaris, quien se alzó con el Premio Femenino; para Rodrigo Porteiro, reconocido como Mejor Sub‑1800; y para el nuevo compañero Guillermo Reynoso, quien brilló como mejor jugador No Rankeado.



Más que una mención, corresponde una distinción especial para un compañero y amigo de la Academia: el MN Benjamin Martello, quien obtuvo hace pocos días el título de Maestro Nacional. Felicitaciones para él y desearle el mayor de los éxitos en esta nueva etapa de su carrera ajedrecística.


Aquí dejamos la tabla de posiciones, junto con los videos de cada partida para revivir los momentos más emocionantes, además de las fotos disponibles en nuestras redes de Facebook e Instagram.El evento fue transmitido, como siempre, en nuestros canales de YouTube y Twitch.Club Online: https://www.chess.com/club/nau64?ref_id=4411389Seguí toda la acción en vivo con los Comentarios del MF Jose Riverol y su quipo de prmera!:YouTube: https://www.youtube.com/@nau64Twitch: https://www.twitch.tv/nau64ajedrez¿Querés estar al tanto de todo?Unite a nuestro canal de WhatsApp:whatsapp.com/channel/0029VaAf3s565yDBpnBdJg42



Ronda 1



Mesa 1


Mesa2


Ronda 2



Mesa 1


Mesa 2


Ronda 3



Mesa 1


Mesa 2


Ronda 4



Mesa 1


Mesa 2


Ronda 5



Mesa 1


Mesa 2


Nos reencontramos el próximo sábado 27 de junio a las 16hrs con más torneos rápidos y blitz con validez para elo FIDE.










Navegación de entradas
Alexandro Silva y Charlie Posada ganadores del sabatinoOpen 136 el 20 de julio Torneo Pensado (FIDE)"
https://nau64.com/torneo-xx-aniversario-de-nau64-14-y-15-de-diciembre/,0,"Online


Torneo XX Aniversario de nau64 -14 y 15 de diciembren (cupos cubiertos)

 Victoria Galatro 17 noviembre, 2024 


Suizo 6 rondas – Ritmo de juego 30+20Valido ELO FIDE RapidoR1 Sábado 14 diciembre: 16:00 hs.R2 Sábado 14 diciembre: 18:00 hs.R3 Sábado 14 diciembre: 20:00 hs.R4 Domingo 15 diciembre: 10:00 hs.R5 Domingo 15 diciembre: 12:00 hs.R6 Domingo 15 diciembre: 14:00 hs.Cupos limitados! Lista de Participantes (completados)
Transmisión en vivo en nuestros canales de Twitch y YoutubeInscripciones: Socios, alumnos y Becados $300 – No Socios $ 600.
"
https://nau64.com/torneo-xx-aniversario-de-nau64-14-y-15-de-diciembre/,1,"Premios:
Primer Premio: Trofeo y $4000Segundo Premio: Trofeo y $2500Tercer Premio: Trofeo y $1500Sub-2000: Medalla y $1000Primer Puesto Femenino: Trofeo y $1000Mejor Jugador de la Academia: TrofeoSegundo y Tercer Puesto Femenino: Medalla Sub-1600: MedallaSub-18 y Sub-14: Medalla
Medios de pago:
BROU: 00041748200002 caja de ahorro en pesos a nombre de Jose Riverol
Santander:Transferencias dentro de Santander: Cuenta: 1201640616 Moneda: UYU Sucursal: 73 – ArocenaTransferencias desde otros bancos: Cuenta: 0073001201640616 Moneda: UYU
Cuenta Prex: 1211475 Jose Riverol
Enviar comprobante al whatsapp: 099 556 123.








Navegación de entradas
¡PARTICIPA Y GANA CON EL MATCH NAKLE-COMAS!Mundial de Ajedrez 2024 (Marcador: Ding 3-3 Gukesh)"
https://nau64.com/torneodeviernes/,0,"Torneos


22 de mayo comienza el 69 Torneo de los Viernes.

 José Riverol 10 mayo, 2026 


Será un sistema suizo a 5 rondas valido para el elo FIDE con un ritmo de juego de 60 min + 30 seg.de incremento.Tendremos trasmisión con Tableros DGT en nuestros canales de Twitch y Youtube
Lista de Participantes entrando aquí.Los emparejamientos se pueden realizar entre el martes de noche y el miércoles al mediodía. 





Torneo en la academia NAU64


Sistema Suizo 5 rondas.Fechas. 22 y 29 de mayo, y 5, 12 y 26 junio. Hora de inicio 20:00Solicitud de bye: Se pueden acceder a 2 pedidos de no emparejamiento con ½ de cada uno, son validos de la ronda 1 a 3. En caso de así quererlo el jugador puede pedir no ser emparejado en cualquier ronda con 0 pts.Los Bye se solicitan antes de finalizar la ronda en juego y en forma escrita, o por Whatsapp, con confirmacion del Arbitro.Ritmo de juego 60+30.Tolerancia de espera 30 minutos.Inscripciones generales $ 1000. Socios y estudiantes de la academia $ 500.+Info al WhatsApp 092 321 600 – nau64ajedrez@gmail.com
Consultas por Whatsapp  

Pagos de las Inscripciones:
Santander:Transferencias dentro de Santander: Cuenta: 1201640616 Moneda: UYU Sucursal: 73 – ArocenaTransferencias desde otros bancos: Cuenta: 0073001201640616 Moneda: UYUCuenta Prex: 1211475 Jose Riverol
Realizado el pago enviar foto de comprobante al Whatsapp 092 321 600.








Navegación de entradas
Joyita de Victor el terrible!La vuelta triunfal de Leonel Recine!



			2 thoughts on “22 de mayo comienza el 69 Torneo de los Viernes.”		





 Christopher Allán Román Parra dice: 

7 abril, 2024 a las 08:33 


Me gustaría participar pero antes necesito saber los horarios. Gracias







 José Riverol dice: 

7 abril, 2024 a las 09:49 


Hola. "
https://nau64.com/torneodeviernes/,1,"Al inico aclara que inicia a las 20:15 hs. Saludos 






Comments are closed."
https://nau64.com/torneos/,0,"Featured





Torneos


Calendario 2026

 José Riverol 11 julio, 2023 


Dejamos a continuación el calendario de la Academia para Torneos de Ajedrez del 2026Dirección Bv. España 2586.Por informes e inscripciones Whatsapp 099 556 123 MF José Riverol.
"
https://nau64.com/torneos/,1,"Torneo Rápido de Sábados Mayo 2026.06/06/2026: Sabatino de nau64 – Suizo 5 rondas – 10+5 – Inicio 16:00 hs. ELO FIDE13/06/2026: Sabatino de nau64 – Suizo 5 rondas – 10+5 – Inicio 16:00 hs. ELO FIDE 20/06/2026: Sabatino de nau64 – Suizo 5 rondas – 10+5 – Inicio 16:00 hs. ELO FIDE27/06/2026: Sabatino de nau64 – Suizo 5 rondas – 10+5 – Inicio 16:00 hs. ELO FIDE (Cumpleañero)Inscripciones: Socios y Pase Libre Gratis – No Socios $500Torneo Blitz elo FIDEde Sábados luego del Rápido 20:00 horas aproximadamente.Inscripciones: Socios GRATIS – No Socios $300 (jugando el rápido es GRATIS)
Torneo Rápido de Sábados Julio 2026.04/07/2026: Sabatino de nau64 – Suizo 5 rondas – 10+5 – Inicio 16:00 hs. ELO FIDE11/07/2026: Sabatino de nau64 – Suizo 5 rondas – 10+5 – Inicio 16:00 hs. ELO FIDE 18/07/2026: Sabatino de nau64 – Suizo 5 rondas – 10+5 – Inicio 16:00 hs. ELO FIDE25/07/2026: Sabatino de nau64 – Suizo 5 rondas – 10+5 – Inicio 16:00 hs. s/e (Cumpleañero)Inscripciones: Socios y Pase Libre Gratis – No Socios $500Torneo Blitz elo FIDEde Sábados luego del Rápido 19:30 horas aproximadamente.Inscripciones: Socios GRATIS – No Socios $300 (jugando el rápido es GRATIS)
06/04/2026 Open 135 Solo Lunes – Valido ELO Pensado FIDESuizo 5 RondasHora 20:00.Ritmo de juego 60+30Lunes: 6, 13, 20 y 27 abril y 4 de mayo 2026Inscripciones: Socios y Pase Libre $500 – No Socios $100022/05/2026 Viernes 69 Solo Viernes – Valido ELO Pensado FIDESuizo 5 RondasHora 20:00.Ritmo de juego 60+30Viernes: 22 y 29 de mayo y 5, 12 y 26 de junio 2026.Inscripciones: Socios y Pase Libre $500 – No Socios $1000
Pagos de las Inscripciones: 
Santander: Transferencias dentro de Santander: Cuenta: 1201640616 Moneda: UYU Sucursal: 73 – ArocenaTransferencias desde otros bancos: Cuenta: 0073001201640616 Moneda: UYUCuenta Prex: 1211475 Jose Riverol
Realizado el pago enviar foto de comprobante al Whatsapp 099 556 123



#ajedrez#chessTorneo 




Navegación de entradas
Esteve y Martello ganadores del XXVIII Torneo Cerrados 8×8 Natalicio de Artigas.Super ajedrecistas."
https://nau64.com/una-pascuas-inolvidable-junto-al-mi-facundo-vazquez/,0,"Sabatino
Torneos


Una Pascuas inolvidable junto al MI Facundo Vázquez

 José Riverol 6 abril, 2026 


🐣 Pascuas a puro ajedrez en Nau64

Festejamos una nueva Pascua en nuestra academia, y qué mejor manera de hacerlo que con un torneo de rápidas. Participaron 26 ajedrecistas y el vencedor fue el ampliamente favorito, el joven Maestro Internacional Facundo Vázquez, quien consiguió las cinco victorias del torneo. "
https://nau64.com/una-pascuas-inolvidable-junto-al-mi-facundo-vazquez/,1,"A tan solo una unidad quedaron los reconocidos ajedrecistas Federico Canias, Nikolai Yakes y Benjamín Martello.
📊 Resultados y más ajedrezCompartimos la tabla de posiciones, las partidas del rápido y los videos del evento.Luego del torneo, algunos jóvenes se quedaron con ganas de seguir jugando y se organizó un Blitz 5+3, cuyo ganador fue Federico Canias.

🎖 Premios especiales:Mejor Femenino: Sofía CaballeroMejor no Rankeado: Nestor Gonzalez


Además, contamos con la presencia de la recién coronada vicecampeona uruguaya femenina Agustina Silva, junto a grandes amigos como el CM Carlos Ferrari y Pablo Carbone.


Partida Ronda 1:




Partida Ronda 2:




Partida Ronda 3:




Partida Ronda 4:




Partida Ronda 5:




🍬 Espíritu festivoEntre todos los participantes y visitantes se obsequió un delicioso bombón, y se sorteó una canasta de Pascuas, que cayó en manos del afortunado AFM Bryan López.

📊 Torneo BlitzLuego del torneo, algunos jóvenes se quedaron con ganas de seguir jugando y se organizó un Blitz 5+3, cuyo ganador fue Federico Canias.



📡 Transmisión en vivoTodo el evento fue transmitido por nuestros canales de YouTube y Twitch, llevando la emoción del ajedrez a toda la comunidad.












#ajedrez#chess#Nau64#nau64ajedrez#uruguayTorneo 




Navegación de entradas
Eduardo Elena, el campeón sin corona de Pando: hazaña histórica y clasificación olímpicaJoyita de Victor el terrible!"
https://nau64.com/uruguay-a-la-olimpiada-2024/,0,"Olimpiada


Uruguay a la Olimpiada 2024

 José Riverol 10 septiembre, 2024 


Del 10 al 23 de septiembre, en la ciudad de Budapest, Hungría, a orillas del magnìfico río Danubio, se desarrollará la 45 Olimpiada de Ajedrez. 
Nota original La Diaria 

Este es un año especial pues la Federación Internacional de Ajedrez (FIDE) cumple 100 años de creación y no ha reparado en gastos. "
https://nau64.com/uruguay-a-la-olimpiada-2024/,1,"Llevará adelante un gran festival con otros eventos paralelos notables que incluyen, entre otros, la Exhibición FIDE100, que muestra la historia del ajedrez y de la FIDE, la  Exposición fotográfica CAPTURE,  el 10º Festival Mundial de Ajedrez de Judit Polgar y diversas conferencias como, por ejemplo, la Conferencia de Mujeres, Ajedrez y Equilibrio.
Este año promete ser la Olimpiada más grande hasta el momento, con 197 equipos en la sección Abierta y 184 equipos en la sección Femenina. Cada equipo está compuesto por cuatro jugadores y un reserva, todos compitiendo en 11 intensas rondas durante dos semanas.

El equipo de EE. UU., liderado por Fabiano Caruana y Wesley So, encabeza la sección Abierta, seguido por India, Uzbekistán (ganadores de la Olimpiada 2022), China y Noruega. En la sección Femenina, Georgia, primera cabeza de serie, aspirará al oro, mientras que las estrellas emergentes de India y los jóvenes talentos de China plantearán serios desafíos. 
Equipo Campeón olimpico 2022: Uzbekistan 
Equipo de India
Varios países harán su debut en Budapest y, en un paso histórico hacia la inclusión, la Olimpiada de Ajedrez de 2024 también dará la bienvenida a un equipo de refugiados. 
Uruguay participa este año en ambas categorías.
"
https://nau64.com/uruguay-a-la-olimpiada-2024/,2,"El equipo que se ve de izquierda a derecha, MI Bernardo Roselli, MI Nahuel Diaz, GM Alejandro Hoffman y GM Georg Meier, el único jugador de Noruega en ese momento el GM Magnus Carlsen.
En el Equipo Absoluto, el Tablero 1 corresponde al GM Georg Meier (37 años). Nacido en Alemania, es hijo de una uruguaya, representa a nuestro país desde hace ya 3 años y supo estar entre los 100 mejores del mundo en el 2012. En la olimpiada de hace dos años estuvo muy cerca de lograr una hazaña al enfrentar al mejor jugador del mundo (y quizás de la historia) el GM Magnus Carlsen, terminando la partida en victoria del noruego por muy poco.

El Tablero 2 es del GM Andrés Rodríguez Vila (50), nuestro primer Gran Maestro de Ajedrez. Andrés juega ajedrez desde los 4 años, y es reconocido internacionalmente por su postura agresiva y creativa en el tablero. Es el actual Campeón Uruguayo.En el Tablero 3 estará el MF Facundo Vazquez (20). quien tiene la peculiaridad de haber logrado cuatro vice campeonatos uruguayos consecutivos. Es su segunda presencia defendiendo a la celeste y obtuvo un excelente logro cuando obtuvo el segundo lugar en el campeonato panamericano Sub-18 jugado en Montevideo en el 2021. En esta olimpiada tendrá la oportunidad de buscar su gran objetivo que es llegar al título de Maestro Internacional. El Tablero 4 pertenece al MI Bernardo Roselli (59), el jugador más experimentado de la escuadra charrúa. Todo lo que se pueda decir de él es poco: múltiple campeón uruguayo en más de 20 oportunidades y hasta el momento el campeón uruguayo más joven de la historia con 19 años. De su experiencia en ese tipo de eventos se espera un gran aporte al equipo.En el tablero de Reserva encontramos al MI Claudio Coppola (32), Maestro Internacional desde el año 2013, quien ha participado en varias olimpiadas con resultados muy positivos, siendo además unos de los mejores jugadores de Uruguay en los últimos años.El equipo, que tiene como capitán al MI Daniel Rivera, partirá en el puesto 58.
Por otra parte el equipo Femenino celeste tiene como capitán a Eduardo Moccero, parte en el puesto 96, y tiene jugadoras muy jóvenes.El Tablero 1 pertenece a WFM Andreina Quevedo (25), ya en su tercera olimpiada, quien fue en varias ocasiones campeona uruguaya. Andreína tiene un repertorio muy sólido y asegura ser una rival muy difícil de vencer. Aún se mantiene el recuerdo de su debut victorioso en el año 2018 en Batumi (Georgia) frente a la WGM de Estados Unidos Sabrina Foisor.

El Tablero 2 será de Nahiara Fabra (17), campeona uruguaya 2023. Es la jugadora con más progresión en los últimos años; tiene un estilo muy explosivo, lo cual la hace muy peligrosa en el terreno táctico. Es su primera participación en un evento tan prestigioso y seguramente sea una prueba de fuego para ella.
En el Tablero 3 estará la WCM Natalia Silva (45), la jugadora, por lejos, más experimentada en este tipo de eventos. Varias veces campeona uruguaya, Natalia se distingue por un estilo muy agresivo e impulsivo. El tercer tablero le sienta muy bien a esta “veterana” maestra, cuya mayor fuerza reside en su eterno optimismo.El Tablero 4 corresponde a Camila Cardozo (22), jugadora que comenzó con una edad muy precoz y luego de un parate, se ha vuelto muy activa en el último año, compitiendo en varias instancias internacionales. Es su primera participación y viene con una preparación muy buena.En el tablero de Reserva encontramos a Caterina Altesor (16), la más joven del plantel. Fue una sorpresa su actuación en la final del campeonato uruguayo, con un resultado muy merecido. La duraznense complementa el equipo con su brillante talento.  
Del equipo Femenino resta agregar que ha sido preparado, en estos últimos dos años, por el ex campeón uruguayo Gabriel Curi, quien nos comentó que está muy satisfecho con el desempeño de las jugadoras y tiene grandes expectativas para su rendimiento en esta olimpiada.
Estaremos comentando en detalle las actuaciones de nuestros jugadores y nuestras jugadoras a lo largo del evento.Nos podrán seguir en nuestras Redes Sociales:Youtube – Twitch – Instagram – Facebook – X Twitter – TikTok Podes sumarte a nuestro canal de Whatsapp ¡Le deseamos a ambos equipos muchos éxitos en esta competencia!




#ajedrez#chess 




Navegación de entradas
Liga Uruguaya de Ajedrez Sub-12 y Sub-16Inauguración de la 45 Olimpiada de Ajedrez"
https://nau64.com/uruguay-cayo-ante-bolivia-por-la-sub-1600-mundial/,0,"Liga Mundial
Match
Partidas
Uruguay


Uruguay cayo ante Bolivia por la Sub-1600 Mundial.

 José Riverol 16 octubre, 2022 


Este 16 de octubre los charrúas jugaron ante el equipo de Bolivia y se perdió por 14 a 8, la celeste tenia para competidores para el match pero solo pudieron participar 11.Dejo la lista de jugadores en donde se puede ver las partidas entrando aquí. Se realizaron los comentarios de algunas partidas en nuestro canal de Twitch que invitamos a sumarse y darle seguir. 
"
https://nau64.com/uruguay-cayo-ante-bolivia-por-la-sub-1600-mundial/,1,"Los competidores.
Video con los comentarios del MF José Riverol











Navegación de entradas
Match 960 (Random Fischer) Uruguay vs Uzbekistán.Estrada jugando el Memorial Chigorin en la Unión Soviética!"
https://nau64.com/uruguay-cierra-con-exito-su-participacion-en-la-olimpiada-de-ajedrez/,0,"Olimpiada


Uruguay Cierra con Éxito su Participación en la Olimpiada de Ajedrez

 José Riverol 22 septiembre, 2024 


Finalizó la 45ª Olimpiada de Ajedrez desarrollada en Budapest, y los equipos uruguayos lograron superar sus expectativas. En la categoría Absoluta, subieron 12 puestos, y en la categoría Femenina lograron por primera vez 11 puntos de match desde que se impuso este sistema, finalizando además dos puestos por encima de su posición inicial. En lo personal, hubo dos logros importantes para los jóvenes uruguayos: el Maestro FIDE (MF) Facundo Vázquez consiguió su segunda norma de Maestro Internacional, y la más joven del plantel, Caterina Altesor, obtuvo el título de WCM al conseguir el 50% de los puntos.

El Equipo Absoluto se medía ante Suiza, clasificada en el puesto 38, y que contaba con cuatro Grandes Maestros, un rival a priori muy superior.:


El Gran Maestro (GM) Georg Meier tuvo un cierre de torneo tranquilo con las piezas blancas, finalizando su partida en la jugada 13 por repetición de posición. Su puntaje final fue de 7½ sobre 9, resultado de 6 victorias y 3 tablas, logrando un rendimiento de 2702 ELO.

El Gran Maestro (GM) Andrés Rodríguez, en el tablero dos, nuevamente tuvo una partida de infarto. Sacrificó calidad (ver el diagrama), pero consiguió una posición de ataque que, según los motores de ajedrez, las blancas podían defender. Sin embargo, para un humano, las complicaciones eran tremendas. Al final, se repitió la posición y la partida terminó en tablas. "
https://nau64.com/uruguay-cierra-con-exito-su-participacion-en-la-olimpiada-de-ajedrez/,1,"La actuación de Andrés fue de 5½/10.


Y ahora llegamos al héroe de la jornada, el Maestro FIDE (MF) Facundo Vázquez, quien no solo ha tenido un excelente torneo con 6 puntos de 9 posibles, sino que con el triunfo de esta jornada logró empatar el match y consiguió una norma de Maestro Internacional, la segunda de su carrera. La partida de Facundo contra un Gran Maestro (GM) de 2514 ELO fue espectacular. El medio juego fue muy favorable para las blancas, quienes supieron detener los peones pasados del adversario en el ala de dama y activar sus propios peones centrales, llegando a la siguiente posición crítica.
Aquí el blanco tiene 28.Cf7! y si 28…Rxf7 29.dxe6+ ganando mucho material.
Seguramente Facundo vio la línea pero algo no le convencio y se llegó casi forzadamente a la siguiente situación: Diagrama 2
Aquí Facundo jugó 38.Dxb2 y, tras 38…Dxc6, las blancas quedaron con un peón de más. Las negras, mostrando una gran resistencia, prolongaron la partida durante muchas jugadas. Sin embargo, si las blancas hubieran jugado 38.Td4! o 38.Td2!, habrían recuperado el caballo más tarde y los dos peones pasados les habrían asegurado una victoria fácil. El juego prosiguio y al final….
65.Tg6! y Facundo llegó al triunfo poco despues.

En el tablero cuatro, algo salió mal en la preparación del Maestro Internacional (MI) Bernardo Roselli, ya que con negras quedó en una posición muy pasiva. El superior medio juego del blanco resultó en pérdidas materiales para las negras, y poco después Roselli tuvo que rendirse. Su actuación en el torneo fue de 5 puntos sobre 9 posibles, lo cual sería una buena actuación para la mayoría de los mortales, pero no para él 🙂
Todas las partidas del Equipo Absoluto de la ronda 11.

 

Triunfo del Equipo Femenino en la ultima ronda.
El equipo uruguayo se medía ante Malta, un rival a priori inferior en los números, pero con la ausencia de la WFM Andreina Quevedo en el primer tablero, todo se podía complicar.


El primer tablero lo asumió por segunda vez Nahiara Fabra. Jugando con blancas, consiguió un centro muy fuerte que dejó a las negras en una posición muy asfixiada. El control de la lucha estuvo siempre en manos de las blancas, que supieron aprovechar su ventaja espacial y la pareja de alfiles sobre el flanco de rey, hasta que lograron ganar un peón. En el final, una maniobra de rey y una entrega de calidad permitieron a las blancas ganar casi de forma forzada. Ver diagrama

39.Rb4! y el peón de c4 negro no tiene salvación. La partida continuó con 39…Cxh6 40.gxh6 Tg8 41.Axg6! y, pocas jugadas después, las negras se rindieron.

En el segundo tablero estaba la WCM Natalia Silva, de piezas negras quizas mereció mejor suerte en su partida. Innovó rápidamente en la apertura, lo que confundió a su rival, pero luego descuidó el flanco de rey. Esto fue aprovechado por su oponente, quien lanzó un fuerte ataque por los casilleros blancos, resultando en una victoria decisiva.

Camila Cardozo ocupó el tercer tablero, jugando con blancas. Tras algunos cambios, parecía tener ventaja ya que su rival había quedado con un peón aislado. "
https://nau64.com/uruguay-cierra-con-exito-su-participacion-en-la-olimpiada-de-ajedrez/,2,"Sin embargo, la estructura de peones cambió y la situación de las negras mejoró notablemente. Se llegó a un final con alfiles de diferente color sin damas y se acordó el empate en 33 jugadas.

Por último, el tablero cuatro fue para Caterina Altesor, quien con este triunfo consiguió el 50% de los puntos del torneo y, con ello, el título directo de WCM, bien merecido por su dedicación. La partida tuvo altibajos: al inicio, desaprovechó una situación de ataque, permitiendo que las blancas ganaran un peón, aunque su enroque quedó expuesto a un ataque que no se produjo. Tras eso, consolidó su posición y parecía que las blancas tenían todo bajo control. Sin embargo, en el final, Caterina aprovechó los desaciertos de las blancas y logró no solo recuperar el peón de menos, sino que quedó con dos peones de más en un final de torres. Ante tanta ventaja, las blancas decidieron abandonar. Con este punto, las charrúas ganaron el match.
Aquí las partidas de la ronda 11 del equipo Femenino.

 
Estaremos comentando en detalle las actuaciones de nuestros jugadores y nuestras jugadoras a lo largo del evento.Nos podrán seguir en nuestras Redes Sociales:Youtube – Twitch – Instagram – Facebook – X Twitter – TikTokPodes sumarte a nuestro canal de Whatsapp








Navegación de entradas
India triunfa en la 45ª Olimpiada de Ajedrez, ganando tanto la sección abierta como la femenina.El mejor de todos."
https://nau64.com/uruguay-destaca-en-la-9a-ronda-de-la-olimpiada-de-ajedrez/,0,"Olimpiada


Ronda 9 Uruguay: Un Rival Digno en la Olimpiada de Ajedrez.

 José Riverol 20 septiembre, 2024 


Se ha jugado una nueva ronda de la 45ª Olimpiada de Ajedrez “Budapest 2024”. Solo restan dos fechas para terminar y los nervios están a flor de piel. "
https://nau64.com/uruguay-destaca-en-la-9a-ronda-de-la-olimpiada-de-ajedrez/,1,"Por ejemplo, hoy el gran Magnus cayó derrotado, pero de eso hablaré en la nota internacional. En el plano de nuestro ajedrez, hoy, independientemente de los resultados, la celeste se lució. El equipo absoluto se midió a la poderosa Dinamarca, que cuenta con tres Grandes Maestros (GM) y un Maestro Internacional (MI). En el femenino, se enfrentaron a Bahamas, un equipo un poco inferior en el ranking, por lo que había que afianzarse en la victoria.


Comenzemos con el Equipo Absoluto o Abierto como les gusta decir ahora.

En el primer tablero el primer GM uruguayo Andrés Rodríguez le quito un invicto a su rival que venia con 5½/7 y un rendimiento de más de 2700, literalmente como decimos en el uruguay se lo comio en dos panes! La partida venia pareja, hasta que el conductor de las piezas negras juega 20…e4? Veamos el diagrama.
Aquí Andrés jugo 21.Cd4 y no solto a su rival hasta el final!

En el tablero dos, el joven Maestro FIDE (MF) Facundo Vázquez se enfrentaba a otro jugador de élite. La apertura poco ortodoxa que utilizó su rival quizás lo tomó mal preparado, ya que en las primeras jugadas quedó claramente en desventaja. Veamos: 
Ahora las blancas jugaron 8.Cg5! De7 9.Cxe6 Dxe6 10.Axf6! gxf6 11.Ag2! y el blanco no soltó la ventaja, ganando en la jugada 29.

El Maestro Internacional (MI) Bernardo Roselli, llevando las piezas blancas contra un Gran Maestro (GM) con 200 puntos de ventaja, mantuvo una ligera superioridad en la Variante del Cambio del Peón de Dama. Sin embargo, no logró capitalizarla, terminando en tablas en una posición bastante seca. (Ver Diagrama)
29…Dd7 y propuesta de tablas por parte de las negras.

En el cuarto tablero, el Maestro Internacional (MI) Claudio Coppola, jugando con negras, desarrolló un Gambito Volga contra su rival, quien tenía 200 puntos más que él. Sin embargo, se notó la buena preparación del blanco, ya que, al llegar a la jugada 20, dejó a las negras en una posición defensiva permanente que no se pudo remontar, capitulando en la jugada 41.
20.e5! "
https://nau64.com/uruguay-destaca-en-la-9a-ronda-de-la-olimpiada-de-ajedrez/,2,"y las blancas ya están mejor.
En resumen, el equipo uruguayo se midió ante una potencia europea y quedó demostrado que cumplió e incluso se puede esperar más, ya que el primer tablero, el Gran Maestro (GM) Georg Meier, no estuvo en el match. Mañana el rival será Monaco que cuenta con dos GMs en sus tableros uno y dos. 
Aquí las partidas del Equipo Uruguayo Absoluto.

Actuación del Equipo Femenino.


La WFM Andreina Quevedo nuevamente jugó en gran forma ante una rival de nivel similar y también WFM. En la jugada 26, todo parecía encaminado a una nueva victoria. (Ver diagrama)
La ventaja de 4.7 que da la máquina parece impresionante, pero claro, nosotros somos humanos. 
Pero ya con poco tiempo en el reloj, empezaron a producirse grandes errores por parte de ambos bandos. Como dijo algún que otro maestro, “el que comete el anteúltimo error gana”, y así sucedió (Diagrama).
Las blancas jugaron 60. Dc7?, lo que pierde ya que obliga a la desclavada del rey negro con 60… Rd3, y ahora el caballo colabora para la victoria de las negras. Con 60. Dg7!, las negras solo tienen empate.

En el tablero dos, vimos a una motivada ex campeona uruguaya, Nahiara Fabra, quien, tras su lesión en la mano, mostró su mejor versión en esta partida. En menos de 10 movimientos, aprovechó el error de apertura de su rival y logró un curioso “jaque mate a la dama”. (Ver diagrama)

20…g5! Y la Dama blanca no tiene escapatoria.

El tablero tres, fue conducido por la WCM Natalia Silva, quien desarrolló un Ataque Indio de Rey. Maniobrando y colocando sus peones y piezas de forma clásica sobre el monarca negro. Ya saliendo de la apertura, uno intuía que algo se tenía que sacrificar para llegar al desesperado rey (ver diagrama siguiente). Sin embargo, Natalia, probablemente con buen criterio, mantuvo la presión, y el reloj de las negras empezó a escasear, lo que hizo que colapsaran, colgando un caballo y poco después concretando el triunfo. 
Las piezas blancas están todas lista para el golpe!

Caterina Altesor jugó en el tablero 4 ante una jugadora sin ELO. El juego siguió los carriles tradicionales del Ataque Londres, donde Caterina decidió fianchetar. En la jugada 14, increíblemente, las blancas “colgaron” una pieza. El resto fue historia conocida para la joven compatriota, quien utilizó la técnica del “cambio todo” y, con mucho material de más, terminó dando jaque mate en la jugada 31.
Curiosa posición la del Alfil blanco en f8 🙂
Para la ronda 10, el equipo femenino se enfrentará a Singapur, que cuenta con una Gran Maestra Femenina (WGM) en su primer tablero y está rankeado un poco por encima. Es una gran oportunidad para llegar al final con grandes chances de quedar bien arriba.
Aquí las partidas de la ronda 9 del Equipo Femenino de Uruguay.

Estaremos comentando en detalle las actuaciones de nuestros jugadores y nuestras jugadoras a lo largo del evento.Nos podrán seguir en nuestras Redes Sociales:Youtube – Twitch – Instagram – Facebook – X Twitter – TikTokPodes sumarte a nuestro canal de Whatsapp








Navegación de entradas
45ª Olimpiada de Ajedrez R08: India domina la sección abierta, enfrenta un revés en la femenina.45ª Olimpiada de Ajedrez: Estados Unidos se prepara para enfrentarse a India; Kazajstán se hace con el liderato en el evento femenino"
https://nau64.com/victoria-contundente-de-federico-canias-en-el-torneo-sabatino-de-nau64/,0,"Academia
FIDE
Internacional
Partidas
Sabatino
Uruguay


Victoria Contundente de Federico Canias en el Torneo Sabatino de Nau64

 Bryan Lopez 28 enero, 2026 


El pasado 24 de enero se llevó a cabo el tradicional torneo de los sábados, en La sede de la academia nau64 en Montevideo, se jugó a un ritmo rápido 10+5, donde el Joven Federico canias se consagro Campeón, además este evento se celebró en simultaneo a los Cuartos de Final (Segunda edición) de Cerro.
Campeón absoluto: El joven Federico Canias, logrando 5 puntos de 5 posibles (un resultado perfecto)2º lugar: El AFM Antonio Fernandez, con una sólida actuación logrando acumular 3½ puntos.3º lugar: El AFM Bryan Lopez, Consiguiendo 3 puntosMejor Jugador Femenino: Sofía VitelioMejor Jugador No Rankeado: Kilian Cormick

A continuación Un video con las fotos del torneo sabatino:

La jornada culminó con un Torneo Blitz de 4 jugadores

Resultando Campeon el nicaraguense Santiago Quintana por sistema de desempates quedando con 4 puntos.

"
https://nau64.com/victoria-contundente-de-federico-canias-en-el-torneo-sabatino-de-nau64/,1,"A continuación Un video con las fotos del torneo torneo Blitz:




#ajedrez#nau64ajedrezTorneo 




Navegación de entradas
Benjamín Martello se llevó el Sabatino rápido de nau64Culminaron los cuartos de final serie A del Club Cerro"
https://nau64.com/xii-torneo-online-pensado-nau64/,0,"Torneos


XII Torneo online pensado nau64.

 José Riverol 11 junio, 2025 


Reglamento Torneo Online.Se estará realizando el decimo Torneo pensado Ritmo 30+30 (30 minutos por jugador con 30 segundos), a partir del lunes 16 de junio.Se jugarán los días lunes a las 20:00 hs en la plataforma de nau64, a esa hora comenzará a funcionar el reloj de las blancas. Las fechas de juego son: 16 y 23 y 30 de junio.  "
https://nau64.com/xii-torneo-online-pensado-nau64/,1,"7 y 14 julio. En total cada participante jugara 5 partidas en el torneo en caso que los jugadores sean pares.   Arbitro FA José Riverol.
Interesados en jugar enviar confirmación con su ID FIDE o FUA, los que solo juegan online con su elo de rápidas y en caso de no tener el elo blitz de ChessCom.
Partidas y análisis en vivo por Internet.Análisis de las partidas en directo por el MF José Riverol en el Twitch https://www.twitch.tv/nau64ajedrezAl finalizar las partidas los jugadores pueden solicitar en vivo con su participación vía meet el análisis de las partidas entre las 21:00 y 22:30 hs.
Premios:4 Clases individuales del Maestro FIDE Jose Riverol.2 Membresias por un mes en la Academia nau64 con pase Libre y Clases.3 membresias diamantes por un mes de ChessCom a sortear entre todos los participantes.
¿Quién puede participar?Pueden jugar todos los que así lo desean, no importa su experiencia previa, es justamente esta la intención del evento, para los que ya saben jugar poder tener competencia (que tanta falta nos hace) y para los más nuevos ó recién comienzan tener la oportunidad de ganar experiencia con una sana competencia y así ir evaluando lo aprendido. 
Para darle seriedad y compromiso al evento se cobrará una inscripción de $500 pesos uruguayos (los alumnos y socios tienen un 50% de descuento). Al final de esta información se coloca los métodos de pagos.A todos los participantes se les dará una dirección meet para estar conectado durante el evento o si tiene alguna dificultad o precisa ayuda poder hablar directamente con el Arbitro.
La partida no se cambia de día ni de hora de juego, si algún participante avisa que no puede jugar se necesita saber antes del domingo anterior a la ronda para no emparejarse, si el pareo ya se hizo el jugador no obtiene puntos, en caso de faltar a la partida, ese jugador pierde el juego y el rival obtiene un punto.
En caso de desconexión de un jugador, este puede volver a conectarse y continuar la partida, siempre y cuando no haya agotado su tiempo de reflexión. El jugador es el responsable de su conexión.
Estará prohibido durante el juego tener ayuda de cualquier tipo, sea humana, libro, computadora, etc. Las partidas serán revisadas con un programa anti trampas (Fair Play), en caso que se compruebe que un jugador utilizó ayuda externa se eliminará del evento y perderá los puntos obtenidos.  
Inscripciones solo con previo pago vence el domingo 15 de junio sin excepciones.
Métodos de Pago:Inscripciones Uruguay: Socios y Alumnos $250 No Socios $500
Pagos de las Inscripciones para uruguayos:
Santander:Transferencias dentro de Santander: Cuenta: 1201640616 Moneda: UYU Sucursal: 73 – ArocenaTransferencias desde otros bancos: Cuenta: 0073001201640616 Moneda: UYUCuenta Prex: 1211475 Jose Riverol 
Pago internacional único a través de PayPal: costo de $15 USD: https://paypal.me/nau64
Realizado el pago enviar foto de comprobante al Whatsapp 099 556 123








Navegación de entradas
Boris SpasskyCopa America Online 2025 – Se viene la Jornada 7"
https://nau64.com/xv-festival-de-reyes-en-nau64/,0,"Online


XVI Torneo Reyes 2025 en nau64

 José Riverol 5 diciembre, 2024 



4 y 5 de enero la Academia realizara su Festival de Reyes numero 16. Tendremos un Torneo Abierto valido para el Ranking FIDE de rápidas, y por ende serán aplicables las Leyes FIDE.Será un Torneo Abierto (Todos los jugadores sin importar su nivel o edad pueden participar) en el sistema suizo a 6 rondas (Se jugaran 6 partidas sin importar el resultado) con un ritmo de juego de 30 minutos con un incremento de 20 segundo por jugada desde el inicio, no es obligación anotar la partida, si algún competidor quiere hacerlo puede utilizar sus propias planillas previamente revisadas por el Arbitro.Torneos Online donde la info estará en nuestro Club que te invitamos a que te sumes: https://www.chess.com/club/nau64?ref_id=4411389

Tendremos trasmisión de la mesa uno y dos con Tablero DGT y se podrá ver en el Twitch y YouTube.
La Lista de Participantes y resultados se podrá ver entrando aquí 
Fechas de juego. 4 y 5 enero.R1 Sábado 4 enero: 16:00 hs.R2 Sábado 4 enero: 18:15 hs.R3 Sábado 4 enero: 20:15 hs.R4 Domingo 5 enero: 10:00 hs.R5 Domingo 5 enero: 12:00 hs.R6 Domingo 5 enero: 14:00 hs.Solicitud de bye: Se pueden acceder a 2 pedidos de no emparejamiento con ½ de cada uno, son validos de la ronda 1 a 4.En caso de así quererlo el jugador puede pedir no ser emparejado en cualquier ronda con 0 pts.Al final se puede ver el reglamento completo:
Los Premios no son acumulables:
General:1° Trofeo2°-3°-4°-5°Femenino:Medallas 1°-2°-3°Sub-1800 FIDEMedallas 1°-2°-3°No RankeadosMedallas 1°-2°-3°Mejor nau64Trofeo 1°Medallas 2°-3°
Ritmo de juego 30+20.Tolerancia de espera 30 minutos.Inscripciones generales $ 600.Socios y estudiantes de la Academia $ 300. +Info al WhatsApp 099 556 123 – nau64ajedrez@gmail.com
Pagos de las Inscripciones:
BROU: 00041748200002 caja de ahorro en pesos a nombre de Jose Riverol.Santander:Transferencias dentro de Santander: Cuenta: 1201640616 Moneda: UYU Sucursal: 73 – ArocenaTransferencias desde otros bancos: Cuenta: 0073001201640616 Moneda: UYUCuenta Prex: 1211475 Jose Riverol
Realizado el pago enviar foto de comprobante al Whatsapp 099 556 123.

R E G L A M E N T O1) AUTORIDADES Y ASPECTOS ADMINISTRATIVOS:ORGANIZADOR: Academia de Ajedrez Nau64Arbitro Principal: FA Jose RiverolSALA DE JUEGO: Academia Nau64, Bv. España 2586 – Montevideo2) El Torneo se regirá por las Leyes del Ajedrez de la FIDE vigentes a lafecha.3) Se disputará por sistema Suizo a 6 rondas.4) Ritmo de juego: 30 minutos, más un incremento de 20 segundos porjugada desde el primer movimiento. El tiempo de tolerancia será de 30minutos desde el comienzo de la sesión de juego.5) Los jugadores podrán acordar tablas en cualquier momento de lapartida sin necesidad de consentimiento arbitral, siempre y cuando amboshayan efectuado al menos un movimiento.6) El árbitro se asistirá con el programa informático Swiss Manager. Alos efectos de los emparejamientos, el ranking inicial será ordenado porElo FIDE como primer criterio, por Elo FUA como segundo criterio y pororden alfabético como tercer criterio.7) Los jugadores podrán solicitar no ser emparejados todas las veces quelo deseen. Deberán notificarlo al árbitro antes que termine la rondaanterior a la que deseen no ser pareados. "
https://nau64.com/xv-festival-de-reyes-en-nau64/,1,"Para la primera ronda deberánhacerlo en el momento de la inscripción. Tendrán hasta dos (2) bye demedio (0.5) punto cada uno entre las rondas 1 y 4 inclusive.8) Aquel jugador que pierda dos partidas por incomparecencia, seráretirado del torneo, salvo otra decisión arbitral.9) DESEMPATES:Para dirimir posiciones igualadas en puntos al final del Torneo, seutilizarán en el orden que sigue, los sistemas de desempate a saber:I) Resultado particular. (Este sistema es válido sólo si todos losinvolucrados jugaron entre sí)II) Mayor cantidad de victorias (incluyendo puntos por incomparecencia)III) Buchholz total (Todos los resultados cuentan, se usará el criterio deoponente virtual)IV) Buchholz con corte 1 (uno) (Se excluye el peor resultado, se usará elcriterio de oponente virtual)V) Sonneborn Berger (con puntos reales)10) Los reclamos al Tribunal de Apelaciones podrán realizarse hasta 15minutos después de terminada la última partida de la ronda en que seoriginaron. Constarán de un breve relato de los hechos, así como de losfundamentos para realizarlos. Deberán ser entregados por escrito alDirector del Torneo, acompañado de un depósito de $500 (pesosuruguayos quinientos). El Tribunal de Apelaciones tendrá como tiempomáximo para expedirse hasta 15 minutos antes que comience la siguienteronda.Los fallos del tribunal son inapelables.11) Teléfonos celulares y demás dispositivos electrónicos: Durante lapartida, los jugadores no podrán portar teléfonos celulares ni otrosdispositivos electrónicos (como ser tablets, smartwatches, etc.). Sinembargo, antes de comenzar la partida podrán dejar el celular en el lugarasignado por la organización para ello, sin manipularlo mientras sedesarrolle la partida. Si a un jugador le suena el celular, o es evidente queporta cualquier dispositivo electrónico, perderá la partida.12) Es competencia del Árbitro Principal decidir ante casos no previstosen este reglamento.13) Los jugadores, con su participación, aceptan las condiciones delpresente reglamento en todos sus términos.Montevideo, enero de 2025








Navegación de entradas
Actividades¡Nuevo espacio! Ajedrez Social"
https://nau64.com/xvii-torneo-de-reyes-valido-elo-fua-fide/,0,"Academia
Torneos


XVII Torneo de Reyes VALIDO ELO FUA/FIDE

 Bryan Lopez 7 enero, 2026 


Del 9 al 11 de enero la Academia celebrará su 17° Festival de ReyesUn evento con historia: 17 ediciones consecutivas que han visto pasar maestros, talentos emergentes y jugadores de todos los niveles, convirtiéndose en un clásico del ajedrez uruguayo.Sistema Suizo a 5 rondas con un Ritmo de juego: 60 minutos + 30 segundos de incremento por jugada desde el inicioTransmisión en vivoTendremos trasmisión de la mesa uno y dos con Tablero DGT y se podrá ver en el Twitch y YouTube.

La Lista de Participantes y resultados se podrá ver entrando aquí
Fechas de juego. 9, 10 y 11 enero.R1 Viernes 9 enero: 20:00 hs.R2 Sábado 10 enero: 16:00 hs.R3 Sábado 10 enero: 19:00 hs.R4 Domingo 11 enero: 10:00 hs.R5 Domingo 11 enero: 14:00 hs.
Solicitud de bye: Se pueden acceder a 2 pedidos de no emparejamiento con ½ de cada uno, son validos de la ronda 1 a 3.En caso de así quererlo el jugador puede pedir no ser emparejado en cualquier ronda con 0 pts.Al final se puede ver el reglamento completo:
Los Premios no son acumulables:
General:1° Trofeo2° Trofeo3°-4°-5° MedallasFemenino:Medallas 1°-2°-3°Sub-1800 FIDEMedallas 1°-2°-3°No RankeadosMedallas 1°-2°-3°Mejor nau64Trofeo 1°Medallas 2°-3°
Ritmo de juego 60+30.Tolerancia de espera 30 minutos.Inscripciones generales $ 800.Socios y estudiantes de la Academia $ 500. +Info al WhatsApp 099 556 123 – nau64ajedrez@gmail.com
Pagos de las Inscripciones:Santander:Transferencias dentro de Santander: Cuenta: 1201640616 Moneda: UYU Sucursal: 73 – ArocenaTransferencias desde otros bancos: Cuenta: 0073001201640616 Moneda: UYUCuenta Prex: 1211475 Jose Riverol
R E G L A M E N T O1) AUTORIDADES Y ASPECTOS ADMINISTRATIVOS:ORGANIZADOR: Academia de Ajedrez Nau64Arbitro Principal: FA Jose RiverolSALA DE JUEGO: Academia Nau64, Bv. España 2586 – Montevideo2) El Torneo se regirá por las Leyes del Ajedrez de la FIDE vigentes a lafecha.3) Se disputará por sistema Suizo a 5 rondas.4) Ritmo de juego: 60 minutos, más un incremento de 30 segundos porjugada desde el primer movimiento. El tiempo de tolerancia será de 30minutos desde el comienzo de la sesión de juego.5) Los jugadores podrán acordar tablas en cualquier momento de lapartida sin necesidad de consentimiento arbitral, siempre y cuando amboshayan efectuado al menos un movimiento.6) El árbitro se asistirá con el programa informático Swiss Manager. Alos efectos de los emparejamientos, el ranking inicial será ordenado porElo FIDE como primer criterio, por Elo FUA como segundo criterio y pororden alfabético como tercer criterio.7) Los jugadores podrán solicitar no ser emparejados todas las veces quelo deseen. Deberán notificarlo al árbitro antes que termine la rondaanterior a la que deseen no ser pareados. Para la primera ronda deberánhacerlo en el momento de la inscripción. Tendrán hasta dos (2) bye demedio (0.5) punto cada uno entre las rondas 1 y 3 inclusive.8) Aquel jugador que pierda dos partidas por incomparecencia, seráretirado del torneo, salvo otra decisión arbitral.9) DESEMPATES:Para dirimir posiciones igualadas en puntos al final del Torneo, seutilizarán en el orden que sigue, los sistemas de desempate a saber:I) Resultado particular. (Este sistema es válido sólo si todos losinvolucrados jugaron entre sí)II) Mayor cantidad de victorias (incluyendo puntos por incomparecencia)III) Buchholz total (Todos los resultados cuentan, se usará el criterio deoponente virtual)IV) Buchholz con corte 1 (uno) (Se excluye el peor resultado, se usará elcriterio de oponente virtual)V) Sonneborn Berger (con puntos reales)10) Los reclamos al Tribunal de Apelaciones podrán realizarse hasta 15minutos después de terminada la última partida de la ronda en que seoriginaron. Constarán de un breve relato de los hechos, así como de losfundamentos para realizarlos. Deberán ser entregados por escrito alDirector del Torneo, acompañado de un depósito de $500 (pesosuruguayos quinientos). El Tribunal de Apelaciones tendrá como tiempomáximo para expedirse hasta 15 minutos antes que comience la siguienteronda.Los fallos del tribunal son inapelables.11) Teléfonos celulares y demás dispositivos electrónicos: Durante lapartida, los jugadores no podrán portar teléfonos celulares ni otrosdispositivos electrónicos (como ser tablets, smartwatches, etc.). Sinembargo, antes de comenzar la partida podrán dejar el celular en el lugarasignado por la organización para ello, sin manipularlo mientras sedesarrolle la partida. Si a un jugador le suena el celular, o es evidente queporta cualquier dispositivo electrónico, perderá la partida.12) Es competencia del Árbitro Principal decidir ante casos no previstosen este reglamento.13) Los jugadores, con su participación, aceptan las condiciones delpresente reglamento en todos sus términos.Montevideo, enero de 2026
Realizado el pago enviar foto de comprobante al Whatsapp 099 556 123.



#ajedrez#chess#Nau64#nau64ajedrez#uruguayTorneo 




Navegación de entradas
Cuartos C.A. "
https://nau64.com/xvii-torneo-de-reyes-valido-elo-fua-fide/,1,Cerro clasificatorios a las Semifinales del Campeonato Uruguayo 2026Final del Festival de Reyes 2026
