page_url,image_url,alt
https://nau64.com,https://nau64.com/wp-content/uploads/2024/12/Colorful-Checkered-Chess-Club-Poster-765x500.png,Actividades
https://nau64.com,https://nau64.com/wp-content/uploads/2023/07/Torneo_nau64_2025_Ajedrez.png,Calendario 2026
https://nau64.com,https://nau64.com/wp-content/uploads/2026/06/Captura-de-pantalla-2026-06-15-153703-765x500.png,1° Abierto Rápido Club Español
https://nau64.com,https://nau64.com/wp-content/uploads/2026/06/Captura-de-pantalla-2026-06-08-160936-765x500.png,La vuelta triunfal de Leonel Recine!
https://nau64.com,https://nau64.com/wp-content/uploads/2026/05/Torneo-Viernes-nau64-765x500.png,22 de mayo comienza el 69 Torneo de los Viernes.
https://nau64.com,https://nau64.com/wp-content/uploads/2026/04/Victor-Kortcnoi-765x500.png,Joyita de Victor el terrible!
https://nau64.com,https://nau64.com/wp-content/uploads/2026/04/1775352599961-765x500.jpg,Una Pascuas inolvidable junto al MI Facundo Vázquez
https://nau64.com,https://nau64.com/wp-content/uploads/2026/04/image-2.png,"Eduardo Elena, el «campeón sin corona» de Pando: hazaña histórica y clasificación olímpica"
https://nau64.com,https://nau64.com/wp-content/uploads/2026/03/1774745063527-765x500.jpg,Nicolás Kulik arrasa en el sabatino de la Academia
https://nau64.com,https://nau64.com/wp-content/uploads/2026/03/image-6-651x500.png,Frank y Federico brillan en el Rápido y Blitz Sabatino.
https://nau64.com,https://nau64.com/wp-content/uploads/2026/03/Open135-nau64-FIDE-765x500.png,Open 135 el 6 de abril Torneo Pensado (FIDE)
https://nau64.com,https://nau64.com/wp-content/uploads/2026/03/Kasparov_vs_Karpov.png,La Batalla Infinita: Karpov vs. Kasparov
https://nau64.com#content,https://nau64.com/wp-content/uploads/2024/12/Colorful-Checkered-Chess-Club-Poster-765x500.png,Actividades
https://nau64.com#content,https://nau64.com/wp-content/uploads/2023/07/Torneo_nau64_2025_Ajedrez.png,Calendario 2026
https://nau64.com#content,https://nau64.com/wp-content/uploads/2026/06/Captura-de-pantalla-2026-06-15-153703-765x500.png,1° Abierto Rápido Club Español
https://nau64.com#content,https://nau64.com/wp-content/uploads/2026/06/Captura-de-pantalla-2026-06-08-160936-765x500.png,La vuelta triunfal de Leonel Recine!
https://nau64.com#content,https://nau64.com/wp-content/uploads/2026/05/Torneo-Viernes-nau64-765x500.png,22 de mayo comienza el 69 Torneo de los Viernes.
https://nau64.com#content,https://nau64.com/wp-content/uploads/2026/04/Victor-Kortcnoi-765x500.png,Joyita de Victor el terrible!
https://nau64.com#content,https://nau64.com/wp-content/uploads/2026/04/1775352599961-765x500.jpg,Una Pascuas inolvidable junto al MI Facundo Vázquez
https://nau64.com#content,https://nau64.com/wp-content/uploads/2026/04/image-2.png,"Eduardo Elena, el «campeón sin corona» de Pando: hazaña histórica y clasificación olímpica"
https://nau64.com#content,https://nau64.com/wp-content/uploads/2026/03/1774745063527-765x500.jpg,Nicolás Kulik arrasa en el sabatino de la Academia
https://nau64.com#content,https://nau64.com/wp-content/uploads/2026/03/image-6-651x500.png,Frank y Federico brillan en el Rápido y Blitz Sabatino.
https://nau64.com#content,https://nau64.com/wp-content/uploads/2026/03/Open135-nau64-FIDE-765x500.png,Open 135 el 6 de abril Torneo Pensado (FIDE)
https://nau64.com#content,https://nau64.com/wp-content/uploads/2026/03/Kasparov_vs_Karpov.png,La Batalla Infinita: Karpov vs. Kasparov
https://nau64.com/,https://nau64.com/wp-content/uploads/2024/12/Colorful-Checkered-Chess-Club-Poster-765x500.png,Actividades
https://nau64.com/,https://nau64.com/wp-content/uploads/2023/07/Torneo_nau64_2025_Ajedrez.png,Calendario 2026
https://nau64.com/,https://nau64.com/wp-content/uploads/2026/06/Captura-de-pantalla-2026-06-15-153703-765x500.png,1° Abierto Rápido Club Español
https://nau64.com/,https://nau64.com/wp-content/uploads/2026/06/Captura-de-pantalla-2026-06-08-160936-765x500.png,La vuelta triunfal de Leonel Recine!
https://nau64.com/,https://nau64.com/wp-content/uploads/2026/05/Torneo-Viernes-nau64-765x500.png,22 de mayo comienza el 69 Torneo de los Viernes.
https://nau64.com/,https://nau64.com/wp-content/uploads/2026/04/Victor-Kortcnoi-765x500.png,Joyita de Victor el terrible!
https://nau64.com/,https://nau64.com/wp-content/uploads/2026/04/1775352599961-765x500.jpg,Una Pascuas inolvidable junto al MI Facundo Vázquez
https://nau64.com/,https://nau64.com/wp-content/uploads/2026/04/image-2.png,"Eduardo Elena, el «campeón sin corona» de Pando: hazaña histórica y clasificación olímpica"
https://nau64.com/,https://nau64.com/wp-content/uploads/2026/03/1774745063527-765x500.jpg,Nicolás Kulik arrasa en el sabatino de la Academia
https://nau64.com/,https://nau64.com/wp-content/uploads/2026/03/image-6-651x500.png,Frank y Federico brillan en el Rápido y Blitz Sabatino.
https://nau64.com/,https://nau64.com/wp-content/uploads/2026/03/Open135-nau64-FIDE-765x500.png,Open 135 el 6 de abril Torneo Pensado (FIDE)
https://nau64.com/,https://nau64.com/wp-content/uploads/2026/03/Kasparov_vs_Karpov.png,La Batalla Infinita: Karpov vs. Kasparov
https://nau64.com/actividades/,https://nau64.com/wp-content/uploads/2024/12/Colorful-Checkered-Chess-Club-Poster-e1734710227711.png,
https://nau64.com/clases-para-ninos/,https://nau64.com/wp-content/uploads/2025/04/Portada-Clases-para-Ninos-1200-x-600-px-2.png,
https://nau64.com/clases-para-ninos/,https://nau64.com/wp-content/uploads/2025/04/WhatsApp-Image-2025-04-17-at-7.07.09-PM-1-1024x771.jpeg,
https://nau64.com/clases-para-ninos/,https://nau64.com/wp-content/uploads/2025/04/WhatsApp-Image-2025-04-17-at-7.07.08-PM-1024x771.jpeg,
https://nau64.com/clases-para-ninos/,https://nau64.com/wp-content/uploads/2024/03/logo-wasap.png,
https://nau64.com/clases-online/,https://nau64.com/wp-content/uploads/2025/05/Portada-Clases-Online-1200-x-600-px-1.jpg,
https://nau64.com/clases-online/,https://nau64.com/wp-content/uploads/2024/03/logo-wasap.png,
https://nau64.com/torneos/,https://nau64.com/wp-content/uploads/2023/07/Torneo_nau64_2025_Ajedrez.png,
https://nau64.com/category/nau64-en-chesscom/,https://nau64.com/wp-content/uploads/2026/02/image-8-e1772140438127.png,Fiesta de ajedrez en Nau64: Torneo para No Rankeados y Sub-1600
https://nau64.com/category/nau64-en-chesscom/,https://nau64.com/wp-content/uploads/2026/01/1769448684079-765x500.jpg,Culminaron los cuartos de final serie A del Club Cerro
https://nau64.com/category/nau64-en-chesscom/,https://nau64.com/wp-content/uploads/2023/05/2023-04-30_Blitz_Domingo_Ajedrez_nau64.jpeg,El maya1969 manda en el Blitz dominguero.
https://nau64.com/category/nau64-en-chesscom/,https://nau64.com/wp-content/uploads/2023/04/2023-04-29_Blitz_Sabado_nau64_Ajedrez.jpg,Sábado de Blitz y Shirojk1000 aprovecho!
https://nau64.com/category/nau64-en-chesscom/,https://nau64.com/wp-content/uploads/2023/04/2023-04-28_Blitz_Viernes.jpg,Gualanday imparable en el Blitz de Viernes.
https://nau64.com/category/nau64-en-chesscom/,https://nau64.com/wp-content/uploads/2023/04/2023-04-27-Torneo-nau64-jueves-ajedrez-765x422.png,El_el_Cuervo ganador del Blitz de jueves.
https://nau64.com/category/nau64-en-chesscom/,https://nau64.com/wp-content/uploads/2023/04/2023-04-26_Blitz_Miercoles_nau64-765x425.png,Blitz de miércoles para Brxyson!
https://nau64.com/category/nau64-en-chesscom/,https://nau64.com/wp-content/uploads/2023/04/2023-04-24-Torneo-de-Lunes-765x500.png,Iza Tomazzini se llevo el Bltz de lunes.
https://nau64.com/category/nau64-en-chesscom/,https://nau64.com/wp-content/uploads/2023/04/2023-04-23-Dominguero-Blitz-nau64-765x500.png,Unefelante ganador del Blitz dominguero.
https://nau64.com/category/nau64-en-chesscom/,https://nau64.com/wp-content/uploads/2023/03/Screenshot_934-765x500.png,Coronamos a un nuevo PIRATA GARFIO RELOJERO
https://nau64.com/category/uruguay/,https://nau64.com/wp-content/uploads/2026/02/image-8-e1772140438127.png,Fiesta de ajedrez en Nau64: Torneo para No Rankeados y Sub-1600
https://nau64.com/category/uruguay/,https://nau64.com/wp-content/uploads/2026/01/1769717488976-765x500.jpg,Culminaron los cuartos de final serie B del Club Cerro
https://nau64.com/category/uruguay/,https://nau64.com/wp-content/uploads/2026/01/1769448684079-765x500.jpg,Culminaron los cuartos de final serie A del Club Cerro
https://nau64.com/category/uruguay/,https://nau64.com/wp-content/uploads/2026/01/Domingueros-Rapidas-1-14-765x500.jpg,Victoria Contundente de Federico Canias en el Torneo Sabatino de Nau64
https://nau64.com/category/uruguay/,https://nau64.com/wp-content/uploads/2026/01/Domingueros-Rapidas-1-11-765x500.jpg,Final del Festival de Reyes 2026
https://nau64.com/category/uruguay/,https://nau64.com/wp-content/uploads/2025/10/Live-Chess-World-League-674x500.png,Live Chess World League 2025
https://nau64.com/category/uruguay/,https://nau64.com/wp-content/uploads/2024/03/Uruguayo2024-Post-Final-Absoluto-765x500.png,Campeonato Uruguayo Absoluto 2024
https://nau64.com/category/uruguay/,https://nau64.com/wp-content/uploads/2024/03/Uruguayo-Femenino-2024-765x500.png,Jugadoras Final Femenina Uruguayo 2024
https://nau64.com/category/uruguay/,https://nau64.com/wp-content/uploads/2024/03/Uruguayo2024-Post-Final--765x500.png,Uruguayo 2024
https://nau64.com/category/uruguay/,https://nau64.com/wp-content/uploads/2024/02/WhatsApp-Image-2024-02-18-at-16.24.50-765x500.jpeg,Semifinal 2024 – Femenina – Ronda 5 – Final con todas las partidas.
https://nau64.com/1-abierto-rapido-club-espanol/,https://nau64.com/wp-content/uploads/2026/06/Captura-de-pantalla-2026-06-15-153703-e1781548830338.png,
https://nau64.com/1-abierto-rapido-club-espanol/,https://nau64.com/wp-content/uploads/2026/06/image-6.png,
https://nau64.com/1-abierto-rapido-club-espanol/,https://nau64.com/wp-content/uploads/2026/06/image-7.png,
https://nau64.com/1-abierto-rapido-club-espanol/,https://nau64.com/wp-content/uploads/2026/06/image-5.png,
https://nau64.com/la-vuelta-triunfal-de-leonel-recine/,https://nau64.com/wp-content/uploads/2026/06/Captura-de-pantalla-2026-06-08-160936.png,
https://nau64.com/la-vuelta-triunfal-de-leonel-recine/,https://nau64.com/wp-content/uploads/2026/06/Captura-de-pantalla-2026-06-08-161542.png,
https://nau64.com/la-vuelta-triunfal-de-leonel-recine/,https://nau64.com/wp-content/uploads/2026/06/image.png,
https://nau64.com/la-vuelta-triunfal-de-leonel-recine/,https://nau64.com/wp-content/uploads/2026/06/image-2.png,
https://nau64.com/la-vuelta-triunfal-de-leonel-recine/,https://nau64.com/wp-content/uploads/2026/06/image-4.png,
https://nau64.com/la-vuelta-triunfal-de-leonel-recine/,https://nau64.com/wp-content/uploads/2026/06/image-1.png,
https://nau64.com/torneodeviernes/,https://nau64.com/wp-content/uploads/2026/05/Torneo-Viernes-nau64.png,
https://nau64.com/torneodeviernes/,https://nau64.com/wp-content/uploads/2025/05/img_20250510_171555813921881099607873-1024x771.jpg,
https://nau64.com/torneodeviernes/,https://nau64.com/wp-content/uploads/2023/08/FotoPortada-e1691461969626.jpeg,
https://nau64.com/torneodeviernes/,https://nau64.com/wp-content/uploads/2024/03/logo-wasap.png,
https://nau64.com/torneodeviernes/,https://secure.gravatar.com/avatar/225ac221d3b6501595aace684b02b44d5f2091234daa433cad903692e5b5d616?s=32&d=wavatar&r=g,
https://nau64.com/torneodeviernes/,https://secure.gravatar.com/avatar/018116eb981f64c5ee110782ec49f0ef40f927198abf7a160d2482e1325bc021?s=32&d=wavatar&r=g,
https://nau64.com/joyita-de-victor-el-terrible/,https://nau64.com/wp-content/uploads/2026/04/Victor-Kortcnoi-e1776959877428.png,
https://nau64.com/una-pascuas-inolvidable-junto-al-mi-facundo-vazquez/,https://nau64.com/wp-content/uploads/2026/04/1775352599961-scaled-e1775441461574.jpg,
https://nau64.com/una-pascuas-inolvidable-junto-al-mi-facundo-vazquez/,https://nau64.com/wp-content/uploads/2026/04/image-10.png,
https://nau64.com/una-pascuas-inolvidable-junto-al-mi-facundo-vazquez/,https://nau64.com/wp-content/uploads/2026/04/image-17.png,
https://nau64.com/una-pascuas-inolvidable-junto-al-mi-facundo-vazquez/,https://nau64.com/wp-content/uploads/2026/04/image-11.png,
https://nau64.com/una-pascuas-inolvidable-junto-al-mi-facundo-vazquez/,https://nau64.com/wp-content/uploads/2026/04/image-12.png,
https://nau64.com/una-pascuas-inolvidable-junto-al-mi-facundo-vazquez/,https://nau64.com/wp-content/uploads/2026/04/image-13.png,
https://nau64.com/una-pascuas-inolvidable-junto-al-mi-facundo-vazquez/,https://nau64.com/wp-content/uploads/2026/04/image-14.png,
https://nau64.com/una-pascuas-inolvidable-junto-al-mi-facundo-vazquez/,https://nau64.com/wp-content/uploads/2026/04/image-16.png,
https://nau64.com/una-pascuas-inolvidable-junto-al-mi-facundo-vazquez/,https://nau64.com/wp-content/uploads/2026/04/image-15.png,
https://nau64.com/eduardo-elena-el-campeon-sin-corona-de-pando-hazana-historica-y-clasificacion-olimpica/,https://nau64.com/wp-content/uploads/2026/04/image-2.png,
https://nau64.com/eduardo-elena-el-campeon-sin-corona-de-pando-hazana-historica-y-clasificacion-olimpica/,https://nau64.com/wp-content/uploads/2026/04/image-7.png,
https://nau64.com/eduardo-elena-el-campeon-sin-corona-de-pando-hazana-historica-y-clasificacion-olimpica/,https://nau64.com/wp-content/uploads/2026/04/image-8.png,
https://nau64.com/eduardo-elena-el-campeon-sin-corona-de-pando-hazana-historica-y-clasificacion-olimpica/,https://nau64.com/wp-content/uploads/2026/04/image-5.png,
https://nau64.com/eduardo-elena-el-campeon-sin-corona-de-pando-hazana-historica-y-clasificacion-olimpica/,https://nau64.com/wp-content/uploads/2026/04/image-4.png,
https://nau64.com/eduardo-elena-el-campeon-sin-corona-de-pando-hazana-historica-y-clasificacion-olimpica/,https://nau64.com/wp-content/uploads/2026/04/image-9.png,
https://nau64.com/nicolas-kulik-arrasa-en-el-sabatino-de-la-academia/,https://nau64.com/wp-content/uploads/2026/03/1774745063527-scaled-e1774839523173.jpg,
https://nau64.com/nicolas-kulik-arrasa-en-el-sabatino-de-la-academia/,https://nau64.com/wp-content/uploads/2026/03/IMG_20260328_201106-768x1024.jpg,
https://nau64.com/nicolas-kulik-arrasa-en-el-sabatino-de-la-academia/,https://nau64.com/wp-content/uploads/2026/03/image-9.png,
https://nau64.com/torneo-271/,https://nau64.com/wp-content/uploads/2026/03/image-6.png,
https://nau64.com/torneo-271/,https://nau64.com/wp-content/uploads/2026/03/image-7.png,
https://nau64.com/torneo-271/,https://nau64.com/wp-content/uploads/2026/03/image-4.png,
https://nau64.com/torneo-271/,https://nau64.com/wp-content/uploads/2026/03/image-8.png,
https://nau64.com/torneo-271/,https://nau64.com/wp-content/uploads/2026/03/image-5.png,
https://nau64.com/open/,https://nau64.com/wp-content/uploads/2026/03/Open135-nau64-FIDE-e1774479791357.png,
https://nau64.com/open/,https://nau64.com/wp-content/uploads/2025/09/image-1024x691.png,
https://nau64.com/lkarpov-vs-kasparov/,https://nau64.com/wp-content/uploads/2026/03/Kasparov_vs_Karpov.png,
https://nau64.com/lkarpov-vs-kasparov/,https://nau64.com/wp-content/uploads/2026/03/image-2.png,
https://nau64.com/lkarpov-vs-kasparov/,https://nau64.com/wp-content/uploads/2026/03/image.png,
https://nau64.com/lkarpov-vs-kasparov/,https://nau64.com/wp-content/uploads/2026/03/image-1.png,
https://nau64.com/lkarpov-vs-kasparov/,https://nau64.com/wp-content/uploads/2026/03/image-3-1024x387.png,
https://nau64.com/category/online/,https://nau64.com/wp-content/uploads/2026/06/Captura-de-pantalla-2026-06-08-160936-765x500.png,La vuelta triunfal de Leonel Recine!
https://nau64.com/category/online/,https://nau64.com/wp-content/uploads/2026/04/image-2.png,"Eduardo Elena, el «campeón sin corona» de Pando: hazaña histórica y clasificación olímpica"
https://nau64.com/category/online/,https://nau64.com/wp-content/uploads/2026/03/1774745063527-765x500.jpg,Nicolás Kulik arrasa en el sabatino de la Academia
https://nau64.com/category/online/,https://nau64.com/wp-content/uploads/2026/02/Antonio-Fernandez-765x500.jpeg,Fernández imparable: campeón con puntaje perfecto en el Sabatino Rápido.
https://nau64.com/category/online/,https://nau64.com/wp-content/uploads/2026/02/IMG-20260209-WA0034-765x500.jpg,Ajedrez entre Amigos – Torneo Amateur Nau64
https://nau64.com/category/online/,https://nau64.com/wp-content/uploads/2026/02/Ajedrez-de-Miercoles-2026-765x500.png,Ajedrez de Miercoles II
https://nau64.com/category/online/,https://nau64.com/wp-content/uploads/2026/01/1769717488976-765x500.jpg,Culminaron los cuartos de final serie B del Club Cerro
https://nau64.com/category/online/,https://nau64.com/wp-content/uploads/2026/01/1769448684079-765x500.jpg,Culminaron los cuartos de final serie A del Club Cerro
https://nau64.com/category/online/,https://nau64.com/wp-content/uploads/2025/12/XVI-Torneo-de-Reyes-2025-Primera-Ronda-2-765x500.jpg,Matteo Reyes se llevó el XXI Aniversario sub-14 de Nau64
https://nau64.com/category/online/,https://nau64.com/wp-content/uploads/2025/12/XVI-Torneo-de-Reyes-2025-Primera-Ronda-2-2-765x500.jpg,El campeón sub-20 se llevó el XXI Aniversario Blitz de Nau64
https://nau64.com/author/tiavicky444/,https://nau64.com/wp-content/uploads/2025/06/Curso-python-NAU64-1-765x500.png,Aprendé a Programar desde Cero con Python
https://nau64.com/author/tiavicky444/,https://nau64.com/wp-content/uploads/2025/05/Torneo-DOMINGOS-DE-GAMBITO-nau64-Ajedrez-1-765x500.png,8 de junio comienza el Primer Torneo «Domingos de Gambito»
https://nau64.com/author/tiavicky444/,https://nau64.com/wp-content/uploads/2025/04/Portada-Clases-para-Ninos-1200-x-600-px-2-765x500.png,Clases de Ajedrez para Niños
https://nau64.com/author/tiavicky444/,https://nau64.com/wp-content/uploads/2024/12/AJEDREZ-SOCIAL-765x500.png,¡Nuevo espacio! Ajedrez Social
https://nau64.com/author/tiavicky444/,https://nau64.com/wp-content/uploads/2024/12/Colorful-Checkered-Chess-Club-Poster-765x500.png,Actividades
https://nau64.com/author/tiavicky444/,https://nau64.com/wp-content/uploads/2024/11/Torneo-Aniversario-765x500.jpg,Torneo XX Aniversario de nau64 -14 y 15 de diciembren (cupos cubiertos)
https://nau64.com/author/tiavicky444/,https://nau64.com/wp-content/uploads/2024/11/Copia-de-XXXI-TORNEO-CERRADO-5-765x500.png,¡PARTICIPA Y GANA CON EL MATCH NAKLE-COMAS!
https://nau64.com/author/tiavicky444/,https://nau64.com/wp-content/uploads/2024/07/TorneoSUB1420240810-765x500.png,Torneo de ajedrez SUB-14 del día del niño en NAU64 valido elo FIDE!
https://nau64.com/author/tiavicky444/,https://nau64.com/wp-content/uploads/2024/02/MASTER-CLASS-500-x-500-px.png,Sesión Magistral del GM Georg Meier en NAU64
https://nau64.com/category/torneos/,https://nau64.com/wp-content/uploads/2026/06/Captura-de-pantalla-2026-06-15-153703-765x500.png,1° Abierto Rápido Club Español
https://nau64.com/category/torneos/,https://nau64.com/wp-content/uploads/2026/05/Torneo-Viernes-nau64-765x500.png,22 de mayo comienza el 69 Torneo de los Viernes.
https://nau64.com/category/torneos/,https://nau64.com/wp-content/uploads/2026/04/1775352599961-765x500.jpg,Una Pascuas inolvidable junto al MI Facundo Vázquez
https://nau64.com/category/torneos/,https://nau64.com/wp-content/uploads/2026/03/image-6-651x500.png,Frank y Federico brillan en el Rápido y Blitz Sabatino.
https://nau64.com/category/torneos/,https://nau64.com/wp-content/uploads/2026/03/Open135-nau64-FIDE-765x500.png,Open 135 el 6 de abril Torneo Pensado (FIDE)
https://nau64.com/category/torneos/,https://nau64.com/wp-content/uploads/2026/02/image-8-e1772140438127.png,Fiesta de ajedrez en Nau64: Torneo para No Rankeados y Sub-1600
https://nau64.com/category/torneos/,https://nau64.com/wp-content/uploads/2026/02/IMG-20260209-WA0034-765x500.jpg,Ajedrez entre Amigos – Torneo Amateur Nau64
https://nau64.com/category/torneos/,https://nau64.com/wp-content/uploads/2026/01/1769717488976-765x500.jpg,Culminaron los cuartos de final serie B del Club Cerro
https://nau64.com/category/torneos/,https://nau64.com/wp-content/uploads/2026/01/1769448684079-765x500.jpg,Culminaron los cuartos de final serie A del Club Cerro
https://nau64.com/category/torneos/,https://nau64.com/wp-content/uploads/2026/01/Domingueros-Rapidas-1-12-765x500.jpg,Benjamín Martello se llevó el Sabatino rápido de nau64
https://nau64.com/author/nau64/,https://nau64.com/wp-content/uploads/2026/06/Captura-de-pantalla-2026-06-15-153703-765x500.png,1° Abierto Rápido Club Español
https://nau64.com/author/nau64/,https://nau64.com/wp-content/uploads/2026/05/Torneo-Viernes-nau64-765x500.png,22 de mayo comienza el 69 Torneo de los Viernes.
https://nau64.com/author/nau64/,https://nau64.com/wp-content/uploads/2026/04/Victor-Kortcnoi-765x500.png,Joyita de Victor el terrible!
https://nau64.com/author/nau64/,https://nau64.com/wp-content/uploads/2026/04/1775352599961-765x500.jpg,Una Pascuas inolvidable junto al MI Facundo Vázquez
https://nau64.com/author/nau64/,https://nau64.com/wp-content/uploads/2026/03/1774745063527-765x500.jpg,Nicolás Kulik arrasa en el sabatino de la Academia
https://nau64.com/author/nau64/,https://nau64.com/wp-content/uploads/2026/03/image-6-651x500.png,Frank y Federico brillan en el Rápido y Blitz Sabatino.
https://nau64.com/author/nau64/,https://nau64.com/wp-content/uploads/2026/03/Open135-nau64-FIDE-765x500.png,Open 135 el 6 de abril Torneo Pensado (FIDE)
https://nau64.com/author/nau64/,https://nau64.com/wp-content/uploads/2026/03/Kasparov_vs_Karpov.png,La Batalla Infinita: Karpov vs. Kasparov
https://nau64.com/author/nau64/,https://nau64.com/wp-content/uploads/2023/06/Sabados-nau64-765x500.png,Sábados a Todo Ajedrez
https://nau64.com/author/nau64/,https://nau64.com/wp-content/uploads/2026/02/image-8-e1772140438127.png,Fiesta de ajedrez en Nau64: Torneo para No Rankeados y Sub-1600
https://nau64.com/tag/ajedrez/,https://nau64.com/wp-content/uploads/2026/06/Captura-de-pantalla-2026-06-15-153703-765x500.png,1° Abierto Rápido Club Español
https://nau64.com/tag/ajedrez/,https://nau64.com/wp-content/uploads/2026/04/1775352599961-765x500.jpg,Una Pascuas inolvidable junto al MI Facundo Vázquez
https://nau64.com/tag/ajedrez/,https://nau64.com/wp-content/uploads/2026/04/image-2.png,"Eduardo Elena, el «campeón sin corona» de Pando: hazaña histórica y clasificación olímpica"
https://nau64.com/tag/ajedrez/,https://nau64.com/wp-content/uploads/2026/03/Kasparov_vs_Karpov.png,La Batalla Infinita: Karpov vs. Kasparov
https://nau64.com/tag/ajedrez/,https://nau64.com/wp-content/uploads/2026/02/image-8-e1772140438127.png,Fiesta de ajedrez en Nau64: Torneo para No Rankeados y Sub-1600
https://nau64.com/tag/ajedrez/,https://nau64.com/wp-content/uploads/2026/02/IMG-20260209-WA0034-765x500.jpg,Ajedrez entre Amigos – Torneo Amateur Nau64
https://nau64.com/tag/ajedrez/,https://nau64.com/wp-content/uploads/2026/01/1769717488976-765x500.jpg,Culminaron los cuartos de final serie B del Club Cerro
https://nau64.com/tag/ajedrez/,https://nau64.com/wp-content/uploads/2026/01/1769448684079-765x500.jpg,Culminaron los cuartos de final serie A del Club Cerro
https://nau64.com/tag/ajedrez/,https://nau64.com/wp-content/uploads/2026/01/Domingueros-Rapidas-1-14-765x500.jpg,Victoria Contundente de Federico Canias en el Torneo Sabatino de Nau64
https://nau64.com/tag/ajedrez/,https://nau64.com/wp-content/uploads/2026/01/Domingueros-Rapidas-1-12-765x500.jpg,Benjamín Martello se llevó el Sabatino rápido de nau64
https://nau64.com/tag/chess/,https://nau64.com/wp-content/uploads/2026/04/1775352599961-765x500.jpg,Una Pascuas inolvidable junto al MI Facundo Vázquez
https://nau64.com/tag/chess/,https://nau64.com/wp-content/uploads/2026/04/image-2.png,"Eduardo Elena, el «campeón sin corona» de Pando: hazaña histórica y clasificación olímpica"
https://nau64.com/tag/chess/,https://nau64.com/wp-content/uploads/2026/03/Kasparov_vs_Karpov.png,La Batalla Infinita: Karpov vs. Kasparov
https://nau64.com/tag/chess/,https://nau64.com/wp-content/uploads/2026/02/image-8-e1772140438127.png,Fiesta de ajedrez en Nau64: Torneo para No Rankeados y Sub-1600
https://nau64.com/tag/chess/,https://nau64.com/wp-content/uploads/2026/02/IMG-20260209-WA0034-765x500.jpg,Ajedrez entre Amigos – Torneo Amateur Nau64
https://nau64.com/tag/chess/,https://nau64.com/wp-content/uploads/2026/01/1769717488976-765x500.jpg,Culminaron los cuartos de final serie B del Club Cerro
https://nau64.com/tag/chess/,https://nau64.com/wp-content/uploads/2026/01/1769448684079-765x500.jpg,Culminaron los cuartos de final serie A del Club Cerro
https://nau64.com/tag/chess/,https://nau64.com/wp-content/uploads/2026/01/Domingueros-Rapidas-1-12-765x500.jpg,Benjamín Martello se llevó el Sabatino rápido de nau64
https://nau64.com/tag/chess/,https://nau64.com/wp-content/uploads/2025/12/Cartaz-clube-de-xadrez-1-765x500.jpg,XVII Torneo de Reyes VALIDO ELO FUA/FIDE
https://nau64.com/tag/chess/,https://nau64.com/wp-content/uploads/2026/01/Clasificatorio-C.A.Cerro_-765x500.png,Cuartos C.A. Cerro clasificatorios a las Semifinales del Campeonato Uruguayo 2026
https://nau64.com/tag/torneo/,https://nau64.com/wp-content/uploads/2026/06/Captura-de-pantalla-2026-06-15-153703-765x500.png,1° Abierto Rápido Club Español
https://nau64.com/tag/torneo/,https://nau64.com/wp-content/uploads/2026/04/1775352599961-765x500.jpg,Una Pascuas inolvidable junto al MI Facundo Vázquez
https://nau64.com/tag/torneo/,https://nau64.com/wp-content/uploads/2026/02/IMG-20260209-WA0034-765x500.jpg,Ajedrez entre Amigos – Torneo Amateur Nau64
https://nau64.com/tag/torneo/,https://nau64.com/wp-content/uploads/2026/01/1769717488976-765x500.jpg,Culminaron los cuartos de final serie B del Club Cerro
https://nau64.com/tag/torneo/,https://nau64.com/wp-content/uploads/2026/01/1769448684079-765x500.jpg,Culminaron los cuartos de final serie A del Club Cerro
https://nau64.com/tag/torneo/,https://nau64.com/wp-content/uploads/2026/01/Domingueros-Rapidas-1-14-765x500.jpg,Victoria Contundente de Federico Canias en el Torneo Sabatino de Nau64
https://nau64.com/tag/torneo/,https://nau64.com/wp-content/uploads/2026/01/Domingueros-Rapidas-1-12-765x500.jpg,Benjamín Martello se llevó el Sabatino rápido de nau64
https://nau64.com/tag/torneo/,https://nau64.com/wp-content/uploads/2025/12/Cartaz-clube-de-xadrez-1-765x500.jpg,XVII Torneo de Reyes VALIDO ELO FUA/FIDE
https://nau64.com/tag/torneo/,https://nau64.com/wp-content/uploads/2026/01/Clasificatorio-C.A.Cerro_-765x500.png,Cuartos C.A. Cerro clasificatorios a las Semifinales del Campeonato Uruguayo 2026
https://nau64.com/tag/torneo/,https://nau64.com/wp-content/uploads/2025/12/Domingueros-Rapidas-1-10-765x500.jpg,Franco Manteiga Ganador de la «Copa AN Edmundo Infante»
https://nau64.com/category/sabatino/,https://nau64.com/wp-content/uploads/2026/06/Captura-de-pantalla-2026-06-15-153703-765x500.png,1° Abierto Rápido Club Español
https://nau64.com/category/sabatino/,https://nau64.com/wp-content/uploads/2026/04/1775352599961-765x500.jpg,Una Pascuas inolvidable junto al MI Facundo Vázquez
https://nau64.com/category/sabatino/,https://nau64.com/wp-content/uploads/2026/03/image-6-651x500.png,Frank y Federico brillan en el Rápido y Blitz Sabatino.
https://nau64.com/category/sabatino/,https://nau64.com/wp-content/uploads/2026/01/Domingueros-Rapidas-1-14-765x500.jpg,Victoria Contundente de Federico Canias en el Torneo Sabatino de Nau64
https://nau64.com/category/sabatino/,https://nau64.com/wp-content/uploads/2026/01/Domingueros-Rapidas-1-12-765x500.jpg,Benjamín Martello se llevó el Sabatino rápido de nau64
https://nau64.com/category/sabatino/,https://nau64.com/wp-content/uploads/2025/12/Domingueros-Rapidas-1-6-765x500.jpg,"El Campeón Uruguayo sub20, conquista el Sabatino Rápido de Nau64!"
https://nau64.com/category/sabatino/,https://nau64.com/wp-content/uploads/2025/12/Domingueros-Rapidas-1-1-765x500.jpg,"Directivos, maestros y jóvenes talentos dieron vida a un Día del Ajedrecista inolvidable."
https://nau64.com/category/sabatino/,https://nau64.com/wp-content/uploads/2024/08/Sabatino-03-08-2024-765x500.png,Gonzalo se lleva el Sabatino de nau64 03/08/24
https://nau64.com/category/sabatino/,https://nau64.com/wp-content/uploads/2024/06/image-2-765x500.png,Antonio ganador Torneo Sabatino 15 junio.
https://nau64.com/category/sabatino/,https://nau64.com/wp-content/uploads/2024/06/Gonzalo_Nakle_nau64_2024-06-08-765x500.jpeg,Nakle ganador Torneo Sabatino 8 junio
https://nau64.com/tag/nau64/,https://nau64.com/wp-content/uploads/2026/06/Captura-de-pantalla-2026-06-15-153703-765x500.png,1° Abierto Rápido Club Español
https://nau64.com/tag/nau64/,https://nau64.com/wp-content/uploads/2026/04/1775352599961-765x500.jpg,Una Pascuas inolvidable junto al MI Facundo Vázquez
https://nau64.com/tag/nau64/,https://nau64.com/wp-content/uploads/2026/02/image-8-e1772140438127.png,Fiesta de ajedrez en Nau64: Torneo para No Rankeados y Sub-1600
https://nau64.com/tag/nau64/,https://nau64.com/wp-content/uploads/2026/02/IMG-20260209-WA0034-765x500.jpg,Ajedrez entre Amigos – Torneo Amateur Nau64
https://nau64.com/tag/nau64/,https://nau64.com/wp-content/uploads/2025/12/Cartaz-clube-de-xadrez-1-765x500.jpg,XVII Torneo de Reyes VALIDO ELO FUA/FIDE
https://nau64.com/tag/nau64/,https://nau64.com/wp-content/uploads/2025/12/1765484434917-765x500.jpg,Se jugó el Open 134
https://nau64.com/tag/nau64/,https://nau64.com/wp-content/uploads/2025/12/Domingueros-Rapidas-1-1-765x500.jpg,"Directivos, maestros y jóvenes talentos dieron vida a un Día del Ajedrecista inolvidable."
https://nau64.com/tag/nau64/,https://nau64.com/wp-content/uploads/2024/10/Judith_Polgar-644x500.png,La Reina del Ajedrez
https://nau64.com/tag/nau64/,https://nau64.com/wp-content/uploads/2024/06/image-2-765x500.png,Antonio ganador Torneo Sabatino 15 junio.
https://nau64.com/tag/nau64/,https://nau64.com/wp-content/uploads/2024/02/WhatsApp-Image-2024-02-18-at-16.24.50-765x500.jpeg,Semifinal 2024 – Femenina – Ronda 5 – Final con todas las partidas.
https://nau64.com/tag/uruguay/,https://nau64.com/wp-content/uploads/2026/06/Captura-de-pantalla-2026-06-15-153703-765x500.png,1° Abierto Rápido Club Español
https://nau64.com/tag/uruguay/,https://nau64.com/wp-content/uploads/2026/04/1775352599961-765x500.jpg,Una Pascuas inolvidable junto al MI Facundo Vázquez
https://nau64.com/tag/uruguay/,https://nau64.com/wp-content/uploads/2026/02/image-8-e1772140438127.png,Fiesta de ajedrez en Nau64: Torneo para No Rankeados y Sub-1600
https://nau64.com/tag/uruguay/,https://nau64.com/wp-content/uploads/2026/02/IMG-20260209-WA0034-765x500.jpg,Ajedrez entre Amigos – Torneo Amateur Nau64
https://nau64.com/tag/uruguay/,https://nau64.com/wp-content/uploads/2026/01/Domingueros-Rapidas-1-12-765x500.jpg,Benjamín Martello se llevó el Sabatino rápido de nau64
https://nau64.com/tag/uruguay/,https://nau64.com/wp-content/uploads/2025/12/Cartaz-clube-de-xadrez-1-765x500.jpg,XVII Torneo de Reyes VALIDO ELO FUA/FIDE
https://nau64.com/tag/uruguay/,https://nau64.com/wp-content/uploads/2025/12/Domingueros-Rapidas-1-10-765x500.jpg,Franco Manteiga Ganador de la «Copa AN Edmundo Infante»
https://nau64.com/tag/uruguay/,https://nau64.com/wp-content/uploads/2025/01/image-2-615x500.png,Nuevo Año: Hábitos que Transforman tu Juego
https://nau64.com/tag/uruguay/,https://nau64.com/wp-content/uploads/2024/10/Judith_Polgar-644x500.png,La Reina del Ajedrez
https://nau64.com/tag/uruguay/,https://nau64.com/wp-content/uploads/2024/06/image-2-765x500.png,Antonio ganador Torneo Sabatino 15 junio.
https://nau64.com/1-abierto-rapido-club-espanol/#respond,https://nau64.com/wp-content/uploads/2026/06/Captura-de-pantalla-2026-06-15-153703-e1781548830338.png,
https://nau64.com/1-abierto-rapido-club-espanol/#respond,https://nau64.com/wp-content/uploads/2026/06/image-6.png,
https://nau64.com/1-abierto-rapido-club-espanol/#respond,https://nau64.com/wp-content/uploads/2026/06/image-7.png,
https://nau64.com/1-abierto-rapido-club-espanol/#respond,https://nau64.com/wp-content/uploads/2026/06/image-5.png,
https://nau64.com/author/charlie/,https://nau64.com/wp-content/uploads/2026/06/Captura-de-pantalla-2026-06-08-160936-765x500.png,La vuelta triunfal de Leonel Recine!
https://nau64.com/la-vuelta-triunfal-de-leonel-recine/#respond,https://nau64.com/wp-content/uploads/2026/06/Captura-de-pantalla-2026-06-08-160936.png,
https://nau64.com/la-vuelta-triunfal-de-leonel-recine/#respond,https://nau64.com/wp-content/uploads/2026/06/Captura-de-pantalla-2026-06-08-161542.png,
https://nau64.com/la-vuelta-triunfal-de-leonel-recine/#respond,https://nau64.com/wp-content/uploads/2026/06/image.png,
https://nau64.com/la-vuelta-triunfal-de-leonel-recine/#respond,https://nau64.com/wp-content/uploads/2026/06/image-2.png,
https://nau64.com/la-vuelta-triunfal-de-leonel-recine/#respond,https://nau64.com/wp-content/uploads/2026/06/image-4.png,
https://nau64.com/la-vuelta-triunfal-de-leonel-recine/#respond,https://nau64.com/wp-content/uploads/2026/06/image-1.png,
https://nau64.com/torneodeviernes/#comments,https://nau64.com/wp-content/uploads/2026/05/Torneo-Viernes-nau64.png,
https://nau64.com/torneodeviernes/#comments,https://nau64.com/wp-content/uploads/2025/05/img_20250510_171555813921881099607873-1024x771.jpg,
https://nau64.com/torneodeviernes/#comments,https://nau64.com/wp-content/uploads/2023/08/FotoPortada-e1691461969626.jpeg,
https://nau64.com/torneodeviernes/#comments,https://nau64.com/wp-content/uploads/2024/03/logo-wasap.png,
https://nau64.com/torneodeviernes/#comments,https://secure.gravatar.com/avatar/225ac221d3b6501595aace684b02b44d5f2091234daa433cad903692e5b5d616?s=32&d=wavatar&r=g,
https://nau64.com/torneodeviernes/#comments,https://secure.gravatar.com/avatar/018116eb981f64c5ee110782ec49f0ef40f927198abf7a160d2482e1325bc021?s=32&d=wavatar&r=g,
https://nau64.com/category/curiosidades/,https://nau64.com/wp-content/uploads/2026/04/Victor-Kortcnoi-765x500.png,Joyita de Victor el terrible!
https://nau64.com/category/curiosidades/,https://nau64.com/wp-content/uploads/2023/07/Screenshot_2023-07-18-04-14-15-369-edit_com.google.android.googlequicksearchbox-765x500.jpg,Super ajedrecistas.
https://nau64.com/category/curiosidades/,https://nau64.com/wp-content/uploads/2023/03/FB_IMG_1678675921112.jpg,Sacrificio o descuidó?
https://nau64.com/category/curiosidades/,https://nau64.com/wp-content/uploads/2023/03/Screenshot_859-765x500.png,Este Jueves Festejaremos JUNTOS el hecho de ser 4444 seguidores en el CANAL de TWITCH
https://nau64.com/category/curiosidades/,https://nau64.com/wp-content/uploads/2023/03/Screenshot_762-765x500.png,La BANDA «Música para Búhos» le puso RockandRoll a los PIRATAS!!!
https://nau64.com/category/curiosidades/,https://nau64.com/wp-content/uploads/2022/09/IMG_20220901_150639-765x500.jpg,El misterio del infiltrado.
https://nau64.com/category/curiosidades/,https://nau64.com/wp-content/uploads/2022/09/FB_IMG_1661999148579-678x500.jpg,Magnus Carlsen te aconseja para mejorar tu ajedrez!
https://nau64.com/category/curiosidades/,https://nau64.com/wp-content/uploads/2022/08/FB_IMG_1661599532857-720x500.jpg,Ajedrez mágico.
https://nau64.com/category/historia/,https://nau64.com/wp-content/uploads/2026/04/Victor-Kortcnoi-765x500.png,Joyita de Victor el terrible!
https://nau64.com/category/historia/,https://nau64.com/wp-content/uploads/2026/03/Kasparov_vs_Karpov.png,La Batalla Infinita: Karpov vs. Kasparov
https://nau64.com/category/historia/,https://nau64.com/wp-content/uploads/2025/11/FB_IMG_1764419359486-720x500.jpg,Leyenda danesa
https://nau64.com/category/historia/,https://nau64.com/wp-content/uploads/2025/06/250px-Boris_Spasski_28195629_-_corrected.jpg,Boris Spassky
https://nau64.com/category/historia/,https://nau64.com/wp-content/uploads/2025/02/FB_IMG_1740455701467-653x500.jpg,La Intuición
https://nau64.com/category/historia/,https://nau64.com/wp-content/uploads/2024/10/Judith_Polgar-644x500.png,La Reina del Ajedrez
https://nau64.com/category/historia/,https://nau64.com/wp-content/uploads/2024/10/FB_IMG_1728252954200-720x500.jpg,El mejor de todos.
https://nau64.com/category/historia/,https://nau64.com/wp-content/uploads/2024/05/image-10-497x500.png,Combinación búlgara!
https://nau64.com/category/historia/,https://nau64.com/wp-content/uploads/2024/05/Karpov_nau64.png,Feliz cumpleaños Tolia!
https://nau64.com/category/historia/,https://nau64.com/wp-content/uploads/2024/04/Screenshot_2024-04-08-12-27-04-615_com.aimchess-edit-720x500.jpg,Fabiano Caruana
https://nau64.com/category/historia/historias-de-ajedrez/,https://nau64.com/wp-content/uploads/2026/04/Victor-Kortcnoi-765x500.png,Joyita de Victor el terrible!
https://nau64.com/category/historia/historias-de-ajedrez/,https://nau64.com/wp-content/uploads/2026/03/Kasparov_vs_Karpov.png,La Batalla Infinita: Karpov vs. Kasparov
https://nau64.com/category/historia/historias-de-ajedrez/,https://nau64.com/wp-content/uploads/2025/02/FB_IMG_1740455701467-653x500.jpg,La Intuición
https://nau64.com/category/videos/,https://nau64.com/wp-content/uploads/2026/04/Victor-Kortcnoi-765x500.png,Joyita de Victor el terrible!
https://nau64.com/category/videos/,https://nau64.com/wp-content/uploads/2026/02/image-8-e1772140438127.png,Fiesta de ajedrez en Nau64: Torneo para No Rankeados y Sub-1600
https://nau64.com/category/videos/,https://nau64.com/wp-content/uploads/2026/01/1769717488976-765x500.jpg,Culminaron los cuartos de final serie B del Club Cerro
https://nau64.com/category/videos/,https://nau64.com/wp-content/uploads/2026/01/1769448684079-765x500.jpg,Culminaron los cuartos de final serie A del Club Cerro
https://nau64.com/category/videos/,https://nau64.com/wp-content/uploads/2026/01/Domingueros-Rapidas-1-12-765x500.jpg,Benjamín Martello se llevó el Sabatino rápido de nau64
https://nau64.com/category/videos/,https://nau64.com/wp-content/uploads/2026/01/Domingueros-Rapidas-1-11-765x500.jpg,Final del Festival de Reyes 2026
https://nau64.com/category/videos/,https://nau64.com/wp-content/uploads/2025/12/XVI-Torneo-de-Reyes-2025-Primera-Ronda-1-1-765x500.jpg,Emanuel Jesus Se llevó el XXI aniversario Open de nau64
https://nau64.com/category/videos/,https://nau64.com/wp-content/uploads/2025/12/XVI-Torneo-de-Reyes-2025-Primera-Ronda-2-765x500.jpg,Matteo Reyes se llevó el XXI Aniversario sub-14 de Nau64
https://nau64.com/category/videos/,https://nau64.com/wp-content/uploads/2025/12/Domingueros-Rapidas-1-6-765x500.jpg,"El Campeón Uruguayo sub20, conquista el Sabatino Rápido de Nau64!"
https://nau64.com/category/videos/,https://nau64.com/wp-content/uploads/2025/12/1765484434917-765x500.jpg,Se jugó el Open 134
https://nau64.com/tag/nau64ajedrez/,https://nau64.com/wp-content/uploads/2026/04/1775352599961-765x500.jpg,Una Pascuas inolvidable junto al MI Facundo Vázquez
https://nau64.com/tag/nau64ajedrez/,https://nau64.com/wp-content/uploads/2026/02/image-8-e1772140438127.png,Fiesta de ajedrez en Nau64: Torneo para No Rankeados y Sub-1600
https://nau64.com/tag/nau64ajedrez/,https://nau64.com/wp-content/uploads/2026/02/IMG-20260209-WA0034-765x500.jpg,Ajedrez entre Amigos – Torneo Amateur Nau64
https://nau64.com/tag/nau64ajedrez/,https://nau64.com/wp-content/uploads/2026/01/1769717488976-765x500.jpg,Culminaron los cuartos de final serie B del Club Cerro
https://nau64.com/tag/nau64ajedrez/,https://nau64.com/wp-content/uploads/2026/01/1769448684079-765x500.jpg,Culminaron los cuartos de final serie A del Club Cerro
https://nau64.com/tag/nau64ajedrez/,https://nau64.com/wp-content/uploads/2026/01/Domingueros-Rapidas-1-14-765x500.jpg,Victoria Contundente de Federico Canias en el Torneo Sabatino de Nau64
https://nau64.com/tag/nau64ajedrez/,https://nau64.com/wp-content/uploads/2026/01/Domingueros-Rapidas-1-12-765x500.jpg,Benjamín Martello se llevó el Sabatino rápido de nau64
https://nau64.com/tag/nau64ajedrez/,https://nau64.com/wp-content/uploads/2025/12/Cartaz-clube-de-xadrez-1-765x500.jpg,XVII Torneo de Reyes VALIDO ELO FUA/FIDE
https://nau64.com/tag/nau64ajedrez/,https://nau64.com/wp-content/uploads/2025/12/Domingueros-Rapidas-1-10-765x500.jpg,Franco Manteiga Ganador de la «Copa AN Edmundo Infante»
https://nau64.com/tag/nau64ajedrez/,https://nau64.com/wp-content/uploads/2025/12/XVI-Torneo-de-Reyes-2025-Primera-Ronda-1-1-765x500.jpg,Emanuel Jesus Se llevó el XXI aniversario Open de nau64
https://nau64.com/author/academia/,https://nau64.com/wp-content/uploads/2026/04/image-2.png,"Eduardo Elena, el «campeón sin corona» de Pando: hazaña histórica y clasificación olímpica"
https://nau64.com/tag/ajedreznacional/,https://nau64.com/wp-content/uploads/2026/04/image-2.png,"Eduardo Elena, el «campeón sin corona» de Pando: hazaña histórica y clasificación olímpica"
https://nau64.com/tag/ajedrezuruguayo/,https://nau64.com/wp-content/uploads/2026/04/image-2.png,"Eduardo Elena, el «campeón sin corona» de Pando: hazaña histórica y clasificación olímpica"
https://nau64.com/tag/clubsolisdepando/,https://nau64.com/wp-content/uploads/2026/04/image-2.png,"Eduardo Elena, el «campeón sin corona» de Pando: hazaña histórica y clasificación olímpica"
https://nau64.com/tag/deporteuruguayo/,https://nau64.com/wp-content/uploads/2026/04/image-2.png,"Eduardo Elena, el «campeón sin corona» de Pando: hazaña histórica y clasificación olímpica"
https://nau64.com/tag/eduardoelena/,https://nau64.com/wp-content/uploads/2026/04/image-2.png,"Eduardo Elena, el «campeón sin corona» de Pando: hazaña histórica y clasificación olímpica"
https://nau64.com/tag/fua/,https://nau64.com/wp-content/uploads/2026/04/image-2.png,"Eduardo Elena, el «campeón sin corona» de Pando: hazaña histórica y clasificación olímpica"
https://nau64.com/tag/mentalidaddecrecimiento/,https://nau64.com/wp-content/uploads/2026/04/image-2.png,"Eduardo Elena, el «campeón sin corona» de Pando: hazaña histórica y clasificación olímpica"
https://nau64.com/tag/olimpiadadeajedrez2026/,https://nau64.com/wp-content/uploads/2026/04/image-2.png,"Eduardo Elena, el «campeón sin corona» de Pando: hazaña histórica y clasificación olímpica"
https://nau64.com/tag/pandocanelones/,https://nau64.com/wp-content/uploads/2026/04/image-2.png,"Eduardo Elena, el «campeón sin corona» de Pando: hazaña histórica y clasificación olímpica"
https://nau64.com/tag/talentolocal/,https://nau64.com/wp-content/uploads/2026/04/image-2.png,"Eduardo Elena, el «campeón sin corona» de Pando: hazaña histórica y clasificación olímpica"
https://nau64.com/category/academia/,https://nau64.com/wp-content/uploads/2026/03/Open135-nau64-FIDE-765x500.png,Open 135 el 6 de abril Torneo Pensado (FIDE)
https://nau64.com/category/academia/,https://nau64.com/wp-content/uploads/2023/06/Sabados-nau64-765x500.png,Sábados a Todo Ajedrez
https://nau64.com/category/academia/,https://nau64.com/wp-content/uploads/2026/02/image-8-e1772140438127.png,Fiesta de ajedrez en Nau64: Torneo para No Rankeados y Sub-1600
https://nau64.com/category/academia/,https://nau64.com/wp-content/uploads/2026/01/1769717488976-765x500.jpg,Culminaron los cuartos de final serie B del Club Cerro
https://nau64.com/category/academia/,https://nau64.com/wp-content/uploads/2026/01/Domingueros-Rapidas-1-14-765x500.jpg,Victoria Contundente de Federico Canias en el Torneo Sabatino de Nau64
https://nau64.com/category/academia/,https://nau64.com/wp-content/uploads/2026/01/Domingueros-Rapidas-1-12-765x500.jpg,Benjamín Martello se llevó el Sabatino rápido de nau64
https://nau64.com/category/academia/,https://nau64.com/wp-content/uploads/2026/01/Domingueros-Rapidas-1-11-765x500.jpg,Final del Festival de Reyes 2026
https://nau64.com/category/academia/,https://nau64.com/wp-content/uploads/2025/12/Cartaz-clube-de-xadrez-1-765x500.jpg,XVII Torneo de Reyes VALIDO ELO FUA/FIDE
https://nau64.com/category/academia/,https://nau64.com/wp-content/uploads/2025/12/Domingueros-Rapidas-1-10-765x500.jpg,Franco Manteiga Ganador de la «Copa AN Edmundo Infante»
https://nau64.com/category/academia/,https://nau64.com/wp-content/uploads/2025/12/XVI-Torneo-de-Reyes-2025-Primera-Ronda-1-1-765x500.jpg,Emanuel Jesus Se llevó el XXI aniversario Open de nau64
https://nau64.com/tag/historia-del-ajedrez/,https://nau64.com/wp-content/uploads/2026/03/Kasparov_vs_Karpov.png,La Batalla Infinita: Karpov vs. Kasparov
https://nau64.com/tag/historia-del-ajedrez/,https://nau64.com/wp-content/uploads/2024/10/Judith_Polgar-644x500.png,La Reina del Ajedrez
https://nau64.com/tag/historia-del-ajedrez/,https://nau64.com/wp-content/uploads/2024/10/FB_IMG_1728252954200-720x500.jpg,El mejor de todos.
https://nau64.com/tag/historia-del-ajedrez/,https://nau64.com/wp-content/uploads/2024/04/Screenshot_2024-04-08-12-27-04-615_com.aimchess-edit-720x500.jpg,Fabiano Caruana
https://nau64.com/tag/historia-del-ajedrez/,https://nau64.com/wp-content/uploads/2024/04/Tal_20240405_095227_0000-765x500.png,Mikhail Tal
https://nau64.com/tag/historia-del-ajedrez/,https://nau64.com/wp-content/uploads/2024/02/SiegbertTarrasch_20240205_012824_0000-765x500.png,Siegbert Tarrasch
https://nau64.com/tag/historia-del-ajedrez/,https://nau64.com/wp-content/uploads/2024/01/BorisSpasski_20240131_215835_0000-765x500.png,Boris Spasski
https://nau64.com/tag/historia-del-ajedrez/,https://nau64.com/wp-content/uploads/2024/01/RuslanPonomariov_20240129_210018_0000-765x500.png,Ruslán Ponomariov
https://nau64.com/tag/historia-del-ajedrez/,https://nau64.com/wp-content/uploads/2024/01/JosC3A9RaC3BAlCapablanca_20240129_205657_0000-765x500.png,José Raúl Capablanca
https://nau64.com/tag/historia-del-ajedrez/,https://nau64.com/wp-content/uploads/2024/01/YasserSeirawan_20240127_004055_0000-765x500.png,Yasser Seirawan
https://nau64.com/tag/internacional/,https://nau64.com/wp-content/uploads/2026/03/Kasparov_vs_Karpov.png,La Batalla Infinita: Karpov vs. Kasparov
https://nau64.com/tag/internacional/,https://nau64.com/wp-content/uploads/2025/12/XVI-Torneo-de-Reyes-2025-Primera-Ronda-1-1-765x500.jpg,Emanuel Jesus Se llevó el XXI aniversario Open de nau64
https://nau64.com/tag/internacional/,https://nau64.com/wp-content/uploads/2024/05/1340345.fcd9c4f7.668x375o.1ee9d69cc0fc402x-765x500.png,GM Wei Yi
https://nau64.com/tag/internacional/,https://nau64.com/wp-content/uploads/2023/07/Screenshot_2023-07-18-04-14-15-369-edit_com.google.android.googlequicksearchbox-765x500.jpg,Super ajedrecistas.
https://nau64.com/tag/internacional/,https://nau64.com/wp-content/uploads/2022/11/10651828229.jpeg,Peter Svidler abandona Rusia
https://nau64.com/page/76/,https://nau64.com/wp-content/uploads/2020/04/2020-04-04-Nicaragua-633x500.png,Liga Panamericana 2020: Uruguay vs Nicaragua.
https://nau64.com/page/76/,https://nau64.com/wp-content/uploads/2020/04/2020-04-04-Olimpiada-643x500.png,Olimpiada 2020: Uruguay vs México.
https://nau64.com/page/76/,https://nau64.com/wp-content/uploads/2020/04/IMG_20200403_112805_698-765x500.jpg,Match entre Gigantes.
https://nau64.com/page/76/,https://nau64.com/wp-content/uploads/2020/04/2020-04-03-Blitz-646x500.png,El CM Emilio Viera campeón Blitz
https://nau64.com/page/76/,https://nau64.com/wp-content/uploads/2020/03/roselli_nau64.jpg,Entrevista a Bernardo Roselli
https://nau64.com/page/76/,https://nau64.com/wp-content/uploads/2020/03/mate_coronavirus.jpg,Jaque Mate al Coronavirus
https://nau64.com/page/76/,https://nau64.com/wp-content/uploads/2020/03/uru_fua_nau64.jpg,Quedate en tu casa! Online
https://nau64.com/page/76/,https://nau64.com/wp-content/uploads/2020/03/2020-03-16-Arena1-e1584445369475.png,Jaque Mate al Coronavirus!
https://nau64.com/calendario-semanal-de-clases/,https://nau64.com/wp-content/uploads/2023/02/INFORMACION-ACADEMIA-NAU64.png,
https://nau64.com/calendario-semanal-de-clases/,https://nau64.com/wp-content/uploads/2023/02/image.png,
https://nau64.com/calendario-semanal-de-clases/,https://nau64.com/wp-content/uploads/2023/02/image.png,
https://nau64.com/calendario-semanal-de-clases/,https://lh5.googleusercontent.com/fftKZch58T63XOGsJiPlj-6wxuirHNEcuxm9xR-PlMjNjquygnFPj7AP77-1r-UzWoEka4OmARmhlSlGlR0iO9I7q9IeW7O0fiYlLUbfix9aoVCCBF2cIipMajQq_T6XjEnao1E2L5YviN9y26FdMg,
https://nau64.com/calendario-semanal-de-clases/,https://nau64.com/wp-content/uploads/2023/08/image.jpeg,
https://nau64.com/2026/06/08/,https://nau64.com/wp-content/uploads/2026/06/Captura-de-pantalla-2026-06-08-160936-765x500.png,La vuelta triunfal de Leonel Recine!
https://nau64.com/2026/06/15/,https://nau64.com/wp-content/uploads/2026/06/Captura-de-pantalla-2026-06-15-153703-765x500.png,1° Abierto Rápido Club Español
https://nau64.com/2026/05/,https://nau64.com/wp-content/uploads/2026/05/Torneo-Viernes-nau64-765x500.png,22 de mayo comienza el 69 Torneo de los Viernes.
https://nau64.com/page/1/#content,https://nau64.com/wp-content/uploads/2024/12/Colorful-Checkered-Chess-Club-Poster-765x500.png,Actividades
https://nau64.com/page/1/#content,https://nau64.com/wp-content/uploads/2023/07/Torneo_nau64_2025_Ajedrez.png,Calendario 2026
https://nau64.com/page/1/#content,https://nau64.com/wp-content/uploads/2026/07/Captura-de-pantalla-2026-07-29-161232-765x500.png,1er Torneo Suizo sistema Match – Rondas 1 y 2
https://nau64.com/page/1/#content,https://nau64.com/wp-content/uploads/2026/07/Captura-de-pantalla-2026-07-29-192513-765x500.png,Open 136: Ronda 2
https://nau64.com/page/1/#content,https://nau64.com/wp-content/uploads/2026/07/Ganador-Sabatino-Rapidas-675x500.png,MN Federico Canias Campeón del Cumpleañero de Julio
https://nau64.com/page/1/#content,https://nau64.com/wp-content/uploads/2026/07/Captura-de-pantalla-2026-07-23-192811-765x500.png,Open 136: Ronda 1
https://nau64.com/page/1/#content,https://nau64.com/wp-content/uploads/2026/07/Captura-de-pantalla-2026-07-13-165211.png,Sorpresa: Miguel Pinto y Daniel Kaciusis Campeones
https://nau64.com/page/1/#content,https://nau64.com/wp-content/uploads/2026/07/Captura-de-pantalla-2026-07-06-180652-765x500.png,II Amateur Sub 1600 de NAU 64
https://nau64.com/page/1/#content,https://nau64.com/wp-content/uploads/2026/07/IMG_20260704_174959-765x500.jpg,"CM Tabare Bustelo y Miguel Pinto, Campeones del sabatino"
https://nau64.com/page/1/#content,https://nau64.com/wp-content/uploads/2026/07/Captura-de-pantalla-2026-07-01-155746-765x500.png,NAU 64 en el Interclubes de Rápidas y Blitz
https://nau64.com/page/1/#content,https://nau64.com/wp-content/uploads/2026/06/Captura-de-pantalla-2026-06-29-161558-765x500.png,Juan Esquibel ganó el sabatino rápido
https://nau64.com/page/1/#content,https://nau64.com/wp-content/uploads/2026/06/Captura-de-pantalla-2026-06-24-155240-765x500.png,"Franco Ugarte y Bruno Escardo, Campeones en los Sabatinos"
https://nau64.com/1er-torneo-suizo-sistema-match-rondas-1-y-2/,https://nau64.com/wp-content/uploads/2026/07/Captura-de-pantalla-2026-07-29-161232-e1785352480924.png,
https://nau64.com/1er-torneo-suizo-sistema-match-rondas-1-y-2/,https://nau64.com/wp-content/uploads/2026/07/image-88.png,
https://nau64.com/1er-torneo-suizo-sistema-match-rondas-1-y-2/,https://nau64.com/wp-content/uploads/2026/07/image-90.png,
https://nau64.com/1er-torneo-suizo-sistema-match-rondas-1-y-2/,https://nau64.com/wp-content/uploads/2026/07/image-84.png,
https://nau64.com/open-136-ronda-2/,https://nau64.com/wp-content/uploads/2026/07/Captura-de-pantalla-2026-07-29-192513-e1785363952488.png,
https://nau64.com/open-136-ronda-2/,https://nau64.com/wp-content/uploads/2026/07/image-85.png,
https://nau64.com/open-136-ronda-2/,https://nau64.com/wp-content/uploads/2026/07/image-86-1024x691.png,
https://nau64.com/open-136-ronda-2/,https://nau64.com/wp-content/uploads/2026/07/image-87-1024x700.png,
https://nau64.com/mn-federico-canias-campeon-del-cumpleanero-de-julio/,https://nau64.com/wp-content/uploads/2026/07/Ganador-Sabatino-Rapidas-e1785340844864.png,
https://nau64.com/mn-federico-canias-campeon-del-cumpleanero-de-julio/,https://nau64.com/wp-content/uploads/2026/07/image-73.png,
https://nau64.com/mn-federico-canias-campeon-del-cumpleanero-de-julio/,https://nau64.com/wp-content/uploads/2026/07/image-74.png,
https://nau64.com/mn-federico-canias-campeon-del-cumpleanero-de-julio/,https://nau64.com/wp-content/uploads/2026/07/image-75.png,
https://nau64.com/mn-federico-canias-campeon-del-cumpleanero-de-julio/,https://nau64.com/wp-content/uploads/2026/07/image-70.png,
https://nau64.com/mn-federico-canias-campeon-del-cumpleanero-de-julio/,https://nau64.com/wp-content/uploads/2026/07/image-71.png,
https://nau64.com/mn-federico-canias-campeon-del-cumpleanero-de-julio/,https://nau64.com/wp-content/uploads/2026/07/image-72.png,
https://nau64.com/mn-federico-canias-campeon-del-cumpleanero-de-julio/,https://nau64.com/wp-content/uploads/2026/07/image-76.png,
https://nau64.com/mn-federico-canias-campeon-del-cumpleanero-de-julio/,https://nau64.com/wp-content/uploads/2026/07/image-77.png,
https://nau64.com/mn-federico-canias-campeon-del-cumpleanero-de-julio/,https://nau64.com/wp-content/uploads/2026/07/image-78.png,
https://nau64.com/mn-federico-canias-campeon-del-cumpleanero-de-julio/,https://nau64.com/wp-content/uploads/2026/07/image-79.png,
https://nau64.com/mn-federico-canias-campeon-del-cumpleanero-de-julio/,https://nau64.com/wp-content/uploads/2026/07/image-80.png,
https://nau64.com/mn-federico-canias-campeon-del-cumpleanero-de-julio/,https://nau64.com/wp-content/uploads/2026/07/image-81.png,
https://nau64.com/mn-federico-canias-campeon-del-cumpleanero-de-julio/,https://nau64.com/wp-content/uploads/2026/07/image-82.png,
https://nau64.com/mn-federico-canias-campeon-del-cumpleanero-de-julio/,https://nau64.com/wp-content/uploads/2026/07/image-83.png,
https://nau64.com/open-136-ronda-1/,https://nau64.com/wp-content/uploads/2026/07/Captura-de-pantalla-2026-07-23-192811-e1784845765910.png,
https://nau64.com/open-136-ronda-1/,https://nau64.com/wp-content/uploads/2026/07/image-66.png,
https://nau64.com/open-136-ronda-1/,https://nau64.com/wp-content/uploads/2026/07/image-67.png,
https://nau64.com/open-136-ronda-1/,https://nau64.com/wp-content/uploads/2026/07/image-68.png,
https://nau64.com/sorpresa-miguel-pinto-y-daniel-kaciusis-campeones/,https://nau64.com/wp-content/uploads/2026/07/Captura-de-pantalla-2026-07-13-165211.png,
https://nau64.com/sorpresa-miguel-pinto-y-daniel-kaciusis-campeones/,https://nau64.com/wp-content/uploads/2026/07/Blog_nau64_Charlie-Posada-1024x459.png,
https://nau64.com/sorpresa-miguel-pinto-y-daniel-kaciusis-campeones/,https://nau64.com/wp-content/uploads/2026/07/image-50.png,
https://nau64.com/sorpresa-miguel-pinto-y-daniel-kaciusis-campeones/,https://nau64.com/wp-content/uploads/2026/07/image-51.png,
https://nau64.com/sorpresa-miguel-pinto-y-daniel-kaciusis-campeones/,https://nau64.com/wp-content/uploads/2026/07/image-65.png,
https://nau64.com/sorpresa-miguel-pinto-y-daniel-kaciusis-campeones/,https://nau64.com/wp-content/uploads/2026/07/image-52.png,
https://nau64.com/sorpresa-miguel-pinto-y-daniel-kaciusis-campeones/,https://nau64.com/wp-content/uploads/2026/07/image-64.png,
https://nau64.com/sorpresa-miguel-pinto-y-daniel-kaciusis-campeones/,https://nau64.com/wp-content/uploads/2026/07/image-53.png,
https://nau64.com/sorpresa-miguel-pinto-y-daniel-kaciusis-campeones/,https://nau64.com/wp-content/uploads/2026/07/image-54.png,
https://nau64.com/sorpresa-miguel-pinto-y-daniel-kaciusis-campeones/,https://nau64.com/wp-content/uploads/2026/07/image-55.png,
https://nau64.com/sorpresa-miguel-pinto-y-daniel-kaciusis-campeones/,https://nau64.com/wp-content/uploads/2026/07/image-56.png,
https://nau64.com/sorpresa-miguel-pinto-y-daniel-kaciusis-campeones/,https://nau64.com/wp-content/uploads/2026/07/image-57.png,
https://nau64.com/sorpresa-miguel-pinto-y-daniel-kaciusis-campeones/,https://nau64.com/wp-content/uploads/2026/07/image-58.png,
https://nau64.com/sorpresa-miguel-pinto-y-daniel-kaciusis-campeones/,https://nau64.com/wp-content/uploads/2026/07/image-59.png,
https://nau64.com/sorpresa-miguel-pinto-y-daniel-kaciusis-campeones/,https://nau64.com/wp-content/uploads/2026/07/image-60.png,
https://nau64.com/sorpresa-miguel-pinto-y-daniel-kaciusis-campeones/,https://nau64.com/wp-content/uploads/2026/07/image-61.png,
https://nau64.com/sorpresa-miguel-pinto-y-daniel-kaciusis-campeones/,https://nau64.com/wp-content/uploads/2026/07/image-62.png,
https://nau64.com/sorpresa-miguel-pinto-y-daniel-kaciusis-campeones/,https://nau64.com/wp-content/uploads/2026/07/image-63.png,
https://nau64.com/sorpresa-miguel-pinto-y-daniel-kaciusis-campeones/,https://nau64.com/wp-content/uploads/2026/07/image-49.png,
https://nau64.com/sorpresa-miguel-pinto-y-daniel-kaciusis-campeones/,https://nau64.com/wp-content/uploads/2026/07/image-48.png,
https://nau64.com/ii-sub-1600-de-nau-64/,https://nau64.com/wp-content/uploads/2026/07/Captura-de-pantalla-2026-07-06-180652-e1783372091659.png,
https://nau64.com/ii-sub-1600-de-nau-64/,https://nau64.com/wp-content/uploads/2026/07/Blog_nau64_Charlie-Posada-1024x459.png,
https://nau64.com/ii-sub-1600-de-nau-64/,https://nau64.com/wp-content/uploads/2026/07/image-27.png,
https://nau64.com/ii-sub-1600-de-nau-64/,https://nau64.com/wp-content/uploads/2026/07/image-28.png,
https://nau64.com/ii-sub-1600-de-nau-64/,https://nau64.com/wp-content/uploads/2026/07/image-29.png,
https://nau64.com/ii-sub-1600-de-nau-64/,https://nau64.com/wp-content/uploads/2026/07/image-30.png,
https://nau64.com/ii-sub-1600-de-nau-64/,https://nau64.com/wp-content/uploads/2026/07/image-31.png,
https://nau64.com/ii-sub-1600-de-nau-64/,https://nau64.com/wp-content/uploads/2026/07/image-34.png,
https://nau64.com/ii-sub-1600-de-nau-64/,https://nau64.com/wp-content/uploads/2026/07/image-33.png,
https://nau64.com/ii-sub-1600-de-nau-64/,https://nau64.com/wp-content/uploads/2026/07/image-32.png,
https://nau64.com/ii-sub-1600-de-nau-64/,https://nau64.com/wp-content/uploads/2026/07/image-35.png,
https://nau64.com/ii-sub-1600-de-nau-64/,https://nau64.com/wp-content/uploads/2026/07/image-36.png,
https://nau64.com/ii-sub-1600-de-nau-64/,https://nau64.com/wp-content/uploads/2026/07/image-37.png,
https://nau64.com/ii-sub-1600-de-nau-64/,https://nau64.com/wp-content/uploads/2026/07/image-38.png,
https://nau64.com/ii-sub-1600-de-nau-64/,https://nau64.com/wp-content/uploads/2026/07/image-39.png,
https://nau64.com/ii-sub-1600-de-nau-64/,https://nau64.com/wp-content/uploads/2026/07/image-40.png,
https://nau64.com/ii-sub-1600-de-nau-64/,https://nau64.com/wp-content/uploads/2026/07/image-41.png,
https://nau64.com/ii-sub-1600-de-nau-64/,https://nau64.com/wp-content/uploads/2026/07/image-42.png,
https://nau64.com/ii-sub-1600-de-nau-64/,https://nau64.com/wp-content/uploads/2026/07/image-43.png,
https://nau64.com/ii-sub-1600-de-nau-64/,https://nau64.com/wp-content/uploads/2026/07/image-44.png,
https://nau64.com/ii-sub-1600-de-nau-64/,https://nau64.com/wp-content/uploads/2026/07/image-45.png,
https://nau64.com/ii-sub-1600-de-nau-64/,https://nau64.com/wp-content/uploads/2026/07/image-46.png,
https://nau64.com/tabare-bustelo-y-miguel-pinto-campeones-del-sabatino/,https://nau64.com/wp-content/uploads/2026/07/IMG_20260704_174959-scaled-e1783433277139.jpg,
https://nau64.com/tabare-bustelo-y-miguel-pinto-campeones-del-sabatino/,https://nau64.com/wp-content/uploads/2026/07/Blog_nau64_Charlie-Posada-1024x459.png,
https://nau64.com/tabare-bustelo-y-miguel-pinto-campeones-del-sabatino/,https://nau64.com/wp-content/uploads/2026/07/image-12.png,
https://nau64.com/tabare-bustelo-y-miguel-pinto-campeones-del-sabatino/,https://nau64.com/wp-content/uploads/2026/07/image-11.png,
https://nau64.com/tabare-bustelo-y-miguel-pinto-campeones-del-sabatino/,https://nau64.com/wp-content/uploads/2026/07/image-14.png,
https://nau64.com/tabare-bustelo-y-miguel-pinto-campeones-del-sabatino/,https://nau64.com/wp-content/uploads/2026/07/image-13.png,
https://nau64.com/tabare-bustelo-y-miguel-pinto-campeones-del-sabatino/,https://nau64.com/wp-content/uploads/2026/07/image-10.png,
https://nau64.com/tabare-bustelo-y-miguel-pinto-campeones-del-sabatino/,https://nau64.com/wp-content/uploads/2026/07/image-15.png,
https://nau64.com/tabare-bustelo-y-miguel-pinto-campeones-del-sabatino/,https://nau64.com/wp-content/uploads/2026/07/image-16.png,
https://nau64.com/tabare-bustelo-y-miguel-pinto-campeones-del-sabatino/,https://nau64.com/wp-content/uploads/2026/07/image-17.png,
https://nau64.com/tabare-bustelo-y-miguel-pinto-campeones-del-sabatino/,https://nau64.com/wp-content/uploads/2026/07/image-18.png,
https://nau64.com/tabare-bustelo-y-miguel-pinto-campeones-del-sabatino/,https://nau64.com/wp-content/uploads/2026/07/image-19.png,
https://nau64.com/tabare-bustelo-y-miguel-pinto-campeones-del-sabatino/,https://nau64.com/wp-content/uploads/2026/07/image-20.png,
https://nau64.com/tabare-bustelo-y-miguel-pinto-campeones-del-sabatino/,https://nau64.com/wp-content/uploads/2026/07/image-21.png,
https://nau64.com/tabare-bustelo-y-miguel-pinto-campeones-del-sabatino/,https://nau64.com/wp-content/uploads/2026/07/image-22.png,
https://nau64.com/tabare-bustelo-y-miguel-pinto-campeones-del-sabatino/,https://nau64.com/wp-content/uploads/2026/07/image-23.png,
https://nau64.com/tabare-bustelo-y-miguel-pinto-campeones-del-sabatino/,https://nau64.com/wp-content/uploads/2026/07/image-24.png,
https://nau64.com/tabare-bustelo-y-miguel-pinto-campeones-del-sabatino/,https://nau64.com/wp-content/uploads/2026/07/image-26.png,
https://nau64.com/tabare-bustelo-y-miguel-pinto-campeones-del-sabatino/,https://nau64.com/wp-content/uploads/2026/07/image-25.png,
https://nau64.com/nau-64-en-el-interclubes-de-rapidas-y-blitz/,https://nau64.com/wp-content/uploads/2026/07/Captura-de-pantalla-2026-07-01-155746-e1782932306821.png,
https://nau64.com/nau-64-en-el-interclubes-de-rapidas-y-blitz/,https://nau64.com/wp-content/uploads/2026/07/Blog_nau64_Charlie-Posada-1024x459.png,
https://nau64.com/nau-64-en-el-interclubes-de-rapidas-y-blitz/,https://nau64.com/wp-content/uploads/2026/06/image-55-1024x177.png,
https://nau64.com/nau-64-en-el-interclubes-de-rapidas-y-blitz/,https://nau64.com/wp-content/uploads/2026/07/image-1.png,
https://nau64.com/nau-64-en-el-interclubes-de-rapidas-y-blitz/,https://nau64.com/wp-content/uploads/2026/06/image-56-1024x169.png,
https://nau64.com/nau-64-en-el-interclubes-de-rapidas-y-blitz/,https://nau64.com/wp-content/uploads/2026/07/image-2.png,
https://nau64.com/nau-64-en-el-interclubes-de-rapidas-y-blitz/,https://nau64.com/wp-content/uploads/2026/06/image-57.png,
https://nau64.com/nau-64-en-el-interclubes-de-rapidas-y-blitz/,https://nau64.com/wp-content/uploads/2026/07/image-5.png,
https://nau64.com/nau-64-en-el-interclubes-de-rapidas-y-blitz/,https://nau64.com/wp-content/uploads/2026/06/image-58.png,
https://nau64.com/nau-64-en-el-interclubes-de-rapidas-y-blitz/,https://nau64.com/wp-content/uploads/2026/07/image-4.png,
https://nau64.com/nau-64-en-el-interclubes-de-rapidas-y-blitz/,https://nau64.com/wp-content/uploads/2026/06/image-59.png,
https://nau64.com/nau-64-en-el-interclubes-de-rapidas-y-blitz/,https://nau64.com/wp-content/uploads/2026/07/image-6.png,
https://nau64.com/nau-64-en-el-interclubes-de-rapidas-y-blitz/,https://nau64.com/wp-content/uploads/2026/07/image-1024x680.png,
https://nau64.com/nau-64-en-el-interclubes-de-rapidas-y-blitz/,https://nau64.com/wp-content/uploads/2026/06/image-60-1024x177.png,
https://nau64.com/nau-64-en-el-interclubes-de-rapidas-y-blitz/,https://nau64.com/wp-content/uploads/2026/06/image-61-1024x172.png,
https://nau64.com/nau-64-en-el-interclubes-de-rapidas-y-blitz/,https://nau64.com/wp-content/uploads/2026/06/image-62-1024x177.png,
https://nau64.com/nau-64-en-el-interclubes-de-rapidas-y-blitz/,https://nau64.com/wp-content/uploads/2026/06/image-63-1024x170.png,
https://nau64.com/nau-64-en-el-interclubes-de-rapidas-y-blitz/,https://nau64.com/wp-content/uploads/2026/07/image-8.png,
https://nau64.com/nau-64-en-el-interclubes-de-rapidas-y-blitz/,https://nau64.com/wp-content/uploads/2026/07/image-3.png,
https://nau64.com/nau-64-en-el-interclubes-de-rapidas-y-blitz/,https://nau64.com/wp-content/uploads/2026/07/image-9.png,
https://nau64.com/juan-esquibel-gano-el-sabatino-rapido/,https://nau64.com/wp-content/uploads/2026/06/Captura-de-pantalla-2026-06-29-161558-e1782760603272.png,
https://nau64.com/juan-esquibel-gano-el-sabatino-rapido/,https://nau64.com/wp-content/uploads/2026/07/Blog_nau64_Charlie-Posada-1024x459.png,
https://nau64.com/juan-esquibel-gano-el-sabatino-rapido/,https://nau64.com/wp-content/uploads/2026/06/image-78.png,
https://nau64.com/juan-esquibel-gano-el-sabatino-rapido/,https://nau64.com/wp-content/uploads/2026/06/image-66.png,
https://nau64.com/juan-esquibel-gano-el-sabatino-rapido/,https://nau64.com/wp-content/uploads/2026/06/image-67.png,
https://nau64.com/juan-esquibel-gano-el-sabatino-rapido/,https://nau64.com/wp-content/uploads/2026/06/image-65.png,
https://nau64.com/juan-esquibel-gano-el-sabatino-rapido/,https://nau64.com/wp-content/uploads/2026/06/image-64.png,
https://nau64.com/juan-esquibel-gano-el-sabatino-rapido/,https://nau64.com/wp-content/uploads/2026/06/image-68.png,
https://nau64.com/juan-esquibel-gano-el-sabatino-rapido/,https://nau64.com/wp-content/uploads/2026/06/image-69.png,
https://nau64.com/juan-esquibel-gano-el-sabatino-rapido/,https://nau64.com/wp-content/uploads/2026/06/image-70.png,
https://nau64.com/juan-esquibel-gano-el-sabatino-rapido/,https://nau64.com/wp-content/uploads/2026/06/image-71.png,
https://nau64.com/juan-esquibel-gano-el-sabatino-rapido/,https://nau64.com/wp-content/uploads/2026/06/image-72.png,
https://nau64.com/juan-esquibel-gano-el-sabatino-rapido/,https://nau64.com/wp-content/uploads/2026/06/image-73.png,
https://nau64.com/juan-esquibel-gano-el-sabatino-rapido/,https://nau64.com/wp-content/uploads/2026/06/image-74.png,
https://nau64.com/juan-esquibel-gano-el-sabatino-rapido/,https://nau64.com/wp-content/uploads/2026/06/image-75.png,
https://nau64.com/juan-esquibel-gano-el-sabatino-rapido/,https://nau64.com/wp-content/uploads/2026/06/image-76.png,
https://nau64.com/juan-esquibel-gano-el-sabatino-rapido/,https://nau64.com/wp-content/uploads/2026/06/image-77.png,
https://nau64.com/franco-ugarte-y-bruno-escardo-campeones-en-los-sabatino/,https://nau64.com/wp-content/uploads/2026/06/Captura-de-pantalla-2026-06-24-155240-e1782328482779.png,
https://nau64.com/franco-ugarte-y-bruno-escardo-campeones-en-los-sabatino/,https://nau64.com/wp-content/uploads/2026/06/image-42.png,
https://nau64.com/franco-ugarte-y-bruno-escardo-campeones-en-los-sabatino/,https://nau64.com/wp-content/uploads/2026/06/image-44.png,
https://nau64.com/franco-ugarte-y-bruno-escardo-campeones-en-los-sabatino/,https://nau64.com/wp-content/uploads/2026/06/image-45.png,
https://nau64.com/franco-ugarte-y-bruno-escardo-campeones-en-los-sabatino/,https://nau64.com/wp-content/uploads/2026/06/image-46.png,
https://nau64.com/franco-ugarte-y-bruno-escardo-campeones-en-los-sabatino/,https://nau64.com/wp-content/uploads/2026/06/image-47.png,
https://nau64.com/franco-ugarte-y-bruno-escardo-campeones-en-los-sabatino/,https://nau64.com/wp-content/uploads/2026/06/image-48.png,
https://nau64.com/franco-ugarte-y-bruno-escardo-campeones-en-los-sabatino/,https://nau64.com/wp-content/uploads/2026/06/image-49.png,
https://nau64.com/franco-ugarte-y-bruno-escardo-campeones-en-los-sabatino/,https://nau64.com/wp-content/uploads/2026/06/image-50.png,
https://nau64.com/franco-ugarte-y-bruno-escardo-campeones-en-los-sabatino/,https://nau64.com/wp-content/uploads/2026/06/image-51.png,
https://nau64.com/franco-ugarte-y-bruno-escardo-campeones-en-los-sabatino/,https://nau64.com/wp-content/uploads/2026/06/image-52.png,
https://nau64.com/franco-ugarte-y-bruno-escardo-campeones-en-los-sabatino/,https://nau64.com/wp-content/uploads/2026/06/image-53.png,
https://nau64.com/franco-ugarte-y-bruno-escardo-campeones-en-los-sabatino/,https://nau64.com/wp-content/uploads/2026/06/image-54.png,
https://nau64.com/franco-ugarte-y-bruno-escardo-campeones-en-los-sabatino/,https://nau64.com/wp-content/uploads/2026/06/image-34.png,
https://nau64.com/category/partidas/,https://nau64.com/wp-content/uploads/2026/07/Captura-de-pantalla-2026-07-29-161232-765x500.png,1er Torneo Suizo sistema Match – Rondas 1 y 2
https://nau64.com/category/partidas/,https://nau64.com/wp-content/uploads/2026/07/Captura-de-pantalla-2026-07-29-192513-765x500.png,Open 136: Ronda 2
https://nau64.com/category/partidas/,https://nau64.com/wp-content/uploads/2026/07/Ganador-Sabatino-Rapidas-675x500.png,MN Federico Canias Campeón del Cumpleañero de Julio
https://nau64.com/category/partidas/,https://nau64.com/wp-content/uploads/2026/07/Captura-de-pantalla-2026-07-23-192811-765x500.png,Open 136: Ronda 1
https://nau64.com/category/partidas/,https://nau64.com/wp-content/uploads/2026/07/Captura-de-pantalla-2026-07-13-165211.png,Sorpresa: Miguel Pinto y Daniel Kaciusis Campeones
https://nau64.com/category/partidas/,https://nau64.com/wp-content/uploads/2026/07/Captura-de-pantalla-2026-07-06-180652-765x500.png,II Amateur Sub 1600 de NAU 64
https://nau64.com/category/partidas/,https://nau64.com/wp-content/uploads/2026/06/Captura-de-pantalla-2026-06-29-161558-765x500.png,Juan Esquibel ganó el sabatino rápido
https://nau64.com/category/partidas/,https://nau64.com/wp-content/uploads/2026/06/Captura-de-pantalla-2026-06-24-155240-765x500.png,"Franco Ugarte y Bruno Escardo, Campeones en los Sabatinos"
https://nau64.com/category/partidas/,https://nau64.com/wp-content/uploads/2026/06/Captura-de-pantalla-2026-06-22-160454-765x500.png,Torneo Standard Viernes LXIX «El Original»
https://nau64.com/category/partidas/,https://nau64.com/wp-content/uploads/2023/06/Sabados-nau64-765x500.png,Sábados a Todo Ajedrez
https://nau64.com/1er-torneo-suizo-sistema-match-rondas-1-y-2/#respond,https://nau64.com/wp-content/uploads/2026/07/Captura-de-pantalla-2026-07-29-161232-e1785352480924.png,
https://nau64.com/1er-torneo-suizo-sistema-match-rondas-1-y-2/#respond,https://nau64.com/wp-content/uploads/2026/07/image-88.png,
https://nau64.com/1er-torneo-suizo-sistema-match-rondas-1-y-2/#respond,https://nau64.com/wp-content/uploads/2026/07/image-90.png,
https://nau64.com/1er-torneo-suizo-sistema-match-rondas-1-y-2/#respond,https://nau64.com/wp-content/uploads/2026/07/image-84.png,
https://nau64.com/category/fide/,https://nau64.com/wp-content/uploads/2026/07/Captura-de-pantalla-2026-07-29-192513-765x500.png,Open 136: Ronda 2
https://nau64.com/category/fide/,https://nau64.com/wp-content/uploads/2026/07/Ganador-Sabatino-Rapidas-675x500.png,MN Federico Canias Campeón del Cumpleañero de Julio
https://nau64.com/category/fide/,https://nau64.com/wp-content/uploads/2026/07/Captura-de-pantalla-2026-07-23-192811-765x500.png,Open 136: Ronda 1
https://nau64.com/category/fide/,https://nau64.com/wp-content/uploads/2026/07/Captura-de-pantalla-2026-07-13-165211.png,Sorpresa: Miguel Pinto y Daniel Kaciusis Campeones
https://nau64.com/category/fide/,https://nau64.com/wp-content/uploads/2026/07/Captura-de-pantalla-2026-07-06-180652-765x500.png,II Amateur Sub 1600 de NAU 64
https://nau64.com/category/fide/,https://nau64.com/wp-content/uploads/2026/06/Captura-de-pantalla-2026-06-29-161558-765x500.png,Juan Esquibel ganó el sabatino rápido
https://nau64.com/category/fide/,https://nau64.com/wp-content/uploads/2026/06/Captura-de-pantalla-2026-06-22-160454-765x500.png,Torneo Standard Viernes LXIX «El Original»
https://nau64.com/category/fide/,https://nau64.com/wp-content/uploads/2026/01/1769717488976-765x500.jpg,Culminaron los cuartos de final serie B del Club Cerro
https://nau64.com/category/fide/,https://nau64.com/wp-content/uploads/2026/01/1769448684079-765x500.jpg,Culminaron los cuartos de final serie A del Club Cerro
https://nau64.com/category/fide/,https://nau64.com/wp-content/uploads/2026/01/Domingueros-Rapidas-1-14-765x500.jpg,Victoria Contundente de Federico Canias en el Torneo Sabatino de Nau64
https://nau64.com/open-136-ronda-2/#respond,https://nau64.com/wp-content/uploads/2026/07/Captura-de-pantalla-2026-07-29-192513-e1785363952488.png,
https://nau64.com/open-136-ronda-2/#respond,https://nau64.com/wp-content/uploads/2026/07/image-85.png,
https://nau64.com/open-136-ronda-2/#respond,https://nau64.com/wp-content/uploads/2026/07/image-86-1024x691.png,
https://nau64.com/open-136-ronda-2/#respond,https://nau64.com/wp-content/uploads/2026/07/image-87-1024x700.png,
https://nau64.com/mn-federico-canias-campeon-del-cumpleanero-de-julio/#respond,https://nau64.com/wp-content/uploads/2026/07/Ganador-Sabatino-Rapidas-e1785340844864.png,
https://nau64.com/mn-federico-canias-campeon-del-cumpleanero-de-julio/#respond,https://nau64.com/wp-content/uploads/2026/07/image-73.png,
https://nau64.com/mn-federico-canias-campeon-del-cumpleanero-de-julio/#respond,https://nau64.com/wp-content/uploads/2026/07/image-74.png,
https://nau64.com/mn-federico-canias-campeon-del-cumpleanero-de-julio/#respond,https://nau64.com/wp-content/uploads/2026/07/image-75.png,
https://nau64.com/mn-federico-canias-campeon-del-cumpleanero-de-julio/#respond,https://nau64.com/wp-content/uploads/2026/07/image-70.png,
https://nau64.com/mn-federico-canias-campeon-del-cumpleanero-de-julio/#respond,https://nau64.com/wp-content/uploads/2026/07/image-71.png,
https://nau64.com/mn-federico-canias-campeon-del-cumpleanero-de-julio/#respond,https://nau64.com/wp-content/uploads/2026/07/image-72.png,
https://nau64.com/mn-federico-canias-campeon-del-cumpleanero-de-julio/#respond,https://nau64.com/wp-content/uploads/2026/07/image-76.png,
https://nau64.com/mn-federico-canias-campeon-del-cumpleanero-de-julio/#respond,https://nau64.com/wp-content/uploads/2026/07/image-77.png,
https://nau64.com/mn-federico-canias-campeon-del-cumpleanero-de-julio/#respond,https://nau64.com/wp-content/uploads/2026/07/image-78.png,
https://nau64.com/mn-federico-canias-campeon-del-cumpleanero-de-julio/#respond,https://nau64.com/wp-content/uploads/2026/07/image-79.png,
https://nau64.com/mn-federico-canias-campeon-del-cumpleanero-de-julio/#respond,https://nau64.com/wp-content/uploads/2026/07/image-80.png,
https://nau64.com/mn-federico-canias-campeon-del-cumpleanero-de-julio/#respond,https://nau64.com/wp-content/uploads/2026/07/image-81.png,
https://nau64.com/mn-federico-canias-campeon-del-cumpleanero-de-julio/#respond,https://nau64.com/wp-content/uploads/2026/07/image-82.png,
https://nau64.com/mn-federico-canias-campeon-del-cumpleanero-de-julio/#respond,https://nau64.com/wp-content/uploads/2026/07/image-83.png,
https://nau64.com/open-136-ronda-1/#respond,https://nau64.com/wp-content/uploads/2026/07/Captura-de-pantalla-2026-07-23-192811-e1784845765910.png,
https://nau64.com/open-136-ronda-1/#respond,https://nau64.com/wp-content/uploads/2026/07/image-66.png,
https://nau64.com/open-136-ronda-1/#respond,https://nau64.com/wp-content/uploads/2026/07/image-67.png,
https://nau64.com/open-136-ronda-1/#respond,https://nau64.com/wp-content/uploads/2026/07/image-68.png,
https://nau64.com/sorpresa-miguel-pinto-y-daniel-kaciusis-campeones/#respond,https://nau64.com/wp-content/uploads/2026/07/Captura-de-pantalla-2026-07-13-165211.png,
https://nau64.com/sorpresa-miguel-pinto-y-daniel-kaciusis-campeones/#respond,https://nau64.com/wp-content/uploads/2026/07/Blog_nau64_Charlie-Posada-1024x459.png,
https://nau64.com/sorpresa-miguel-pinto-y-daniel-kaciusis-campeones/#respond,https://nau64.com/wp-content/uploads/2026/07/image-50.png,
https://nau64.com/sorpresa-miguel-pinto-y-daniel-kaciusis-campeones/#respond,https://nau64.com/wp-content/uploads/2026/07/image-51.png,
https://nau64.com/sorpresa-miguel-pinto-y-daniel-kaciusis-campeones/#respond,https://nau64.com/wp-content/uploads/2026/07/image-65.png,
https://nau64.com/sorpresa-miguel-pinto-y-daniel-kaciusis-campeones/#respond,https://nau64.com/wp-content/uploads/2026/07/image-52.png,
https://nau64.com/sorpresa-miguel-pinto-y-daniel-kaciusis-campeones/#respond,https://nau64.com/wp-content/uploads/2026/07/image-64.png,
https://nau64.com/sorpresa-miguel-pinto-y-daniel-kaciusis-campeones/#respond,https://nau64.com/wp-content/uploads/2026/07/image-53.png,
https://nau64.com/sorpresa-miguel-pinto-y-daniel-kaciusis-campeones/#respond,https://nau64.com/wp-content/uploads/2026/07/image-54.png,
https://nau64.com/sorpresa-miguel-pinto-y-daniel-kaciusis-campeones/#respond,https://nau64.com/wp-content/uploads/2026/07/image-55.png,
https://nau64.com/sorpresa-miguel-pinto-y-daniel-kaciusis-campeones/#respond,https://nau64.com/wp-content/uploads/2026/07/image-56.png,
https://nau64.com/sorpresa-miguel-pinto-y-daniel-kaciusis-campeones/#respond,https://nau64.com/wp-content/uploads/2026/07/image-57.png,
https://nau64.com/sorpresa-miguel-pinto-y-daniel-kaciusis-campeones/#respond,https://nau64.com/wp-content/uploads/2026/07/image-58.png,
https://nau64.com/sorpresa-miguel-pinto-y-daniel-kaciusis-campeones/#respond,https://nau64.com/wp-content/uploads/2026/07/image-59.png,
https://nau64.com/sorpresa-miguel-pinto-y-daniel-kaciusis-campeones/#respond,https://nau64.com/wp-content/uploads/2026/07/image-60.png,
https://nau64.com/sorpresa-miguel-pinto-y-daniel-kaciusis-campeones/#respond,https://nau64.com/wp-content/uploads/2026/07/image-61.png,
https://nau64.com/sorpresa-miguel-pinto-y-daniel-kaciusis-campeones/#respond,https://nau64.com/wp-content/uploads/2026/07/image-62.png,
https://nau64.com/sorpresa-miguel-pinto-y-daniel-kaciusis-campeones/#respond,https://nau64.com/wp-content/uploads/2026/07/image-63.png,
https://nau64.com/sorpresa-miguel-pinto-y-daniel-kaciusis-campeones/#respond,https://nau64.com/wp-content/uploads/2026/07/image-49.png,
https://nau64.com/sorpresa-miguel-pinto-y-daniel-kaciusis-campeones/#respond,https://nau64.com/wp-content/uploads/2026/07/image-48.png,
https://nau64.com/ii-sub-1600-de-nau-64/#respond,https://nau64.com/wp-content/uploads/2026/07/Captura-de-pantalla-2026-07-06-180652-e1783372091659.png,
https://nau64.com/ii-sub-1600-de-nau-64/#respond,https://nau64.com/wp-content/uploads/2026/07/Blog_nau64_Charlie-Posada-1024x459.png,
https://nau64.com/ii-sub-1600-de-nau-64/#respond,https://nau64.com/wp-content/uploads/2026/07/image-27.png,
https://nau64.com/ii-sub-1600-de-nau-64/#respond,https://nau64.com/wp-content/uploads/2026/07/image-28.png,
https://nau64.com/ii-sub-1600-de-nau-64/#respond,https://nau64.com/wp-content/uploads/2026/07/image-29.png,
https://nau64.com/ii-sub-1600-de-nau-64/#respond,https://nau64.com/wp-content/uploads/2026/07/image-30.png,
https://nau64.com/ii-sub-1600-de-nau-64/#respond,https://nau64.com/wp-content/uploads/2026/07/image-31.png,
https://nau64.com/ii-sub-1600-de-nau-64/#respond,https://nau64.com/wp-content/uploads/2026/07/image-34.png,
https://nau64.com/ii-sub-1600-de-nau-64/#respond,https://nau64.com/wp-content/uploads/2026/07/image-33.png,
https://nau64.com/ii-sub-1600-de-nau-64/#respond,https://nau64.com/wp-content/uploads/2026/07/image-32.png,
https://nau64.com/ii-sub-1600-de-nau-64/#respond,https://nau64.com/wp-content/uploads/2026/07/image-35.png,
https://nau64.com/ii-sub-1600-de-nau-64/#respond,https://nau64.com/wp-content/uploads/2026/07/image-36.png,
https://nau64.com/ii-sub-1600-de-nau-64/#respond,https://nau64.com/wp-content/uploads/2026/07/image-37.png,
https://nau64.com/ii-sub-1600-de-nau-64/#respond,https://nau64.com/wp-content/uploads/2026/07/image-38.png,
https://nau64.com/ii-sub-1600-de-nau-64/#respond,https://nau64.com/wp-content/uploads/2026/07/image-39.png,
https://nau64.com/ii-sub-1600-de-nau-64/#respond,https://nau64.com/wp-content/uploads/2026/07/image-40.png,
https://nau64.com/ii-sub-1600-de-nau-64/#respond,https://nau64.com/wp-content/uploads/2026/07/image-41.png,
https://nau64.com/ii-sub-1600-de-nau-64/#respond,https://nau64.com/wp-content/uploads/2026/07/image-42.png,
https://nau64.com/ii-sub-1600-de-nau-64/#respond,https://nau64.com/wp-content/uploads/2026/07/image-43.png,
https://nau64.com/ii-sub-1600-de-nau-64/#respond,https://nau64.com/wp-content/uploads/2026/07/image-44.png,
https://nau64.com/ii-sub-1600-de-nau-64/#respond,https://nau64.com/wp-content/uploads/2026/07/image-45.png,
https://nau64.com/ii-sub-1600-de-nau-64/#respond,https://nau64.com/wp-content/uploads/2026/07/image-46.png,
https://nau64.com/tabare-bustelo-y-miguel-pinto-campeones-del-sabatino/#respond,https://nau64.com/wp-content/uploads/2026/07/IMG_20260704_174959-scaled-e1783433277139.jpg,
https://nau64.com/tabare-bustelo-y-miguel-pinto-campeones-del-sabatino/#respond,https://nau64.com/wp-content/uploads/2026/07/Blog_nau64_Charlie-Posada-1024x459.png,
https://nau64.com/tabare-bustelo-y-miguel-pinto-campeones-del-sabatino/#respond,https://nau64.com/wp-content/uploads/2026/07/image-12.png,
https://nau64.com/tabare-bustelo-y-miguel-pinto-campeones-del-sabatino/#respond,https://nau64.com/wp-content/uploads/2026/07/image-11.png,
https://nau64.com/tabare-bustelo-y-miguel-pinto-campeones-del-sabatino/#respond,https://nau64.com/wp-content/uploads/2026/07/image-14.png,
https://nau64.com/tabare-bustelo-y-miguel-pinto-campeones-del-sabatino/#respond,https://nau64.com/wp-content/uploads/2026/07/image-13.png,
https://nau64.com/tabare-bustelo-y-miguel-pinto-campeones-del-sabatino/#respond,https://nau64.com/wp-content/uploads/2026/07/image-10.png,
https://nau64.com/tabare-bustelo-y-miguel-pinto-campeones-del-sabatino/#respond,https://nau64.com/wp-content/uploads/2026/07/image-15.png,
https://nau64.com/tabare-bustelo-y-miguel-pinto-campeones-del-sabatino/#respond,https://nau64.com/wp-content/uploads/2026/07/image-16.png,
https://nau64.com/tabare-bustelo-y-miguel-pinto-campeones-del-sabatino/#respond,https://nau64.com/wp-content/uploads/2026/07/image-17.png,
https://nau64.com/tabare-bustelo-y-miguel-pinto-campeones-del-sabatino/#respond,https://nau64.com/wp-content/uploads/2026/07/image-18.png,
https://nau64.com/tabare-bustelo-y-miguel-pinto-campeones-del-sabatino/#respond,https://nau64.com/wp-content/uploads/2026/07/image-19.png,
https://nau64.com/tabare-bustelo-y-miguel-pinto-campeones-del-sabatino/#respond,https://nau64.com/wp-content/uploads/2026/07/image-20.png,
https://nau64.com/tabare-bustelo-y-miguel-pinto-campeones-del-sabatino/#respond,https://nau64.com/wp-content/uploads/2026/07/image-21.png,
https://nau64.com/tabare-bustelo-y-miguel-pinto-campeones-del-sabatino/#respond,https://nau64.com/wp-content/uploads/2026/07/image-22.png,
https://nau64.com/tabare-bustelo-y-miguel-pinto-campeones-del-sabatino/#respond,https://nau64.com/wp-content/uploads/2026/07/image-23.png,
https://nau64.com/tabare-bustelo-y-miguel-pinto-campeones-del-sabatino/#respond,https://nau64.com/wp-content/uploads/2026/07/image-24.png,
https://nau64.com/tabare-bustelo-y-miguel-pinto-campeones-del-sabatino/#respond,https://nau64.com/wp-content/uploads/2026/07/image-26.png,
https://nau64.com/tabare-bustelo-y-miguel-pinto-campeones-del-sabatino/#respond,https://nau64.com/wp-content/uploads/2026/07/image-25.png,
https://nau64.com/category/fua/,https://nau64.com/wp-content/uploads/2026/07/Captura-de-pantalla-2026-07-01-155746-765x500.png,NAU 64 en el Interclubes de Rápidas y Blitz
https://nau64.com/category/fua/,https://nau64.com/wp-content/uploads/2026/01/1769717488976-765x500.jpg,Culminaron los cuartos de final serie B del Club Cerro
https://nau64.com/category/fua/,https://nau64.com/wp-content/uploads/2026/01/1769448684079-765x500.jpg,Culminaron los cuartos de final serie A del Club Cerro
https://nau64.com/category/fua/,https://nau64.com/wp-content/uploads/2025/12/Domingueros-Rapidas-1-10-765x500.jpg,Franco Manteiga Ganador de la «Copa AN Edmundo Infante»
https://nau64.com/category/fua/,https://nau64.com/wp-content/uploads/2025/02/SemifinalesFemenina_nau64_2025_2-450x500.jpg,Semifinales Uruguayo Femenino
https://nau64.com/category/fua/,https://nau64.com/wp-content/uploads/2024/03/Uruguayo-Femenino-2024-765x500.png,Campeonato Uruguayo Femenino 2024
https://nau64.com/category/fua/,https://nau64.com/wp-content/uploads/2024/03/Uruguayo2024-Post-Final-Absoluto-765x500.png,Campeonato Uruguayo Absoluto 2024
https://nau64.com/category/fua/,https://nau64.com/wp-content/uploads/2024/03/Uruguayo-Femenino-2024-765x500.png,Jugadoras Final Femenina Uruguayo 2024
https://nau64.com/category/fua/,https://nau64.com/wp-content/uploads/2024/03/Uruguayo2024-Post-Final-Absoluto-765x500.png,Jugadores Final Absoluta Uruguayo 2024
https://nau64.com/category/fua/,https://nau64.com/wp-content/uploads/2024/03/Uruguayo2024-Post-Final--765x500.png,Uruguayo 2024
https://nau64.com/nau-64-en-el-interclubes-de-rapidas-y-blitz/#respond,https://nau64.com/wp-content/uploads/2026/07/Captura-de-pantalla-2026-07-01-155746-e1782932306821.png,
https://nau64.com/nau-64-en-el-interclubes-de-rapidas-y-blitz/#respond,https://nau64.com/wp-content/uploads/2026/07/Blog_nau64_Charlie-Posada-1024x459.png,
https://nau64.com/nau-64-en-el-interclubes-de-rapidas-y-blitz/#respond,https://nau64.com/wp-content/uploads/2026/06/image-55-1024x177.png,
https://nau64.com/nau-64-en-el-interclubes-de-rapidas-y-blitz/#respond,https://nau64.com/wp-content/uploads/2026/07/image-1.png,
https://nau64.com/nau-64-en-el-interclubes-de-rapidas-y-blitz/#respond,https://nau64.com/wp-content/uploads/2026/06/image-56-1024x169.png,
https://nau64.com/nau-64-en-el-interclubes-de-rapidas-y-blitz/#respond,https://nau64.com/wp-content/uploads/2026/07/image-2.png,
https://nau64.com/nau-64-en-el-interclubes-de-rapidas-y-blitz/#respond,https://nau64.com/wp-content/uploads/2026/06/image-57.png,
https://nau64.com/nau-64-en-el-interclubes-de-rapidas-y-blitz/#respond,https://nau64.com/wp-content/uploads/2026/07/image-5.png,
https://nau64.com/nau-64-en-el-interclubes-de-rapidas-y-blitz/#respond,https://nau64.com/wp-content/uploads/2026/06/image-58.png,
https://nau64.com/nau-64-en-el-interclubes-de-rapidas-y-blitz/#respond,https://nau64.com/wp-content/uploads/2026/07/image-4.png,
https://nau64.com/nau-64-en-el-interclubes-de-rapidas-y-blitz/#respond,https://nau64.com/wp-content/uploads/2026/06/image-59.png,
https://nau64.com/nau-64-en-el-interclubes-de-rapidas-y-blitz/#respond,https://nau64.com/wp-content/uploads/2026/07/image-6.png,
https://nau64.com/nau-64-en-el-interclubes-de-rapidas-y-blitz/#respond,https://nau64.com/wp-content/uploads/2026/07/image-1024x680.png,
https://nau64.com/nau-64-en-el-interclubes-de-rapidas-y-blitz/#respond,https://nau64.com/wp-content/uploads/2026/06/image-60-1024x177.png,
https://nau64.com/nau-64-en-el-interclubes-de-rapidas-y-blitz/#respond,https://nau64.com/wp-content/uploads/2026/06/image-61-1024x172.png,
https://nau64.com/nau-64-en-el-interclubes-de-rapidas-y-blitz/#respond,https://nau64.com/wp-content/uploads/2026/06/image-62-1024x177.png,
https://nau64.com/nau-64-en-el-interclubes-de-rapidas-y-blitz/#respond,https://nau64.com/wp-content/uploads/2026/06/image-63-1024x170.png,
https://nau64.com/nau-64-en-el-interclubes-de-rapidas-y-blitz/#respond,https://nau64.com/wp-content/uploads/2026/07/image-8.png,
https://nau64.com/nau-64-en-el-interclubes-de-rapidas-y-blitz/#respond,https://nau64.com/wp-content/uploads/2026/07/image-3.png,
https://nau64.com/nau-64-en-el-interclubes-de-rapidas-y-blitz/#respond,https://nau64.com/wp-content/uploads/2026/07/image-9.png,
https://nau64.com/page/77/,https://nau64.com/wp-content/uploads/2020/04/Diego_Carbone_nau64_Fua_Ajedrez-765x500.jpg,El MF Diego Carbone gano el Blitz del 6 de abril.
https://nau64.com/page/77/,https://nau64.com/wp-content/uploads/2020/04/teche-nau-462x500.jpg,Techera se llevo el dominguero.
https://nau64.com/page/77/,https://nau64.com/wp-content/uploads/2020/04/2020-04-04-Nicaragua-633x500.png,Liga Panamericana 2020: Uruguay vs Nicaragua.
https://nau64.com/page/77/,https://nau64.com/wp-content/uploads/2020/04/2020-04-04-Olimpiada-643x500.png,Olimpiada 2020: Uruguay vs México.
https://nau64.com/page/77/,https://nau64.com/wp-content/uploads/2020/04/IMG_20200403_112805_698-765x500.jpg,Match entre Gigantes.
https://nau64.com/page/77/,https://nau64.com/wp-content/uploads/2020/04/2020-04-03-Blitz-646x500.png,El CM Emilio Viera campeón Blitz
https://nau64.com/page/77/,https://nau64.com/wp-content/uploads/2020/03/roselli_nau64.jpg,Entrevista a Bernardo Roselli
https://nau64.com/page/77/,https://nau64.com/wp-content/uploads/2020/03/mate_coronavirus.jpg,Jaque Mate al Coronavirus
https://nau64.com/page/77/,https://nau64.com/wp-content/uploads/2020/03/uru_fua_nau64.jpg,Quedate en tu casa! Online
https://nau64.com/page/77/,https://nau64.com/wp-content/uploads/2020/03/2020-03-16-Arena1-e1584445369475.png,Jaque Mate al Coronavirus!
https://nau64.com/2026/07/01/,https://nau64.com/wp-content/uploads/2026/06/Captura-de-pantalla-2026-06-29-161558-765x500.png,Juan Esquibel ganó el sabatino rápido
https://nau64.com/2026/07/07/,https://nau64.com/wp-content/uploads/2026/07/IMG_20260704_174959-765x500.jpg,"CM Tabare Bustelo y Miguel Pinto, Campeones del sabatino"
https://nau64.com/2026/07/07/,https://nau64.com/wp-content/uploads/2026/07/Captura-de-pantalla-2026-07-01-155746-765x500.png,NAU 64 en el Interclubes de Rápidas y Blitz
https://nau64.com/2026/07/12/,https://nau64.com/wp-content/uploads/2026/07/Captura-de-pantalla-2026-07-06-180652-765x500.png,II Amateur Sub 1600 de NAU 64
https://nau64.com/2026/07/15/,https://nau64.com/wp-content/uploads/2026/07/Captura-de-pantalla-2026-07-13-165211.png,Sorpresa: Miguel Pinto y Daniel Kaciusis Campeones
https://nau64.com/2026/07/27/,https://nau64.com/wp-content/uploads/2026/07/Captura-de-pantalla-2026-07-23-192811-765x500.png,Open 136: Ronda 1
https://nau64.com/2026/07/29/,https://nau64.com/wp-content/uploads/2026/07/Captura-de-pantalla-2026-07-29-161232-765x500.png,1er Torneo Suizo sistema Match – Rondas 1 y 2
https://nau64.com/2026/07/29/,https://nau64.com/wp-content/uploads/2026/07/Captura-de-pantalla-2026-07-29-192513-765x500.png,Open 136: Ronda 2
https://nau64.com/2026/07/29/,https://nau64.com/wp-content/uploads/2026/07/Ganador-Sabatino-Rapidas-675x500.png,MN Federico Canias Campeón del Cumpleañero de Julio
https://nau64.com/2026/06/,https://nau64.com/wp-content/uploads/2026/06/Captura-de-pantalla-2026-06-24-155240-765x500.png,"Franco Ugarte y Bruno Escardo, Campeones en los Sabatinos"
https://nau64.com/2026/06/,https://nau64.com/wp-content/uploads/2026/03/Torneo-Open-de-Lunes-nau64-765x500.png,Open 136 el 20 de julio Torneo Pensado (FIDE)
https://nau64.com/2026/06/,https://nau64.com/wp-content/uploads/2026/06/Captura-de-pantalla-2026-06-22-160454-765x500.png,Torneo Standard Viernes LXIX «El Original»
https://nau64.com/2026/06/,https://nau64.com/wp-content/uploads/2026/06/Captura-de-pantalla-2026-06-15-164520-572x500.png,Alexandro Silva y Charlie Posada ganadores del sabatino
https://nau64.com/2026/06/,https://nau64.com/wp-content/uploads/2026/06/Captura-de-pantalla-2026-06-15-153703-765x500.png,1° Abierto Rápido Club Español
https://nau64.com/2026/06/,https://nau64.com/wp-content/uploads/2026/06/Captura-de-pantalla-2026-06-08-160936-765x500.png,La vuelta triunfal de Leonel Recine!
https://nau64.com/page/3/#content,https://nau64.com/wp-content/uploads/2026/03/image-6-651x500.png,Frank y Federico brillan en el Rápido y Blitz Sabatino.
https://nau64.com/page/3/#content,https://nau64.com/wp-content/uploads/2026/03/Kasparov_vs_Karpov.png,La Batalla Infinita: Karpov vs. Kasparov
https://nau64.com/page/3/#content,https://nau64.com/wp-content/uploads/2023/06/Sabados-nau64-765x500.png,Sábados a Todo Ajedrez
https://nau64.com/page/3/#content,https://nau64.com/wp-content/uploads/2026/02/image-8-e1772140438127.png,Fiesta de ajedrez en Nau64: Torneo para No Rankeados y Sub-1600
https://nau64.com/page/3/#content,https://nau64.com/wp-content/uploads/2026/02/Antonio-Fernandez-765x500.jpeg,Fernández imparable: campeón con puntaje perfecto en el Sabatino Rápido.
https://nau64.com/page/3/#content,https://nau64.com/wp-content/uploads/2026/02/IMG-20260209-WA0034-765x500.jpg,Ajedrez entre Amigos – Torneo Amateur Nau64
https://nau64.com/page/3/#content,https://nau64.com/wp-content/uploads/2026/02/Ajedrez-de-Miercoles-2026-765x500.png,Ajedrez de Miercoles II
https://nau64.com/page/3/#content,https://nau64.com/wp-content/uploads/2026/01/1769717488976-765x500.jpg,Culminaron los cuartos de final serie B del Club Cerro
https://nau64.com/page/3/#content,https://nau64.com/wp-content/uploads/2026/01/1769448684079-765x500.jpg,Culminaron los cuartos de final serie A del Club Cerro
https://nau64.com/page/3/#content,https://nau64.com/wp-content/uploads/2026/01/Domingueros-Rapidas-1-14-765x500.jpg,Victoria Contundente de Federico Canias en el Torneo Sabatino de Nau64
https://nau64.com/sabados-a-todo-ajedrez/,https://nau64.com/wp-content/uploads/2023/06/Sabados-nau64.png,
https://nau64.com/category/clases/,https://nau64.com/wp-content/uploads/2023/06/Sabados-nau64-765x500.png,Sábados a Todo Ajedrez
https://nau64.com/category/clases/,https://nau64.com/wp-content/uploads/2025/05/Portada-Clases-Online-1200-x-600-px-1.jpg,Clases online de Ajedrez
https://nau64.com/category/clases/,https://nau64.com/wp-content/uploads/2025/04/Portada-Clases-para-Ninos-1200-x-600-px-2-765x500.png,Clases de Ajedrez para Niños
https://nau64.com/category/clases/,https://nau64.com/wp-content/uploads/2024/05/IMG_20240527_000517_733-765x500.jpg,Día Nacional del Ajedrez
https://nau64.com/category/clases/,https://nau64.com/wp-content/uploads/2024/02/MASTER-CLASS-500-x-500-px.png,Sesión Magistral del GM Georg Meier en NAU64
https://nau64.com/category/clases/,https://nau64.com/wp-content/uploads/2023/04/Entrenamiento-Jovens-765x500.jpg,Entrenamiento Intensivo para el Festival de la Juventud 2023.
https://nau64.com/category/clases/,https://nau64.com/wp-content/uploads/2023/02/INFORMACION-ACADEMIA-NAU64-765x500.png,Clases de Ajedrez para todos los niveles
https://nau64.com/category/clases/,https://nau64.com/wp-content/uploads/2022/08/2022-08-18_Escocesa_Ajedrez-_nau64-765x500.png,Estudio de la Apertura Escocesa.
https://nau64.com/torneo-1-100/,https://nau64.com/wp-content/uploads/2026/02/image-8-e1772140438127.png,
https://nau64.com/torneo-1-100/,https://nau64.com/wp-content/uploads/2026/02/image-7-1024x441.png,
https://nau64.com/torneo-1-100/,https://nau64.com/wp-content/uploads/2026/02/image-8-e1772140438127.png,
https://nau64.com/torneo-1-100/,https://nau64.com/wp-content/uploads/2026/02/image-9.png,
https://nau64.com/torneo-1-100/,https://nau64.com/wp-content/uploads/2026/02/screenshot_2026-02-26-23-14-26-438_com860037563352790168.jpg,
https://nau64.com/fernandez-imparable-campeon-con-puntaje-perfecto-en-el-sabatino-rapido/,https://nau64.com/wp-content/uploads/2026/02/Antonio-Fernandez-e1771796798702.jpeg,
https://nau64.com/fernandez-imparable-campeon-con-puntaje-perfecto-en-el-sabatino-rapido/,https://nau64.com/wp-content/uploads/2026/02/image-5-1024x436.png,
https://nau64.com/fernandez-imparable-campeon-con-puntaje-perfecto-en-el-sabatino-rapido/,https://nau64.com/wp-content/uploads/2026/02/Antonio-Fernandez-1024x1024.jpeg,
https://nau64.com/fernandez-imparable-campeon-con-puntaje-perfecto-en-el-sabatino-rapido/,https://nau64.com/wp-content/uploads/2026/02/Agustina-Silva-1024x1024.jpeg,
https://nau64.com/fernandez-imparable-campeon-con-puntaje-perfecto-en-el-sabatino-rapido/,https://nau64.com/wp-content/uploads/2026/02/image-6.png,
https://nau64.com/fernandez-imparable-campeon-con-puntaje-perfecto-en-el-sabatino-rapido/,https://nau64.com/wp-content/uploads/2026/02/image.png,
https://nau64.com/fernandez-imparable-campeon-con-puntaje-perfecto-en-el-sabatino-rapido/,https://nau64.com/wp-content/uploads/2026/02/Daniel-Leon-1024x1024.jpeg,
https://nau64.com/fernandez-imparable-campeon-con-puntaje-perfecto-en-el-sabatino-rapido/,https://nau64.com/wp-content/uploads/2026/02/image-2.png,
https://nau64.com/fernandez-imparable-campeon-con-puntaje-perfecto-en-el-sabatino-rapido/,https://nau64.com/wp-content/uploads/2026/02/image-1.png,
https://nau64.com/amateur/,https://nau64.com/wp-content/uploads/2026/02/IMG-20260209-WA0034.jpg,
https://nau64.com/miercoles/,https://nau64.com/wp-content/uploads/2026/02/Ajedrez-de-Miercoles-2026-e1770314108804.png,
https://nau64.com/culminaron-los-cuartos-de-final-serie-b-del-club-cerro/,https://nau64.com/wp-content/uploads/2026/01/1769717488976-scaled-e1769718660878.jpg,
https://nau64.com/culminaron-los-cuartos-de-final-serie-b-del-club-cerro/,https://nau64.com/wp-content/uploads/2026/01/image-21.png,
https://nau64.com/culminaron-los-cuartos-de-final-serie-b-del-club-cerro/,https://nau64.com/wp-content/uploads/2026/01/image-22.png,
https://nau64.com/culminaron-los-cuartos-de-final-serie-b-del-club-cerro/,https://nau64.com/wp-content/uploads/2026/01/1769448936396-1024x771.jpg,
https://nau64.com/culminaron-los-cuartos-de-final-serie-b-del-club-cerro/,https://nau64.com/wp-content/uploads/2026/01/1769448936368-1024x771.jpg,
https://nau64.com/culminaron-los-cuartos-de-final-serie-b-del-club-cerro/,https://nau64.com/wp-content/uploads/2026/01/image-23.png,
https://nau64.com/culminaron-los-cuartos-de-final-serie-b-del-club-cerro/,https://nau64.com/wp-content/uploads/2026/01/1769448936209-1024x771.jpg,
https://nau64.com/culminaron-los-cuartos-de-final-serie-b-del-club-cerro/,https://nau64.com/wp-content/uploads/2026/01/1769448936182-1024x771.jpg,
https://nau64.com/culminaron-los-cuartos-de-final-serie-b-del-club-cerro/,https://nau64.com/wp-content/uploads/2026/01/image-24.png,
https://nau64.com/culminaron-los-cuartos-de-final-serie-b-del-club-cerro/,https://nau64.com/wp-content/uploads/2026/01/1769448936030-1024x771.jpg,
https://nau64.com/culminaron-los-cuartos-de-final-serie-b-del-club-cerro/,https://nau64.com/wp-content/uploads/2026/01/1769448935919-1-1024x771.jpg,
https://nau64.com/culminaron-los-cuartos-de-final-serie-b-del-club-cerro/,https://nau64.com/wp-content/uploads/2026/01/image-25.png,
https://nau64.com/culminaron-los-cuartos-de-final-serie-b-del-club-cerro/,https://nau64.com/wp-content/uploads/2026/01/1769717489210-1024x771.jpg,
https://nau64.com/culminaron-los-cuartos-de-final-serie-b-del-club-cerro/,https://nau64.com/wp-content/uploads/2026/01/1769717489180-1024x771.jpg,
https://nau64.com/culminaron-los-cuartos-de-final-serie-b-del-club-cerro/,https://nau64.com/wp-content/uploads/2026/01/image-26.png,
https://nau64.com/culminaron-los-cuartos-de-final-serie-b-del-club-cerro/,https://nau64.com/wp-content/uploads/2026/01/1769717488953-1024x771.jpg,
https://nau64.com/culminaron-los-cuartos-de-final-serie-b-del-club-cerro/,https://nau64.com/wp-content/uploads/2026/01/1769717488976-1024x771.jpg,
https://nau64.com/category/finales/,https://nau64.com/wp-content/uploads/2026/01/1769717488976-765x500.jpg,Culminaron los cuartos de final serie B del Club Cerro
https://nau64.com/category/finales/,https://nau64.com/wp-content/uploads/2026/01/1769448684079-765x500.jpg,Culminaron los cuartos de final serie A del Club Cerro
https://nau64.com/category/finales/,https://nau64.com/wp-content/uploads/2020/05/IMG_20200504_204047-540x531-405x398-1.jpg,Finales de Ajedrez 7
https://nau64.com/category/finales/,https://nau64.com/wp-content/uploads/2020/05/IMG_20200504_204006-540x536-405x402-1.jpg,Finales de Ajedrez 6
https://nau64.com/category/finales/,https://nau64.com/wp-content/uploads/2020/05/IMG_20200504_204138-540x531-405x398-1.jpg,Finales de Ajedrez 5
https://nau64.com/category/finales/,https://nau64.com/wp-content/uploads/2020/05/IMG_20200502_082613-432x426-1.jpg,Finales de Ajedrez 4
https://nau64.com/category/finales/,https://nau64.com/wp-content/uploads/2020/05/IMG_20200502_082112-432x426-1.jpg,Finales de Ajedrez
https://nau64.com/category/finales/,https://nau64.com/wp-content/uploads/2020/05/IMG_20200501_055616-424x425-1.jpg,Finales de Ajedrez
https://nau64.com/category/finales/,https://nau64.com/wp-content/uploads/2020/04/IMG_20200429_233831-432x423-1.jpg,Finales de Ajedrez
https://nau64.com/author/bryan/,https://nau64.com/wp-content/uploads/2026/01/1769717488976-765x500.jpg,Culminaron los cuartos de final serie B del Club Cerro
https://nau64.com/author/bryan/,https://nau64.com/wp-content/uploads/2026/01/1769448684079-765x500.jpg,Culminaron los cuartos de final serie A del Club Cerro
https://nau64.com/author/bryan/,https://nau64.com/wp-content/uploads/2026/01/Domingueros-Rapidas-1-14-765x500.jpg,Victoria Contundente de Federico Canias en el Torneo Sabatino de Nau64
https://nau64.com/author/bryan/,https://nau64.com/wp-content/uploads/2026/01/Domingueros-Rapidas-1-12-765x500.jpg,Benjamín Martello se llevó el Sabatino rápido de nau64
https://nau64.com/author/bryan/,https://nau64.com/wp-content/uploads/2025/12/Cartaz-clube-de-xadrez-1-765x500.jpg,XVII Torneo de Reyes VALIDO ELO FUA/FIDE
https://nau64.com/author/bryan/,https://nau64.com/wp-content/uploads/2025/12/Domingueros-Rapidas-1-10-765x500.jpg,Franco Manteiga Ganador de la «Copa AN Edmundo Infante»
https://nau64.com/author/bryan/,https://nau64.com/wp-content/uploads/2025/12/XVI-Torneo-de-Reyes-2025-Primera-Ronda-1-1-765x500.jpg,Emanuel Jesus Se llevó el XXI aniversario Open de nau64
https://nau64.com/author/bryan/,https://nau64.com/wp-content/uploads/2025/12/XVI-Torneo-de-Reyes-2025-Primera-Ronda-2-765x500.jpg,Matteo Reyes se llevó el XXI Aniversario sub-14 de Nau64
https://nau64.com/author/bryan/,https://nau64.com/wp-content/uploads/2025/12/XVI-Torneo-de-Reyes-2025-Primera-Ronda-2-2-765x500.jpg,El campeón sub-20 se llevó el XXI Aniversario Blitz de Nau64
https://nau64.com/author/bryan/,https://nau64.com/wp-content/uploads/2025/12/Domingueros-Rapidas-1-8-765x500.jpg,Benjamín Martello se consagró campeón del Sabatino Rápido de Nau64
https://nau64.com/tag/fuajedrez/,https://nau64.com/wp-content/uploads/2026/01/1769717488976-765x500.jpg,Culminaron los cuartos de final serie B del Club Cerro
https://nau64.com/tag/fuajedrez/,https://nau64.com/wp-content/uploads/2026/01/1769448684079-765x500.jpg,Culminaron los cuartos de final serie A del Club Cerro
https://nau64.com/tag/fuajedrez/,https://nau64.com/wp-content/uploads/2025/12/Domingueros-Rapidas-1-1-765x500.jpg,"Directivos, maestros y jóvenes talentos dieron vida a un Día del Ajedrecista inolvidable."
https://nau64.com/tag/fuajedrez/,https://nau64.com/wp-content/uploads/2024/02/WhatsApp-Image-2024-02-18-at-16.24.50-765x500.jpeg,Semifinal 2024 – Femenina – Ronda 5 – Final con todas las partidas.
https://nau64.com/tag/fuajedrez/,https://nau64.com/wp-content/uploads/2024/02/WhatsApp-Image-2024-02-16-at-21.45.24-512x500.jpeg,Semifinal 2024 – Femenina – Ronda 4
https://nau64.com/tag/fuajedrez/,https://nau64.com/wp-content/uploads/2024/02/WhatsApp-Image-2024-02-16-at-21.45.24-512x500.jpeg,Semifinal 2024 – Femenina – Ronda 3
https://nau64.com/tag/fuajedrez/,https://nau64.com/wp-content/uploads/2024/02/WhatsApp-Image-2024-02-16-at-21.45.24-512x500.jpeg,Semifinal 2024 – Femenina – Ronda 2
https://nau64.com/tag/fuajedrez/,https://nau64.com/wp-content/uploads/2024/02/WhatsApp-Image-2024-02-16-at-21.45.24-512x500.jpeg,Semifinal 2024 – Femenina – Ronda 1
https://nau64.com/culminaron-los-cuartos-de-final-serie-a-del-club-cerro/,https://nau64.com/wp-content/uploads/2026/01/1769448684079-scaled-e1769718602935.jpg,
https://nau64.com/culminaron-los-cuartos-de-final-serie-a-del-club-cerro/,https://nau64.com/wp-content/uploads/2026/01/image-15.png,
https://nau64.com/culminaron-los-cuartos-de-final-serie-a-del-club-cerro/,https://nau64.com/wp-content/uploads/2026/01/image-16.png,
https://nau64.com/culminaron-los-cuartos-de-final-serie-a-del-club-cerro/,https://nau64.com/wp-content/uploads/2026/01/1769448684461-1024x771.jpg,
https://nau64.com/culminaron-los-cuartos-de-final-serie-a-del-club-cerro/,https://nau64.com/wp-content/uploads/2026/01/1769448684433-1024x771.jpg,
https://nau64.com/culminaron-los-cuartos-de-final-serie-a-del-club-cerro/,https://nau64.com/wp-content/uploads/2026/01/image-17.png,
https://nau64.com/culminaron-los-cuartos-de-final-serie-a-del-club-cerro/,https://nau64.com/wp-content/uploads/2026/01/1769448684238-1024x771.jpg,
https://nau64.com/culminaron-los-cuartos-de-final-serie-a-del-club-cerro/,https://nau64.com/wp-content/uploads/2026/01/1769448684405-1024x771.jpg,
https://nau64.com/culminaron-los-cuartos-de-final-serie-a-del-club-cerro/,https://nau64.com/wp-content/uploads/2026/01/image-18.png,
https://nau64.com/culminaron-los-cuartos-de-final-serie-a-del-club-cerro/,https://nau64.com/wp-content/uploads/2026/01/1769448684209-1024x771.jpg,
https://nau64.com/culminaron-los-cuartos-de-final-serie-a-del-club-cerro/,https://nau64.com/wp-content/uploads/2026/01/1769448684190-1024x771.jpg,
https://nau64.com/culminaron-los-cuartos-de-final-serie-a-del-club-cerro/,https://nau64.com/wp-content/uploads/2026/01/image-19.png,
https://nau64.com/culminaron-los-cuartos-de-final-serie-a-del-club-cerro/,https://nau64.com/wp-content/uploads/2026/01/1769448684079-1024x771.jpg,
https://nau64.com/culminaron-los-cuartos-de-final-serie-a-del-club-cerro/,https://nau64.com/wp-content/uploads/2026/01/1769448684052-1024x771.jpg,
https://nau64.com/culminaron-los-cuartos-de-final-serie-a-del-club-cerro/,https://nau64.com/wp-content/uploads/2026/01/image-20.png,
https://nau64.com/culminaron-los-cuartos-de-final-serie-a-del-club-cerro/,https://nau64.com/wp-content/uploads/2026/01/1769448683912-1024x771.jpg,
https://nau64.com/culminaron-los-cuartos-de-final-serie-a-del-club-cerro/,https://nau64.com/wp-content/uploads/2026/01/1769448683882-1024x771.jpg,
https://nau64.com/victoria-contundente-de-federico-canias-en-el-torneo-sabatino-de-nau64/,https://nau64.com/wp-content/uploads/2026/01/Domingueros-Rapidas-1-14-e1769632446159.jpg,
https://nau64.com/victoria-contundente-de-federico-canias-en-el-torneo-sabatino-de-nau64/,https://nau64.com/wp-content/uploads/2026/01/image-13.png,
https://nau64.com/victoria-contundente-de-federico-canias-en-el-torneo-sabatino-de-nau64/,https://nau64.com/wp-content/uploads/2026/01/image-14.png,
https://nau64.com/victoria-contundente-de-federico-canias-en-el-torneo-sabatino-de-nau64/,https://nau64.com/wp-content/uploads/2026/01/Domingueros-Rapidas-1-15-1024x1024.jpg,
https://nau64.com/category/internacional/,https://nau64.com/wp-content/uploads/2026/01/Domingueros-Rapidas-1-14-765x500.jpg,Victoria Contundente de Federico Canias en el Torneo Sabatino de Nau64
https://nau64.com/category/internacional/,https://nau64.com/wp-content/uploads/2026/01/Domingueros-Rapidas-1-12-765x500.jpg,Benjamín Martello se llevó el Sabatino rápido de nau64
https://nau64.com/category/internacional/,https://nau64.com/wp-content/uploads/2025/12/XVI-Torneo-de-Reyes-2025-Primera-Ronda-1-1-765x500.jpg,Emanuel Jesus Se llevó el XXI aniversario Open de nau64
https://nau64.com/category/internacional/,https://nau64.com/wp-content/uploads/2024/05/1340345.fcd9c4f7.668x375o.1ee9d69cc0fc402x-765x500.png,GM Wei Yi
https://nau64.com/category/internacional/,https://nau64.com/wp-content/uploads/2023/08/2023_Magnus_vs_Vincent-765x500.png,Magnus a punto de ser eliminado del Mundial.
https://nau64.com/category/internacional/,https://nau64.com/wp-content/uploads/2023/07/Screenshot_2023-07-18-04-14-15-369-edit_com.google.android.googlequicksearchbox-765x500.jpg,Super ajedrecistas.
https://nau64.com/category/internacional/,https://nau64.com/wp-content/uploads/2023/04/campeonmundialDing-765x500.png,Ding Liren se corona Campeón del Mundo de Ajedrez.
https://nau64.com/category/internacional/,https://nau64.com/wp-content/uploads/2023/04/Final_Mundial_Ajedrez_nau64-e1682794866885.jpg,Mundial de Ajedrez emocionante final!
https://nau64.com/category/internacional/,https://nau64.com/wp-content/uploads/2023/04/Ding_Liren_2019-765x459.png,La partida de la jornada.
https://nau64.com/category/internacional/,https://nau64.com/wp-content/uploads/2023/04/6a-6imagen.png,Ding gana la pulseada de nervios y empata el match por el Mundial de Ajedrez a falta de dos partidas.
https://nau64.com/2026/07/,https://nau64.com/wp-content/uploads/2026/07/Captura-de-pantalla-2026-07-29-161232-765x500.png,1er Torneo Suizo sistema Match – Rondas 1 y 2
https://nau64.com/2026/07/,https://nau64.com/wp-content/uploads/2026/07/Captura-de-pantalla-2026-07-29-192513-765x500.png,Open 136: Ronda 2
https://nau64.com/2026/07/,https://nau64.com/wp-content/uploads/2026/07/Ganador-Sabatino-Rapidas-675x500.png,MN Federico Canias Campeón del Cumpleañero de Julio
https://nau64.com/2026/07/,https://nau64.com/wp-content/uploads/2026/07/Captura-de-pantalla-2026-07-23-192811-765x500.png,Open 136: Ronda 1
https://nau64.com/2026/07/,https://nau64.com/wp-content/uploads/2026/07/Captura-de-pantalla-2026-07-13-165211.png,Sorpresa: Miguel Pinto y Daniel Kaciusis Campeones
https://nau64.com/2026/07/,https://nau64.com/wp-content/uploads/2026/07/Captura-de-pantalla-2026-07-06-180652-765x500.png,II Amateur Sub 1600 de NAU 64
https://nau64.com/2026/07/,https://nau64.com/wp-content/uploads/2026/07/IMG_20260704_174959-765x500.jpg,"CM Tabare Bustelo y Miguel Pinto, Campeones del sabatino"
https://nau64.com/2026/07/,https://nau64.com/wp-content/uploads/2026/07/Captura-de-pantalla-2026-07-01-155746-765x500.png,NAU 64 en el Interclubes de Rápidas y Blitz
https://nau64.com/2026/07/,https://nau64.com/wp-content/uploads/2026/06/Captura-de-pantalla-2026-06-29-161558-765x500.png,Juan Esquibel ganó el sabatino rápido
https://nau64.com/page/5/#content,https://nau64.com/wp-content/uploads/2025/12/Domingueros-Rapidas-1-6-765x500.jpg,"El Campeón Uruguayo sub20, conquista el Sabatino Rápido de Nau64!"
https://nau64.com/page/5/#content,https://nau64.com/wp-content/uploads/2025/12/1765484434917-765x500.jpg,Se jugó el Open 134
https://nau64.com/page/5/#content,https://nau64.com/wp-content/uploads/2025/12/Domingueros-Rapidas-1-1-765x500.jpg,"Directivos, maestros y jóvenes talentos dieron vida a un Día del Ajedrecista inolvidable."
https://nau64.com/page/5/#content,https://nau64.com/wp-content/uploads/2025/11/FB_IMG_1764419359486-720x500.jpg,Leyenda danesa
https://nau64.com/page/5/#content,https://nau64.com/wp-content/uploads/2025/11/MATCH-NAKLE-LOPEZ-765x500.png,Experiencia vs Juventud: Gonzalo Nakle se impone en el match oficial de Nau64
https://nau64.com/page/5/#content,https://nau64.com/wp-content/uploads/2025/11/Domingueros-Rapidas-1-765x500.jpg,"Con solo 13 años, conquista el Sabatino Rápido de Nau64!"
https://nau64.com/page/5/#content,https://nau64.com/wp-content/uploads/2025/11/2025-11-15-Jairo-Araque-765x500.jpeg,"Entre paridad y sorpresas, Jairo Araque brilló en el Sabatino de Nau64"
https://nau64.com/page/5/#content,https://nau64.com/wp-content/uploads/2025/11/COPA-AN-EDMUNDO-INFANTE-1-765x500.jpg,Copa AN Edmundo Infante – NAU64
https://nau64.com/page/5/#content,https://nau64.com/wp-content/uploads/2025/10/Live-Chess-World-League-674x500.png,Live Chess World League 2025
https://nau64.com/page/5/#content,https://nau64.com/wp-content/uploads/2025/06/LogoCopaAmerica2025.jpeg,Copa America Online 2025 – Se viene la Jornada 7
https://nau64.com/el-campeon-uruguayo-sub20-conquista-el-sabatino-rapido-de-nau64/,https://nau64.com/wp-content/uploads/2025/12/Domingueros-Rapidas-1-6-e1765481751487.jpg,
https://nau64.com/el-campeon-uruguayo-sub20-conquista-el-sabatino-rapido-de-nau64/,https://nau64.com/wp-content/uploads/2025/12/Domingueros-Rapidas-1-4-1024x1024.jpg,
https://nau64.com/el-campeon-uruguayo-sub20-conquista-el-sabatino-rapido-de-nau64/,https://nau64.com/wp-content/uploads/2025/12/3-1-1024x1024.jpg,
https://nau64.com/el-campeon-uruguayo-sub20-conquista-el-sabatino-rapido-de-nau64/,https://nau64.com/wp-content/uploads/2025/12/image-2.png,
https://nau64.com/el-campeon-uruguayo-sub20-conquista-el-sabatino-rapido-de-nau64/,https://nau64.com/wp-content/uploads/2025/12/Domingueros-Rapidas-1-5-1024x1024.jpg,
https://nau64.com/el-campeon-uruguayo-sub20-conquista-el-sabatino-rapido-de-nau64/,https://nau64.com/wp-content/uploads/2025/12/Sabatinos-2-1-1024x1024.jpg,
https://nau64.com/el-campeon-uruguayo-sub20-conquista-el-sabatino-rapido-de-nau64/,https://nau64.com/wp-content/uploads/2025/12/1-1-1024x1024.jpg,
https://nau64.com/el-campeon-uruguayo-sub20-conquista-el-sabatino-rapido-de-nau64/,https://nau64.com/wp-content/uploads/2025/12/2-1-1024x1024.jpg,
https://nau64.com/el-campeon-uruguayo-sub20-conquista-el-sabatino-rapido-de-nau64/,https://nau64.com/wp-content/uploads/2025/12/3-2-1024x1024.jpg,
https://nau64.com/el-campeon-uruguayo-sub20-conquista-el-sabatino-rapido-de-nau64/,https://nau64.com/wp-content/uploads/2025/12/4-4-1024x1024.jpg,
https://nau64.com/el-campeon-uruguayo-sub20-conquista-el-sabatino-rapido-de-nau64/,https://nau64.com/wp-content/uploads/2025/12/5-3-1024x1024.jpg,
https://nau64.com/el-campeon-uruguayo-sub20-conquista-el-sabatino-rapido-de-nau64/,https://nau64.com/wp-content/uploads/2025/12/6-1-1024x1024.jpg,
https://nau64.com/el-campeon-uruguayo-sub20-conquista-el-sabatino-rapido-de-nau64/,https://nau64.com/wp-content/uploads/2025/12/7-1-1024x1024.jpg,
https://nau64.com/el-campeon-uruguayo-sub20-conquista-el-sabatino-rapido-de-nau64/,https://nau64.com/wp-content/uploads/2025/12/8-1-1024x1024.jpg,
https://nau64.com/el-campeon-uruguayo-sub20-conquista-el-sabatino-rapido-de-nau64/,https://nau64.com/wp-content/uploads/2025/12/9-1-1024x1024.jpg,
https://nau64.com/el-campeon-uruguayo-sub20-conquista-el-sabatino-rapido-de-nau64/,https://nau64.com/wp-content/uploads/2025/12/10-1-1024x1024.jpg,
https://nau64.com/se-esta-jugando-el-open-134/,https://nau64.com/wp-content/uploads/2025/12/1765484434917-scaled-e1765490452458.jpg,
https://nau64.com/se-esta-jugando-el-open-134/,https://nau64.com/wp-content/uploads/2025/12/image-3.png,
https://nau64.com/se-esta-jugando-el-open-134/,https://nau64.com/wp-content/uploads/2025/12/Captura-de-pantalla-2025-12-11-171658.png,
https://nau64.com/se-esta-jugando-el-open-134/,https://nau64.com/wp-content/uploads/2025/12/1765484434917-1024x771.jpg,
https://nau64.com/se-esta-jugando-el-open-134/,https://nau64.com/wp-content/uploads/2025/12/1765484434782-1-1024x771.jpg,
https://nau64.com/se-esta-jugando-el-open-134/,https://nau64.com/wp-content/uploads/2025/12/WhatsApp-Image-2025-12-10-at-4.33.38-PM.jpeg,
https://nau64.com/se-esta-jugando-el-open-134/,https://nau64.com/wp-content/uploads/2025/12/1765368272819-1024x771.jpg,
https://nau64.com/se-esta-jugando-el-open-134/,https://nau64.com/wp-content/uploads/2025/12/1765368272793-1024x771.jpg,
https://nau64.com/se-esta-jugando-el-open-134/,https://nau64.com/wp-content/uploads/2025/12/Captura-de-pantalla-2025-12-08-153518.png,
https://nau64.com/se-esta-jugando-el-open-134/,https://nau64.com/wp-content/uploads/2025/12/1765219149408-1024x771.jpg,
https://nau64.com/se-esta-jugando-el-open-134/,https://nau64.com/wp-content/uploads/2025/12/1765219149500-1024x771.jpg,
https://nau64.com/se-esta-jugando-el-open-134/,https://nau64.com/wp-content/uploads/2025/12/1765219149326-1024x771.jpg,
https://nau64.com/se-esta-jugando-el-open-134/,https://nau64.com/wp-content/uploads/2025/12/image-1.png,
https://nau64.com/se-esta-jugando-el-open-134/,https://nau64.com/wp-content/uploads/2025/12/1764962042732-1024x771.jpg,
https://nau64.com/se-esta-jugando-el-open-134/,https://nau64.com/wp-content/uploads/2025/12/1764962042703-1024x771.jpg,
https://nau64.com/se-esta-jugando-el-open-134/,https://nau64.com/wp-content/uploads/2025/12/1764962042675-1024x771.jpg,
https://nau64.com/se-esta-jugando-el-open-134/,https://nau64.com/wp-content/uploads/2025/12/image.png,
https://nau64.com/se-esta-jugando-el-open-134/,https://nau64.com/wp-content/uploads/2025/12/1764650967517-1024x771.jpg,
https://nau64.com/se-esta-jugando-el-open-134/,https://nau64.com/wp-content/uploads/2025/12/1764650967491-1024x771.jpg,
https://nau64.com/directivos-maestros-y-jovenes-talentos-dieron-vida-a-un-dia-del-ajedrecista-inolvidable/,https://nau64.com/wp-content/uploads/2025/12/Domingueros-Rapidas-1-1.jpg,
https://nau64.com/directivos-maestros-y-jovenes-talentos-dieron-vida-a-un-dia-del-ajedrecista-inolvidable/,https://nau64.com/wp-content/uploads/2025/12/Sabatinos-1-1-1024x1024.jpg,
https://nau64.com/directivos-maestros-y-jovenes-talentos-dieron-vida-a-un-dia-del-ajedrecista-inolvidable/,https://nau64.com/wp-content/uploads/2025/12/Domingueros-Rapidas-1-3-1024x1024.jpg,
https://nau64.com/directivos-maestros-y-jovenes-talentos-dieron-vida-a-un-dia-del-ajedrecista-inolvidable/,https://nau64.com/wp-content/uploads/2025/12/4-3-1024x1024.jpg,
https://nau64.com/directivos-maestros-y-jovenes-talentos-dieron-vida-a-un-dia-del-ajedrecista-inolvidable/,https://nau64.com/wp-content/uploads/2025/12/5-2-1024x1024.jpg,
https://nau64.com/directivos-maestros-y-jovenes-talentos-dieron-vida-a-un-dia-del-ajedrecista-inolvidable/,https://nau64.com/wp-content/uploads/2025/12/Captura-de-pantalla-2025-12-01-154407.png,
https://nau64.com/directivos-maestros-y-jovenes-talentos-dieron-vida-a-un-dia-del-ajedrecista-inolvidable/,https://nau64.com/wp-content/uploads/2025/12/1-1024x1024.jpg,
https://nau64.com/directivos-maestros-y-jovenes-talentos-dieron-vida-a-un-dia-del-ajedrecista-inolvidable/,https://nau64.com/wp-content/uploads/2025/12/2-1024x1024.jpg,
https://nau64.com/directivos-maestros-y-jovenes-talentos-dieron-vida-a-un-dia-del-ajedrecista-inolvidable/,https://nau64.com/wp-content/uploads/2025/12/3-1024x1024.jpg,
https://nau64.com/directivos-maestros-y-jovenes-talentos-dieron-vida-a-un-dia-del-ajedrecista-inolvidable/,https://nau64.com/wp-content/uploads/2025/12/4-1024x1024.jpg,
https://nau64.com/directivos-maestros-y-jovenes-talentos-dieron-vida-a-un-dia-del-ajedrecista-inolvidable/,https://nau64.com/wp-content/uploads/2025/12/5-1024x1024.jpg,
https://nau64.com/directivos-maestros-y-jovenes-talentos-dieron-vida-a-un-dia-del-ajedrecista-inolvidable/,https://nau64.com/wp-content/uploads/2025/12/6-1024x1024.jpg,
https://nau64.com/directivos-maestros-y-jovenes-talentos-dieron-vida-a-un-dia-del-ajedrecista-inolvidable/,https://nau64.com/wp-content/uploads/2025/12/7-1024x1024.jpg,
https://nau64.com/directivos-maestros-y-jovenes-talentos-dieron-vida-a-un-dia-del-ajedrecista-inolvidable/,https://nau64.com/wp-content/uploads/2025/12/8-1024x1024.jpg,
https://nau64.com/directivos-maestros-y-jovenes-talentos-dieron-vida-a-un-dia-del-ajedrecista-inolvidable/,https://nau64.com/wp-content/uploads/2025/12/9-1024x1024.jpg,
https://nau64.com/directivos-maestros-y-jovenes-talentos-dieron-vida-a-un-dia-del-ajedrecista-inolvidable/,https://nau64.com/wp-content/uploads/2025/12/10-1024x1024.jpg,
https://nau64.com/directivos-maestros-y-jovenes-talentos-dieron-vida-a-un-dia-del-ajedrecista-inolvidable/,https://nau64.com/wp-content/uploads/2025/12/Domingueros-Rapidas-1-2-1024x1024.jpg,
https://nau64.com/directivos-maestros-y-jovenes-talentos-dieron-vida-a-un-dia-del-ajedrecista-inolvidable/,https://nau64.com/wp-content/uploads/2025/12/Sabatinos-2-1024x1024.jpg,
https://nau64.com/leyenda-danesa/,https://nau64.com/wp-content/uploads/2025/11/FB_IMG_1764419359486.jpg,
https://nau64.com/leyenda-danesa/,https://nau64.com/wp-content/uploads/2025/11/image-5.png,
https://nau64.com/leyenda-danesa/,https://nau64.com/wp-content/uploads/2025/11/image-6.png,
https://nau64.com/tag/historia/,https://nau64.com/wp-content/uploads/2025/11/FB_IMG_1764419359486-720x500.jpg,Leyenda danesa
https://nau64.com/tag/historia/,https://nau64.com/wp-content/uploads/2025/06/250px-Boris_Spasski_28195629_-_corrected.jpg,Boris Spassky
https://nau64.com/tag/historia/,https://nau64.com/wp-content/uploads/2024/10/FB_IMG_1728252954200-720x500.jpg,El mejor de todos.
https://nau64.com/segunda-edicion-del-match-experiencia-vs-juventud-en-nau64/,https://nau64.com/wp-content/uploads/2025/11/MATCH-NAKLE-LOPEZ.png,
https://nau64.com/segunda-edicion-del-match-experiencia-vs-juventud-en-nau64/,https://nau64.com/wp-content/uploads/2025/11/image-3.png,
https://nau64.com/segunda-edicion-del-match-experiencia-vs-juventud-en-nau64/,https://nau64.com/wp-content/uploads/2025/11/image-4.png,
https://nau64.com/segunda-edicion-del-match-experiencia-vs-juventud-en-nau64/,https://nau64.com/wp-content/uploads/2025/11/image-2.png,
https://nau64.com/segunda-edicion-del-match-experiencia-vs-juventud-en-nau64/,https://nau64.com/wp-content/uploads/2025/11/1763990682530-1024x771.jpg,Gonzalo Nakle vs AFM Bryan Lopez
https://nau64.com/segunda-edicion-del-match-experiencia-vs-juventud-en-nau64/,https://nau64.com/wp-content/uploads/2025/11/1763990682509.jpg,
https://nau64.com/segunda-edicion-del-match-experiencia-vs-juventud-en-nau64/,https://nau64.com/wp-content/uploads/2025/11/1763990682487.jpg,
https://nau64.com/segunda-edicion-del-match-experiencia-vs-juventud-en-nau64/,https://nau64.com/wp-content/uploads/2025/11/1763990682463.jpg,
https://nau64.com/con-solo-13-anos-conquista-el-sabatino-rapido-de-nau64/,https://nau64.com/wp-content/uploads/2025/11/Domingueros-Rapidas-1.jpg,
https://nau64.com/con-solo-13-anos-conquista-el-sabatino-rapido-de-nau64/,https://nau64.com/wp-content/uploads/2025/11/Sabatinos-1-1-1024x1024.jpg,
https://nau64.com/con-solo-13-anos-conquista-el-sabatino-rapido-de-nau64/,https://nau64.com/wp-content/uploads/2025/11/Domingueros-Rapidas-1-2-1024x1024.jpg,
https://nau64.com/con-solo-13-anos-conquista-el-sabatino-rapido-de-nau64/,https://nau64.com/wp-content/uploads/2025/11/4-2-1024x1024.jpg,
https://nau64.com/con-solo-13-anos-conquista-el-sabatino-rapido-de-nau64/,https://nau64.com/wp-content/uploads/2025/11/5-2-1024x1024.jpg,
https://nau64.com/con-solo-13-anos-conquista-el-sabatino-rapido-de-nau64/,https://nau64.com/wp-content/uploads/2025/11/image-1.png,
https://nau64.com/con-solo-13-anos-conquista-el-sabatino-rapido-de-nau64/,https://nau64.com/wp-content/uploads/2025/11/Domingueros-Rapidas-1-1-1024x1024.jpg,
https://nau64.com/con-solo-13-anos-conquista-el-sabatino-rapido-de-nau64/,https://nau64.com/wp-content/uploads/2025/11/Sabatinos-2-1-1024x1024.jpg,
https://nau64.com/con-solo-13-anos-conquista-el-sabatino-rapido-de-nau64/,https://nau64.com/wp-content/uploads/2025/11/1-1-1024x1024.jpg,
https://nau64.com/con-solo-13-anos-conquista-el-sabatino-rapido-de-nau64/,https://nau64.com/wp-content/uploads/2025/11/2-1-1024x1024.jpg,
https://nau64.com/con-solo-13-anos-conquista-el-sabatino-rapido-de-nau64/,https://nau64.com/wp-content/uploads/2025/11/3-1-1024x1024.jpg,
https://nau64.com/con-solo-13-anos-conquista-el-sabatino-rapido-de-nau64/,https://nau64.com/wp-content/uploads/2025/11/4-1-1024x1024.jpg,
https://nau64.com/con-solo-13-anos-conquista-el-sabatino-rapido-de-nau64/,https://nau64.com/wp-content/uploads/2025/11/5-1-1024x1024.jpg,
https://nau64.com/con-solo-13-anos-conquista-el-sabatino-rapido-de-nau64/,https://nau64.com/wp-content/uploads/2025/11/6-1-1024x1024.jpg,
https://nau64.com/con-solo-13-anos-conquista-el-sabatino-rapido-de-nau64/,https://nau64.com/wp-content/uploads/2025/11/7-1-1024x1024.jpg,
https://nau64.com/con-solo-13-anos-conquista-el-sabatino-rapido-de-nau64/,https://nau64.com/wp-content/uploads/2025/11/8-1-1024x1024.jpg,
https://nau64.com/con-solo-13-anos-conquista-el-sabatino-rapido-de-nau64/,https://nau64.com/wp-content/uploads/2025/11/9-1-1024x1024.jpg,
https://nau64.com/con-solo-13-anos-conquista-el-sabatino-rapido-de-nau64/,https://nau64.com/wp-content/uploads/2025/11/10-1-1024x1024.jpg,
https://nau64.com/entre-paridad-y-sorpresas-jairo-araque-brillo-en-el-sabatino-de-nau64/,https://nau64.com/wp-content/uploads/2025/11/2025-11-15-Jairo-Araque-e1763763210520.jpeg,
https://nau64.com/entre-paridad-y-sorpresas-jairo-araque-brillo-en-el-sabatino-de-nau64/,https://nau64.com/wp-content/uploads/2025/11/image.png,
https://nau64.com/entre-paridad-y-sorpresas-jairo-araque-brillo-en-el-sabatino-de-nau64/,https://nau64.com/wp-content/uploads/2025/11/1-1024x1024.jpg,
https://nau64.com/entre-paridad-y-sorpresas-jairo-araque-brillo-en-el-sabatino-de-nau64/,https://nau64.com/wp-content/uploads/2025/11/2-1024x1024.jpg,
https://nau64.com/entre-paridad-y-sorpresas-jairo-araque-brillo-en-el-sabatino-de-nau64/,https://nau64.com/wp-content/uploads/2025/11/3-1024x1024.jpg,
https://nau64.com/entre-paridad-y-sorpresas-jairo-araque-brillo-en-el-sabatino-de-nau64/,https://nau64.com/wp-content/uploads/2025/11/4-1024x1024.jpg,
https://nau64.com/entre-paridad-y-sorpresas-jairo-araque-brillo-en-el-sabatino-de-nau64/,https://nau64.com/wp-content/uploads/2025/11/5-1024x1024.jpg,
https://nau64.com/entre-paridad-y-sorpresas-jairo-araque-brillo-en-el-sabatino-de-nau64/,https://nau64.com/wp-content/uploads/2025/11/6-1024x1024.jpg,
https://nau64.com/entre-paridad-y-sorpresas-jairo-araque-brillo-en-el-sabatino-de-nau64/,https://nau64.com/wp-content/uploads/2025/11/7-1024x1024.jpg,
https://nau64.com/entre-paridad-y-sorpresas-jairo-araque-brillo-en-el-sabatino-de-nau64/,https://nau64.com/wp-content/uploads/2025/11/8-1024x1024.jpg,
https://nau64.com/entre-paridad-y-sorpresas-jairo-araque-brillo-en-el-sabatino-de-nau64/,https://nau64.com/wp-content/uploads/2025/11/9-1024x1024.jpg,
https://nau64.com/entre-paridad-y-sorpresas-jairo-araque-brillo-en-el-sabatino-de-nau64/,https://nau64.com/wp-content/uploads/2025/11/10-1024x1024.jpg,
https://nau64.com/entre-paridad-y-sorpresas-jairo-araque-brillo-en-el-sabatino-de-nau64/,https://nau64.com/wp-content/uploads/2025/11/11-1024x1024.jpg,
https://nau64.com/entre-paridad-y-sorpresas-jairo-araque-brillo-en-el-sabatino-de-nau64/,https://nau64.com/wp-content/uploads/2025/11/12-1024x1024.jpg,
https://nau64.com/copa-an-edmundo-infante-nau64/,https://nau64.com/wp-content/uploads/2025/11/COPA-AN-EDMUNDO-INFANTE-1.jpg,
https://nau64.com/live-chess-world-league-2025/,https://nau64.com/wp-content/uploads/2025/10/Live-Chess-World-League.png,
https://nau64.com/live-chess-world-league-2025/,https://nau64.com/wp-content/uploads/2025/10/image.png,
https://nau64.com/category/liga-mundial/,https://nau64.com/wp-content/uploads/2025/10/Live-Chess-World-League-674x500.png,Live Chess World League 2025
https://nau64.com/category/liga-mundial/,https://nau64.com/wp-content/uploads/2022/10/uru_Bol_nau64_chess.jpeg,Uruguay cayo ante Bolivia por la Sub-1600 Mundial.
https://nau64.com/category/liga-mundial/,https://nau64.com/wp-content/uploads/2022/10/URU_UZB_Chess_nau64.jpg,Match 960 (Random Fischer) Uruguay vs Uzbekistán.
https://nau64.com/category/liga-mundial/,https://nau64.com/wp-content/uploads/2022/02/Bielorrusia_vs_Uruguay.jpg,Bielorrusia vence a Uruguay por la Liga Mundial de Ajedrez.
https://nau64.com/category/liga-mundial/,https://nau64.com/wp-content/uploads/2021/11/Screenshot_936-765x500.png,"Desgastante partida de alta tensión, con rápido desenlace en final tablas."
https://nau64.com/category/liga-mundial/,https://nau64.com/wp-content/uploads/2021/05/fua_logo.jpg,Uruguay Campeón!
https://nau64.com/category/liga-mundial/,https://nau64.com/wp-content/uploads/2021/02/Uruguay_vs_India.png,Uruguay saca ventaja en la Liga Mundial de Ajedrez.
https://nau64.com/copa-america-online-2025/,https://nau64.com/wp-content/uploads/2025/06/LogoCopaAmerica2025.jpeg,
https://nau64.com/copa-america-online-2025/,https://nau64.com/wp-content/uploads/2025/08/image.png,
https://nau64.com/copa-america-online-2025/,https://nau64.com/wp-content/uploads/2025/07/image-8.png,
https://nau64.com/copa-america-online-2025/,https://nau64.com/wp-content/uploads/2025/07/image-5.png,
https://nau64.com/copa-america-online-2025/,https://nau64.com/wp-content/uploads/2025/07/image-6.png,
https://nau64.com/copa-america-online-2025/,https://nau64.com/wp-content/uploads/2025/07/image-7.png,
https://nau64.com/copa-america-online-2025/,https://nau64.com/wp-content/uploads/2025/07/image.png,
https://nau64.com/copa-america-online-2025/,https://nau64.com/wp-content/uploads/2025/07/image-1.png,
https://nau64.com/copa-america-online-2025/,https://nau64.com/wp-content/uploads/2025/07/image-2.png,
https://nau64.com/copa-america-online-2025/,https://nau64.com/wp-content/uploads/2025/07/image-4.png,
https://nau64.com/copa-america-online-2025/,https://nau64.com/wp-content/uploads/2025/07/image-3.png,
https://nau64.com/copa-america-online-2025/,https://nau64.com/wp-content/uploads/2025/06/image-16.png,
https://nau64.com/copa-america-online-2025/,https://nau64.com/wp-content/uploads/2025/06/image-15.png,
https://nau64.com/copa-america-online-2025/,https://nau64.com/wp-content/uploads/2025/06/image-17.png,
https://nau64.com/copa-america-online-2025/,https://nau64.com/wp-content/uploads/2025/06/image-10.png,
https://nau64.com/copa-america-online-2025/,https://nau64.com/wp-content/uploads/2025/06/image-11.png,
https://nau64.com/copa-america-online-2025/,https://nau64.com/wp-content/uploads/2025/06/image-12.png,
https://nau64.com/copa-america-online-2025/,https://nau64.com/wp-content/uploads/2025/06/image-13.png,
https://nau64.com/copa-america-online-2025/,https://nau64.com/wp-content/uploads/2025/06/image-14.png,
https://nau64.com/copa-america-online-2025/,https://nau64.com/wp-content/uploads/2025/06/image-1.png,
https://nau64.com/copa-america-online-2025/,https://nau64.com/wp-content/uploads/2025/06/image-2.png,
https://nau64.com/copa-america-online-2025/,https://nau64.com/wp-content/uploads/2025/06/image-3.png,
https://nau64.com/copa-america-online-2025/,https://nau64.com/wp-content/uploads/2025/06/image-4.png,
https://nau64.com/copa-america-online-2025/,https://nau64.com/wp-content/uploads/2025/06/image-5.png,
https://nau64.com/copa-america-online-2025/,https://nau64.com/wp-content/uploads/2025/06/image-6.png,
https://nau64.com/copa-america-online-2025/,https://nau64.com/wp-content/uploads/2025/06/image-7.png,
https://nau64.com/copa-america-online-2025/,https://nau64.com/wp-content/uploads/2025/06/image-8.png,
https://nau64.com/copa-america-online-2025/,https://nau64.com/wp-content/uploads/2025/06/image-9.png,
https://nau64.com/category/copa-america/,https://nau64.com/wp-content/uploads/2025/06/LogoCopaAmerica2025.jpeg,Copa America Online 2025 – Se viene la Jornada 7
https://nau64.com/category/copa-america/,https://nau64.com/wp-content/uploads/2024/05/Copa-America-Ajedrez.png,"28 de julio: Ronda 4 de la Copa América, liderada por Argentina y Brasil"
https://nau64.com/page/7/#content,https://nau64.com/wp-content/uploads/2025/02/SemifinalesFemenina_nau64_2025_2-450x500.jpg,Semifinales Uruguayo Femenino
https://nau64.com/page/7/#content,https://nau64.com/wp-content/uploads/2025/01/image-13-765x500.png,Reta tu Mente: Ejercicios de Ajedrez .
https://nau64.com/page/7/#content,https://nau64.com/wp-content/uploads/2025/01/image-2-615x500.png,Nuevo Año: Hábitos que Transforman tu Juego
https://nau64.com/page/7/#content,https://nau64.com/wp-content/uploads/2024/12/FElizaC3B1onuevo_20241231_194115_0000-765x500.png,Feliz 2025!
https://nau64.com/page/7/#content,https://nau64.com/wp-content/uploads/2024/12/AJEDREZ-SOCIAL-765x500.png,¡Nuevo espacio! Ajedrez Social
https://nau64.com/page/7/#content,https://nau64.com/wp-content/uploads/2024/12/Torneo-de-Reyes-2025-1-765x500.png,XVI Torneo Reyes 2025 en nau64
https://nau64.com/page/7/#content,https://nau64.com/wp-content/uploads/2024/12/Colorful-Checkered-Chess-Club-Poster-765x500.png,Actividades
https://nau64.com/page/7/#content,https://nau64.com/wp-content/uploads/2024/11/Mundial-de-Ajedrez-nau64-765x500.jpg,Mundial de Ajedrez 2024 (Marcador: Ding 3-3 Gukesh)
https://nau64.com/page/7/#content,https://nau64.com/wp-content/uploads/2024/11/Torneo-Aniversario-765x500.jpg,Torneo XX Aniversario de nau64 -14 y 15 de diciembren (cupos cubiertos)
https://nau64.com/page/7/#content,https://nau64.com/wp-content/uploads/2024/11/Copia-de-XXXI-TORNEO-CERRADO-5-765x500.png,¡PARTICIPA Y GANA CON EL MATCH NAKLE-COMAS!
https://nau64.com/page/2/#content,https://nau64.com/wp-content/uploads/2026/03/Torneo-Open-de-Lunes-nau64-765x500.png,Open 136 el 20 de julio Torneo Pensado (FIDE)
https://nau64.com/page/2/#content,https://nau64.com/wp-content/uploads/2026/06/Captura-de-pantalla-2026-06-22-160454-765x500.png,Torneo Standard Viernes LXIX «El Original»
https://nau64.com/page/2/#content,https://nau64.com/wp-content/uploads/2026/06/Captura-de-pantalla-2026-06-15-164520-572x500.png,Alexandro Silva y Charlie Posada ganadores del sabatino
https://nau64.com/page/2/#content,https://nau64.com/wp-content/uploads/2026/06/Captura-de-pantalla-2026-06-15-153703-765x500.png,1° Abierto Rápido Club Español
https://nau64.com/page/2/#content,https://nau64.com/wp-content/uploads/2026/06/Captura-de-pantalla-2026-06-08-160936-765x500.png,La vuelta triunfal de Leonel Recine!
https://nau64.com/page/2/#content,https://nau64.com/wp-content/uploads/2026/05/Torneo-Viernes-nau64-765x500.png,22 de mayo comienza el 69 Torneo de los Viernes.
https://nau64.com/page/2/#content,https://nau64.com/wp-content/uploads/2026/04/Victor-Kortcnoi-765x500.png,Joyita de Victor el terrible!
https://nau64.com/page/2/#content,https://nau64.com/wp-content/uploads/2026/04/1775352599961-765x500.jpg,Una Pascuas inolvidable junto al MI Facundo Vázquez
https://nau64.com/page/2/#content,https://nau64.com/wp-content/uploads/2026/04/image-2.png,"Eduardo Elena, el «campeón sin corona» de Pando: hazaña histórica y clasificación olímpica"
https://nau64.com/page/2/#content,https://nau64.com/wp-content/uploads/2026/03/1774745063527-765x500.jpg,Nicolás Kulik arrasa en el sabatino de la Academia
https://nau64.com/torneo-standard-viernes-lxix-el-original/,https://nau64.com/wp-content/uploads/2026/06/Captura-de-pantalla-2026-06-22-160454-e1782155199242.png,
https://nau64.com/torneo-standard-viernes-lxix-el-original/,https://nau64.com/wp-content/uploads/2026/06/image-35.png,
https://nau64.com/torneo-standard-viernes-lxix-el-original/,https://nau64.com/wp-content/uploads/2026/06/image-41.png,
https://nau64.com/torneo-standard-viernes-lxix-el-original/,https://nau64.com/wp-content/uploads/2026/06/image-40.png,
https://nau64.com/torneo-standard-viernes-lxix-el-original/,https://nau64.com/wp-content/uploads/2026/06/image-39.png,
https://nau64.com/torneo-standard-viernes-lxix-el-original/,https://nau64.com/wp-content/uploads/2026/06/image-36.png,
https://nau64.com/torneo-standard-viernes-lxix-el-original/,https://nau64.com/wp-content/uploads/2026/06/image-37.png,
https://nau64.com/torneo-standard-viernes-lxix-el-original/,https://nau64.com/wp-content/uploads/2026/06/image-38.png,
https://nau64.com/torneo-standard-viernes-lxix-el-original/,https://nau64.com/wp-content/uploads/2026/06/image-33.png,
https://nau64.com/torneo-standard-viernes-lxix-el-original/,https://nau64.com/wp-content/uploads/2026/06/image-32.png,
https://nau64.com/torneo-standard-viernes-lxix-el-original/,https://nau64.com/wp-content/uploads/2026/06/image-22.png,
https://nau64.com/torneo-standard-viernes-lxix-el-original/,https://nau64.com/wp-content/uploads/2026/06/image-23.png,
https://nau64.com/torneo-standard-viernes-lxix-el-original/,https://nau64.com/wp-content/uploads/2026/06/image-24.png,
https://nau64.com/torneo-standard-viernes-lxix-el-original/,https://nau64.com/wp-content/uploads/2026/06/image-25.png,
https://nau64.com/torneo-standard-viernes-lxix-el-original/,https://nau64.com/wp-content/uploads/2026/06/image-26.png,
https://nau64.com/torneo-standard-viernes-lxix-el-original/,https://nau64.com/wp-content/uploads/2026/06/image-27.png,
https://nau64.com/torneo-standard-viernes-lxix-el-original/,https://nau64.com/wp-content/uploads/2026/06/image-28.png,
https://nau64.com/torneo-standard-viernes-lxix-el-original/,https://nau64.com/wp-content/uploads/2026/06/image-29.png,
https://nau64.com/torneo-standard-viernes-lxix-el-original/,https://nau64.com/wp-content/uploads/2026/06/image-30.png,
https://nau64.com/torneo-standard-viernes-lxix-el-original/,https://nau64.com/wp-content/uploads/2026/06/image-31.png,
https://nau64.com/alexandro-silva-y-charlie-posada-ganadores-del-sabatino/,https://nau64.com/wp-content/uploads/2026/06/Captura-de-pantalla-2026-06-15-164520-e1781552941752.png,
https://nau64.com/alexandro-silva-y-charlie-posada-ganadores-del-sabatino/,https://nau64.com/wp-content/uploads/2026/06/image-21.png,
https://nau64.com/alexandro-silva-y-charlie-posada-ganadores-del-sabatino/,https://nau64.com/wp-content/uploads/2026/06/image-9.png,
https://nau64.com/alexandro-silva-y-charlie-posada-ganadores-del-sabatino/,https://nau64.com/wp-content/uploads/2026/06/image-11.png,
https://nau64.com/alexandro-silva-y-charlie-posada-ganadores-del-sabatino/,https://nau64.com/wp-content/uploads/2026/06/image-12.png,
https://nau64.com/alexandro-silva-y-charlie-posada-ganadores-del-sabatino/,https://nau64.com/wp-content/uploads/2026/06/image-13.png,
https://nau64.com/alexandro-silva-y-charlie-posada-ganadores-del-sabatino/,https://nau64.com/wp-content/uploads/2026/06/image-14.png,
https://nau64.com/alexandro-silva-y-charlie-posada-ganadores-del-sabatino/,https://nau64.com/wp-content/uploads/2026/06/image-15.png,
https://nau64.com/alexandro-silva-y-charlie-posada-ganadores-del-sabatino/,https://nau64.com/wp-content/uploads/2026/06/image-16.png,
https://nau64.com/alexandro-silva-y-charlie-posada-ganadores-del-sabatino/,https://nau64.com/wp-content/uploads/2026/06/image-17.png,
https://nau64.com/alexandro-silva-y-charlie-posada-ganadores-del-sabatino/,https://nau64.com/wp-content/uploads/2026/06/image-18.png,
https://nau64.com/alexandro-silva-y-charlie-posada-ganadores-del-sabatino/,https://nau64.com/wp-content/uploads/2026/06/image-19.png,
https://nau64.com/alexandro-silva-y-charlie-posada-ganadores-del-sabatino/,https://nau64.com/wp-content/uploads/2026/06/image-20.png,
https://nau64.com/alexandro-silva-y-charlie-posada-ganadores-del-sabatino/,https://nau64.com/wp-content/uploads/2026/06/image-10.png,
https://nau64.com/page/4/#content,https://nau64.com/wp-content/uploads/2026/01/Domingueros-Rapidas-1-12-765x500.jpg,Benjamín Martello se llevó el Sabatino rápido de nau64
https://nau64.com/page/4/#content,https://nau64.com/wp-content/uploads/2026/01/Domingueros-Rapidas-1-11-765x500.jpg,Final del Festival de Reyes 2026
https://nau64.com/page/4/#content,https://nau64.com/wp-content/uploads/2025/12/Cartaz-clube-de-xadrez-1-765x500.jpg,XVII Torneo de Reyes VALIDO ELO FUA/FIDE
https://nau64.com/page/4/#content,https://nau64.com/wp-content/uploads/2026/01/Clasificatorio-C.A.Cerro_-765x500.png,Cuartos C.A. Cerro clasificatorios a las Semifinales del Campeonato Uruguayo 2026
https://nau64.com/page/4/#content,https://nau64.com/wp-content/uploads/2025/12/Domingueros-Rapidas-1-10-765x500.jpg,Franco Manteiga Ganador de la «Copa AN Edmundo Infante»
https://nau64.com/page/4/#content,https://nau64.com/wp-content/uploads/2025/12/XVI-Torneo-de-Reyes-2025-Primera-Ronda-1-1-765x500.jpg,Emanuel Jesus Se llevó el XXI aniversario Open de nau64
https://nau64.com/page/4/#content,https://nau64.com/wp-content/uploads/2025/12/XVI-Torneo-de-Reyes-2025-Primera-Ronda-2-765x500.jpg,Matteo Reyes se llevó el XXI Aniversario sub-14 de Nau64
https://nau64.com/page/4/#content,https://nau64.com/wp-content/uploads/2025/12/XVI-Torneo-de-Reyes-2025-Primera-Ronda-2-2-765x500.jpg,El campeón sub-20 se llevó el XXI Aniversario Blitz de Nau64
https://nau64.com/page/4/#content,https://nau64.com/wp-content/uploads/2025/12/Domingueros-Rapidas-1-8-765x500.jpg,Benjamín Martello se consagró campeón del Sabatino Rápido de Nau64
https://nau64.com/page/4/#content,https://nau64.com/wp-content/uploads/2025/11/TorneoAniversario_nau64_2025-765x500.jpeg,Aniversario de nau64!
https://nau64.com/benjamin-martello-se-llevo-el-sabatino-rapido-de-nau64/,https://nau64.com/wp-content/uploads/2026/01/Domingueros-Rapidas-1-12-e1769626921236.jpg,
https://nau64.com/benjamin-martello-se-llevo-el-sabatino-rapido-de-nau64/,https://nau64.com/wp-content/uploads/2026/01/image-12.png,
https://nau64.com/benjamin-martello-se-llevo-el-sabatino-rapido-de-nau64/,https://nau64.com/wp-content/uploads/2026/01/1768753957141-1024x771.jpg,
https://nau64.com/benjamin-martello-se-llevo-el-sabatino-rapido-de-nau64/,https://nau64.com/wp-content/uploads/2026/01/1768753957120-1024x771.jpg,
https://nau64.com/benjamin-martello-se-llevo-el-sabatino-rapido-de-nau64/,https://nau64.com/wp-content/uploads/2026/01/1768753956930-1024x771.jpg,
https://nau64.com/benjamin-martello-se-llevo-el-sabatino-rapido-de-nau64/,https://nau64.com/wp-content/uploads/2026/01/1768753956952-1-1024x771.jpg,
https://nau64.com/benjamin-martello-se-llevo-el-sabatino-rapido-de-nau64/,https://nau64.com/wp-content/uploads/2026/01/1768753956773-1024x771.jpg,
https://nau64.com/benjamin-martello-se-llevo-el-sabatino-rapido-de-nau64/,https://nau64.com/wp-content/uploads/2026/01/1768753956752-1024x771.jpg,
https://nau64.com/benjamin-martello-se-llevo-el-sabatino-rapido-de-nau64/,https://nau64.com/wp-content/uploads/2026/01/1768753956608-1024x771.jpg,
https://nau64.com/benjamin-martello-se-llevo-el-sabatino-rapido-de-nau64/,https://nau64.com/wp-content/uploads/2026/01/1768753956582-1024x771.jpg,
https://nau64.com/benjamin-martello-se-llevo-el-sabatino-rapido-de-nau64/,https://nau64.com/wp-content/uploads/2026/01/1768753956422-1024x771.jpg,
https://nau64.com/benjamin-martello-se-llevo-el-sabatino-rapido-de-nau64/,https://nau64.com/wp-content/uploads/2026/01/1768753956398-1024x771.jpg,
https://nau64.com/final-del-festival-de-reyes-2026/,https://nau64.com/wp-content/uploads/2026/01/Domingueros-Rapidas-1-11-e1769201271667.jpg,
https://nau64.com/final-del-festival-de-reyes-2026/,https://nau64.com/wp-content/uploads/2026/01/XVI-Torneo-de-Reyes-2025-Primera-Ronda-1024x1024.jpg,
https://nau64.com/final-del-festival-de-reyes-2026/,https://nau64.com/wp-content/uploads/2026/01/XVI-Torneo-de-Reyes-2025-Primera-Ronda-2-1024x1024.jpg,
https://nau64.com/final-del-festival-de-reyes-2026/,https://nau64.com/wp-content/uploads/2026/01/XVI-Torneo-de-Reyes-2025-Primera-Ronda-3-1024x1024.jpg,
https://nau64.com/final-del-festival-de-reyes-2026/,https://nau64.com/wp-content/uploads/2026/01/XVI-Torneo-de-Reyes-2025-Primera-Ronda-4-1024x1024.jpg,
https://nau64.com/final-del-festival-de-reyes-2026/,https://nau64.com/wp-content/uploads/2026/01/XVI-Torneo-de-Reyes-2025-Primera-Ronda-5-1-1024x1024.jpg,
https://nau64.com/final-del-festival-de-reyes-2026/,https://nau64.com/wp-content/uploads/2026/01/XVI-Torneo-de-Reyes-2025-Primera-Ronda-6-1024x1024.jpg,
https://nau64.com/final-del-festival-de-reyes-2026/,https://nau64.com/wp-content/uploads/2026/01/XVI-Torneo-de-Reyes-2025-Primera-Ronda-7-1024x1024.jpg,
https://nau64.com/final-del-festival-de-reyes-2026/,https://nau64.com/wp-content/uploads/2026/01/XVI-Torneo-de-Reyes-2025-Primera-Ronda-8-1024x1024.jpg,
https://nau64.com/final-del-festival-de-reyes-2026/,https://nau64.com/wp-content/uploads/2026/01/XVI-Torneo-de-Reyes-2025-Primera-Ronda-9-1024x1024.jpg,
https://nau64.com/final-del-festival-de-reyes-2026/,https://nau64.com/wp-content/uploads/2026/01/XVI-Torneo-de-Reyes-2025-Primera-Ronda-10-1024x1024.jpg,
https://nau64.com/final-del-festival-de-reyes-2026/,https://nau64.com/wp-content/uploads/2026/01/Final-Reyes-2026.png,
https://nau64.com/final-del-festival-de-reyes-2026/,https://nau64.com/wp-content/uploads/2026/01/image-2.png,
https://nau64.com/final-del-festival-de-reyes-2026/,https://nau64.com/wp-content/uploads/2026/01/image-9.png,
https://nau64.com/final-del-festival-de-reyes-2026/,https://nau64.com/wp-content/uploads/2026/01/image-4.png,
https://nau64.com/final-del-festival-de-reyes-2026/,https://nau64.com/wp-content/uploads/2026/01/image-8.png,
https://nau64.com/final-del-festival-de-reyes-2026/,https://nau64.com/wp-content/uploads/2026/01/image-7.png,
https://nau64.com/final-del-festival-de-reyes-2026/,https://nau64.com/wp-content/uploads/2026/01/XVI-Torneo-de-Reyes-2025-Primera-Ronda-11-1024x1024.jpg,
https://nau64.com/final-del-festival-de-reyes-2026/,https://nau64.com/wp-content/uploads/2026/01/XVI-Torneo-de-Reyes-2025-Primera-Ronda-3-1-1024x1024.jpg,
https://nau64.com/final-del-festival-de-reyes-2026/,https://nau64.com/wp-content/uploads/2026/01/XVI-Torneo-de-Reyes-2025-Primera-Ronda-13-1024x1024.jpg,
https://nau64.com/final-del-festival-de-reyes-2026/,https://nau64.com/wp-content/uploads/2026/01/XVI-Torneo-de-Reyes-2025-Primera-Ronda-14-1024x1024.jpg,
https://nau64.com/final-del-festival-de-reyes-2026/,https://nau64.com/wp-content/uploads/2026/01/image.png,
https://nau64.com/final-del-festival-de-reyes-2026/,https://nau64.com/wp-content/uploads/2026/01/image-1.png,
https://nau64.com/final-del-festival-de-reyes-2026/,https://nau64.com/wp-content/uploads/2026/01/image-3.png,
https://nau64.com/final-del-festival-de-reyes-2026/,https://nau64.com/wp-content/uploads/2026/01/image-11.png,
https://nau64.com/final-del-festival-de-reyes-2026/,https://nau64.com/wp-content/uploads/2026/01/image-5.png,
https://nau64.com/final-del-festival-de-reyes-2026/,https://nau64.com/wp-content/uploads/2026/01/image-10.png,
https://nau64.com/final-del-festival-de-reyes-2026/,https://nau64.com/wp-content/uploads/2026/01/image-6.png,
https://nau64.com/xvii-torneo-de-reyes-valido-elo-fua-fide/,https://nau64.com/wp-content/uploads/2025/12/Cartaz-clube-de-xadrez-1-e1764794388766.jpg,
https://nau64.com/semifinales/,https://nau64.com/wp-content/uploads/2026/01/Clasificatorio-C.A.Cerro_-e1767362873625.png,
https://nau64.com/semifinales/,https://nau64.com/wp-content/uploads/2026/01/Cerro-Serie-B-1024x1024.jpg,
https://nau64.com/semifinales/,https://nau64.com/wp-content/uploads/2026/01/Cerro-Serie-B-1024x1024.jpg,
https://nau64.com/franco-manteiga-ganador-de-la-copa-an-edmundo-infante/,https://nau64.com/wp-content/uploads/2025/12/Domingueros-Rapidas-1-10-e1767041923994.jpg,
https://nau64.com/franco-manteiga-ganador-de-la-copa-an-edmundo-infante/,https://nau64.com/wp-content/uploads/2025/12/1766421956160-1024x771.jpg,
https://nau64.com/franco-manteiga-ganador-de-la-copa-an-edmundo-infante/,https://nau64.com/wp-content/uploads/2025/12/image-21.png,
https://nau64.com/franco-manteiga-ganador-de-la-copa-an-edmundo-infante/,https://nau64.com/wp-content/uploads/2025/12/image-22.png,
https://nau64.com/franco-manteiga-ganador-de-la-copa-an-edmundo-infante/,https://nau64.com/wp-content/uploads/2025/12/image-23.png,
https://nau64.com/franco-manteiga-ganador-de-la-copa-an-edmundo-infante/,https://nau64.com/wp-content/uploads/2025/12/1766421956374-1024x771.jpg,
https://nau64.com/franco-manteiga-ganador-de-la-copa-an-edmundo-infante/,https://nau64.com/wp-content/uploads/2025/12/1766421956305-1024x771.jpg,
https://nau64.com/franco-manteiga-ganador-de-la-copa-an-edmundo-infante/,https://nau64.com/wp-content/uploads/2025/12/1766421956221-1-1024x771.jpg,
https://nau64.com/franco-manteiga-ganador-de-la-copa-an-edmundo-infante/,https://nau64.com/wp-content/uploads/2025/12/1766421956130-1-1024x771.jpg,
https://nau64.com/franco-manteiga-ganador-de-la-copa-an-edmundo-infante/,https://nau64.com/wp-content/uploads/2025/12/image-24.png,
https://nau64.com/franco-manteiga-ganador-de-la-copa-an-edmundo-infante/,https://nau64.com/wp-content/uploads/2025/12/1766421956338-1024x771.jpg,
https://nau64.com/franco-manteiga-ganador-de-la-copa-an-edmundo-infante/,https://nau64.com/wp-content/uploads/2025/12/1766421956279-1024x771.jpg,
https://nau64.com/category/match/,https://nau64.com/wp-content/uploads/2025/12/Domingueros-Rapidas-1-10-765x500.jpg,Franco Manteiga Ganador de la «Copa AN Edmundo Infante»
https://nau64.com/category/match/,https://nau64.com/wp-content/uploads/2023/04/campeonmundialDing-765x500.png,Ding Liren se corona Campeón del Mundo de Ajedrez.
https://nau64.com/category/match/,https://nau64.com/wp-content/uploads/2023/04/6a-6imagen.png,Ding gana la pulseada de nervios y empata el match por el Mundial de Ajedrez a falta de dos partidas.
https://nau64.com/category/match/,https://nau64.com/wp-content/uploads/2023/04/nepo-absandona-765x500.jpg,Din Liren devuelve el guante y se impone en la partida 6.
https://nau64.com/category/match/,https://nau64.com/wp-content/uploads/2022/10/uru_Bol_nau64_chess.jpeg,Uruguay cayo ante Bolivia por la Sub-1600 Mundial.
https://nau64.com/category/match/,https://nau64.com/wp-content/uploads/2022/10/URU_UZB_Chess_nau64.jpg,Match 960 (Random Fischer) Uruguay vs Uzbekistán.
https://nau64.com/category/match/,https://nau64.com/wp-content/uploads/2022/02/2022-02-20-Liga-Naciones-Rumania-vs-Uruguay.jpeg,Rumania vence por la Liga de las Naciones de Ajedrez al equipo de Uruguay.
https://nau64.com/category/match/,https://nau64.com/wp-content/uploads/2022/02/Bielorrusia_vs_Uruguay.jpg,Bielorrusia vence a Uruguay por la Liga Mundial de Ajedrez.
https://nau64.com/category/match/,https://nau64.com/wp-content/uploads/2022/02/2022-02-19_-Uruguay-vs-El-salvador.jpg,Buen inicio de Uruguay en la Liga Panamericana.
https://nau64.com/category/match/,https://nau64.com/wp-content/uploads/2021/12/Screenshot_3084-765x500.png,Dramática CAIDA de Uruguay en la tabla de posiciones!!!
https://nau64.com/page/1/,https://nau64.com/wp-content/uploads/2024/12/Colorful-Checkered-Chess-Club-Poster-765x500.png,Actividades
https://nau64.com/page/1/,https://nau64.com/wp-content/uploads/2023/07/Torneo_nau64_2025_Ajedrez.png,Calendario 2026
https://nau64.com/page/1/,https://nau64.com/wp-content/uploads/2026/07/Captura-de-pantalla-2026-07-29-161232-765x500.png,1er Torneo Suizo sistema Match – Rondas 1 y 2
https://nau64.com/page/1/,https://nau64.com/wp-content/uploads/2026/07/Captura-de-pantalla-2026-07-29-192513-765x500.png,Open 136: Ronda 2
https://nau64.com/page/1/,https://nau64.com/wp-content/uploads/2026/07/Ganador-Sabatino-Rapidas-675x500.png,MN Federico Canias Campeón del Cumpleañero de Julio
https://nau64.com/page/1/,https://nau64.com/wp-content/uploads/2026/07/Captura-de-pantalla-2026-07-23-192811-765x500.png,Open 136: Ronda 1
https://nau64.com/page/1/,https://nau64.com/wp-content/uploads/2026/07/Captura-de-pantalla-2026-07-13-165211.png,Sorpresa: Miguel Pinto y Daniel Kaciusis Campeones
https://nau64.com/page/1/,https://nau64.com/wp-content/uploads/2026/07/Captura-de-pantalla-2026-07-06-180652-765x500.png,II Amateur Sub 1600 de NAU 64
https://nau64.com/page/1/,https://nau64.com/wp-content/uploads/2026/07/IMG_20260704_174959-765x500.jpg,"CM Tabare Bustelo y Miguel Pinto, Campeones del sabatino"
https://nau64.com/page/1/,https://nau64.com/wp-content/uploads/2026/07/Captura-de-pantalla-2026-07-01-155746-765x500.png,NAU 64 en el Interclubes de Rápidas y Blitz
https://nau64.com/page/1/,https://nau64.com/wp-content/uploads/2026/06/Captura-de-pantalla-2026-06-29-161558-765x500.png,Juan Esquibel ganó el sabatino rápido
https://nau64.com/page/1/,https://nau64.com/wp-content/uploads/2026/06/Captura-de-pantalla-2026-06-24-155240-765x500.png,"Franco Ugarte y Bruno Escardo, Campeones en los Sabatinos"
https://nau64.com/page/2/,https://nau64.com/wp-content/uploads/2026/03/Torneo-Open-de-Lunes-nau64-765x500.png,Open 136 el 20 de julio Torneo Pensado (FIDE)
https://nau64.com/page/2/,https://nau64.com/wp-content/uploads/2026/06/Captura-de-pantalla-2026-06-22-160454-765x500.png,Torneo Standard Viernes LXIX «El Original»
https://nau64.com/page/2/,https://nau64.com/wp-content/uploads/2026/06/Captura-de-pantalla-2026-06-15-164520-572x500.png,Alexandro Silva y Charlie Posada ganadores del sabatino
https://nau64.com/page/2/,https://nau64.com/wp-content/uploads/2026/06/Captura-de-pantalla-2026-06-15-153703-765x500.png,1° Abierto Rápido Club Español
https://nau64.com/page/2/,https://nau64.com/wp-content/uploads/2026/06/Captura-de-pantalla-2026-06-08-160936-765x500.png,La vuelta triunfal de Leonel Recine!
https://nau64.com/page/2/,https://nau64.com/wp-content/uploads/2026/05/Torneo-Viernes-nau64-765x500.png,22 de mayo comienza el 69 Torneo de los Viernes.
https://nau64.com/page/2/,https://nau64.com/wp-content/uploads/2026/04/Victor-Kortcnoi-765x500.png,Joyita de Victor el terrible!
https://nau64.com/page/2/,https://nau64.com/wp-content/uploads/2026/04/1775352599961-765x500.jpg,Una Pascuas inolvidable junto al MI Facundo Vázquez
https://nau64.com/page/2/,https://nau64.com/wp-content/uploads/2026/04/image-2.png,"Eduardo Elena, el «campeón sin corona» de Pando: hazaña histórica y clasificación olímpica"
https://nau64.com/page/2/,https://nau64.com/wp-content/uploads/2026/03/1774745063527-765x500.jpg,Nicolás Kulik arrasa en el sabatino de la Academia
https://nau64.com/page/3/,https://nau64.com/wp-content/uploads/2026/03/image-6-651x500.png,Frank y Federico brillan en el Rápido y Blitz Sabatino.
https://nau64.com/page/3/,https://nau64.com/wp-content/uploads/2026/03/Kasparov_vs_Karpov.png,La Batalla Infinita: Karpov vs. Kasparov
https://nau64.com/page/3/,https://nau64.com/wp-content/uploads/2023/06/Sabados-nau64-765x500.png,Sábados a Todo Ajedrez
https://nau64.com/page/3/,https://nau64.com/wp-content/uploads/2026/02/image-8-e1772140438127.png,Fiesta de ajedrez en Nau64: Torneo para No Rankeados y Sub-1600
https://nau64.com/page/3/,https://nau64.com/wp-content/uploads/2026/02/Antonio-Fernandez-765x500.jpeg,Fernández imparable: campeón con puntaje perfecto en el Sabatino Rápido.
https://nau64.com/page/3/,https://nau64.com/wp-content/uploads/2026/02/IMG-20260209-WA0034-765x500.jpg,Ajedrez entre Amigos – Torneo Amateur Nau64
https://nau64.com/page/3/,https://nau64.com/wp-content/uploads/2026/02/Ajedrez-de-Miercoles-2026-765x500.png,Ajedrez de Miercoles II
https://nau64.com/page/3/,https://nau64.com/wp-content/uploads/2026/01/1769717488976-765x500.jpg,Culminaron los cuartos de final serie B del Club Cerro
https://nau64.com/page/3/,https://nau64.com/wp-content/uploads/2026/01/1769448684079-765x500.jpg,Culminaron los cuartos de final serie A del Club Cerro
https://nau64.com/page/3/,https://nau64.com/wp-content/uploads/2026/01/Domingueros-Rapidas-1-14-765x500.jpg,Victoria Contundente de Federico Canias en el Torneo Sabatino de Nau64
https://nau64.com/page/4/,https://nau64.com/wp-content/uploads/2026/01/Domingueros-Rapidas-1-12-765x500.jpg,Benjamín Martello se llevó el Sabatino rápido de nau64
https://nau64.com/page/4/,https://nau64.com/wp-content/uploads/2026/01/Domingueros-Rapidas-1-11-765x500.jpg,Final del Festival de Reyes 2026
https://nau64.com/page/4/,https://nau64.com/wp-content/uploads/2025/12/Cartaz-clube-de-xadrez-1-765x500.jpg,XVII Torneo de Reyes VALIDO ELO FUA/FIDE
https://nau64.com/page/4/,https://nau64.com/wp-content/uploads/2026/01/Clasificatorio-C.A.Cerro_-765x500.png,Cuartos C.A. Cerro clasificatorios a las Semifinales del Campeonato Uruguayo 2026
https://nau64.com/page/4/,https://nau64.com/wp-content/uploads/2025/12/Domingueros-Rapidas-1-10-765x500.jpg,Franco Manteiga Ganador de la «Copa AN Edmundo Infante»
https://nau64.com/page/4/,https://nau64.com/wp-content/uploads/2025/12/XVI-Torneo-de-Reyes-2025-Primera-Ronda-1-1-765x500.jpg,Emanuel Jesus Se llevó el XXI aniversario Open de nau64
https://nau64.com/page/4/,https://nau64.com/wp-content/uploads/2025/12/XVI-Torneo-de-Reyes-2025-Primera-Ronda-2-765x500.jpg,Matteo Reyes se llevó el XXI Aniversario sub-14 de Nau64
https://nau64.com/page/4/,https://nau64.com/wp-content/uploads/2025/12/XVI-Torneo-de-Reyes-2025-Primera-Ronda-2-2-765x500.jpg,El campeón sub-20 se llevó el XXI Aniversario Blitz de Nau64
https://nau64.com/page/4/,https://nau64.com/wp-content/uploads/2025/12/Domingueros-Rapidas-1-8-765x500.jpg,Benjamín Martello se consagró campeón del Sabatino Rápido de Nau64
https://nau64.com/page/4/,https://nau64.com/wp-content/uploads/2025/11/TorneoAniversario_nau64_2025-765x500.jpeg,Aniversario de nau64!
https://nau64.com/emanuel-jesus-se-llevo-el-xxi-aniversario-open-de-nau64/,https://nau64.com/wp-content/uploads/2025/12/XVI-Torneo-de-Reyes-2025-Primera-Ronda-1-1-e1766613243280.jpg,
https://nau64.com/emanuel-jesus-se-llevo-el-xxi-aniversario-open-de-nau64/,https://nau64.com/wp-content/uploads/2025/12/image-20.png,
https://nau64.com/emanuel-jesus-se-llevo-el-xxi-aniversario-open-de-nau64/,https://nau64.com/wp-content/uploads/2025/12/XVI-Torneo-de-Reyes-2025-Primera-Ronda-6-1024x1024.jpg,
https://nau64.com/emanuel-jesus-se-llevo-el-xxi-aniversario-open-de-nau64/,https://nau64.com/wp-content/uploads/2025/12/XVI-Torneo-de-Reyes-2025-Primera-Ronda-3-1-1024x1024.jpg,
https://nau64.com/emanuel-jesus-se-llevo-el-xxi-aniversario-open-de-nau64/,https://nau64.com/wp-content/uploads/2025/12/XVI-Torneo-de-Reyes-2025-Primera-Ronda-4-1-1024x1024.jpg,
https://nau64.com/emanuel-jesus-se-llevo-el-xxi-aniversario-open-de-nau64/,https://nau64.com/wp-content/uploads/2025/12/XVI-Torneo-de-Reyes-2025-Primera-Ronda-5-1-1024x1024.jpg,
https://nau64.com/emanuel-jesus-se-llevo-el-xxi-aniversario-open-de-nau64/,https://nau64.com/wp-content/uploads/2025/12/XVI-Torneo-de-Reyes-2025-Primera-Ronda-6-1-1024x1024.jpg,
https://nau64.com/emanuel-jesus-se-llevo-el-xxi-aniversario-open-de-nau64/,https://nau64.com/wp-content/uploads/2025/12/XVI-Torneo-de-Reyes-2025-Primera-Ronda-7-1024x1024.jpg,
https://nau64.com/emanuel-jesus-se-llevo-el-xxi-aniversario-open-de-nau64/,https://nau64.com/wp-content/uploads/2025/12/XVI-Torneo-de-Reyes-2025-Primera-Ronda-8-1024x1024.jpg,
https://nau64.com/emanuel-jesus-se-llevo-el-xxi-aniversario-open-de-nau64/,https://nau64.com/wp-content/uploads/2025/12/XVI-Torneo-de-Reyes-2025-Primera-Ronda-9-1024x1024.jpg,
https://nau64.com/emanuel-jesus-se-llevo-el-xxi-aniversario-open-de-nau64/,https://nau64.com/wp-content/uploads/2025/12/XVI-Torneo-de-Reyes-2025-Primera-Ronda-10-1024x1024.jpg,
https://nau64.com/emanuel-jesus-se-llevo-el-xxi-aniversario-open-de-nau64/,https://nau64.com/wp-content/uploads/2025/12/XVI-Torneo-de-Reyes-2025-Primera-Ronda-11-1024x1024.jpg,
https://nau64.com/emanuel-jesus-se-llevo-el-xxi-aniversario-open-de-nau64/,https://nau64.com/wp-content/uploads/2025/12/XVI-Torneo-de-Reyes-2025-Primera-Ronda-12-1024x1024.jpg,
https://nau64.com/emanuel-jesus-se-llevo-el-xxi-aniversario-open-de-nau64/,https://nau64.com/wp-content/uploads/2025/12/XVI-Torneo-de-Reyes-2025-Primera-Ronda-13-1024x1024.jpg,
https://nau64.com/emanuel-jesus-se-llevo-el-xxi-aniversario-open-de-nau64/,https://nau64.com/wp-content/uploads/2025/12/XVI-Torneo-de-Reyes-2025-Primera-Ronda-14-1024x1024.jpg,
https://nau64.com/emanuel-jesus-se-llevo-el-xxi-aniversario-open-de-nau64/,https://nau64.com/wp-content/uploads/2025/12/XVI-Torneo-de-Reyes-2025-Primera-Ronda-15-1024x1024.jpg,
https://nau64.com/emanuel-jesus-se-llevo-el-xxi-aniversario-open-de-nau64/,https://nau64.com/wp-content/uploads/2025/12/XVI-Torneo-de-Reyes-2025-Primera-Ronda-16-1024x1024.jpg,
https://nau64.com/emanuel-jesus-se-llevo-el-xxi-aniversario-open-de-nau64/,https://nau64.com/wp-content/uploads/2025/12/image-11.png,
https://nau64.com/emanuel-jesus-se-llevo-el-xxi-aniversario-open-de-nau64/,https://nau64.com/wp-content/uploads/2025/12/image-12.png,
https://nau64.com/emanuel-jesus-se-llevo-el-xxi-aniversario-open-de-nau64/,https://nau64.com/wp-content/uploads/2025/12/1766353573310-1024x771.jpg,
https://nau64.com/emanuel-jesus-se-llevo-el-xxi-aniversario-open-de-nau64/,https://nau64.com/wp-content/uploads/2025/12/1766353573281-1024x771.jpg,
https://nau64.com/emanuel-jesus-se-llevo-el-xxi-aniversario-open-de-nau64/,https://nau64.com/wp-content/uploads/2025/12/image-13.png,
https://nau64.com/emanuel-jesus-se-llevo-el-xxi-aniversario-open-de-nau64/,https://nau64.com/wp-content/uploads/2025/12/1766353572752-1024x771.jpg,
https://nau64.com/emanuel-jesus-se-llevo-el-xxi-aniversario-open-de-nau64/,https://nau64.com/wp-content/uploads/2025/12/1766353572723-1024x771.jpg,
https://nau64.com/emanuel-jesus-se-llevo-el-xxi-aniversario-open-de-nau64/,https://nau64.com/wp-content/uploads/2025/12/image-14.png,
https://nau64.com/emanuel-jesus-se-llevo-el-xxi-aniversario-open-de-nau64/,https://nau64.com/wp-content/uploads/2025/12/1766353572432-1024x771.jpg,
https://nau64.com/emanuel-jesus-se-llevo-el-xxi-aniversario-open-de-nau64/,https://nau64.com/wp-content/uploads/2025/12/1766353572399-1024x771.jpg,
https://nau64.com/emanuel-jesus-se-llevo-el-xxi-aniversario-open-de-nau64/,https://nau64.com/wp-content/uploads/2025/12/image-15-1024x524.png,
https://nau64.com/emanuel-jesus-se-llevo-el-xxi-aniversario-open-de-nau64/,https://nau64.com/wp-content/uploads/2025/12/1766353572210-1024x771.jpg,
https://nau64.com/emanuel-jesus-se-llevo-el-xxi-aniversario-open-de-nau64/,https://nau64.com/wp-content/uploads/2025/12/1766353572177-1024x771.jpg,
https://nau64.com/emanuel-jesus-se-llevo-el-xxi-aniversario-open-de-nau64/,https://nau64.com/wp-content/uploads/2025/12/image-16.png,
https://nau64.com/emanuel-jesus-se-llevo-el-xxi-aniversario-open-de-nau64/,https://nau64.com/wp-content/uploads/2025/12/1766353451619-1024x771.jpg,
https://nau64.com/emanuel-jesus-se-llevo-el-xxi-aniversario-open-de-nau64/,https://nau64.com/wp-content/uploads/2025/12/1766353451587-1024x771.jpg,
https://nau64.com/emanuel-jesus-se-llevo-el-xxi-aniversario-open-de-nau64/,https://nau64.com/wp-content/uploads/2025/12/image-17.png,
https://nau64.com/emanuel-jesus-se-llevo-el-xxi-aniversario-open-de-nau64/,https://nau64.com/wp-content/uploads/2025/12/1766353451086-1024x771.jpg,
https://nau64.com/emanuel-jesus-se-llevo-el-xxi-aniversario-open-de-nau64/,https://nau64.com/wp-content/uploads/2025/12/1766353451054-1024x771.jpg,
https://nau64.com/emanuel-jesus-se-llevo-el-xxi-aniversario-open-de-nau64/,https://nau64.com/wp-content/uploads/2025/12/image-18.png,
https://nau64.com/emanuel-jesus-se-llevo-el-xxi-aniversario-open-de-nau64/,https://nau64.com/wp-content/uploads/2025/12/1766353450910-1024x771.jpg,
https://nau64.com/emanuel-jesus-se-llevo-el-xxi-aniversario-open-de-nau64/,https://nau64.com/wp-content/uploads/2025/12/1766353450876-1024x771.jpg,
https://nau64.com/emanuel-jesus-se-llevo-el-xxi-aniversario-open-de-nau64/#content,https://nau64.com/wp-content/uploads/2025/12/XVI-Torneo-de-Reyes-2025-Primera-Ronda-1-1-e1766613243280.jpg,
https://nau64.com/emanuel-jesus-se-llevo-el-xxi-aniversario-open-de-nau64/#content,https://nau64.com/wp-content/uploads/2025/12/image-20.png,
https://nau64.com/emanuel-jesus-se-llevo-el-xxi-aniversario-open-de-nau64/#content,https://nau64.com/wp-content/uploads/2025/12/XVI-Torneo-de-Reyes-2025-Primera-Ronda-6-1024x1024.jpg,
https://nau64.com/emanuel-jesus-se-llevo-el-xxi-aniversario-open-de-nau64/#content,https://nau64.com/wp-content/uploads/2025/12/XVI-Torneo-de-Reyes-2025-Primera-Ronda-3-1-1024x1024.jpg,
https://nau64.com/emanuel-jesus-se-llevo-el-xxi-aniversario-open-de-nau64/#content,https://nau64.com/wp-content/uploads/2025/12/XVI-Torneo-de-Reyes-2025-Primera-Ronda-4-1-1024x1024.jpg,
https://nau64.com/emanuel-jesus-se-llevo-el-xxi-aniversario-open-de-nau64/#content,https://nau64.com/wp-content/uploads/2025/12/XVI-Torneo-de-Reyes-2025-Primera-Ronda-5-1-1024x1024.jpg,
https://nau64.com/emanuel-jesus-se-llevo-el-xxi-aniversario-open-de-nau64/#content,https://nau64.com/wp-content/uploads/2025/12/XVI-Torneo-de-Reyes-2025-Primera-Ronda-6-1-1024x1024.jpg,
https://nau64.com/emanuel-jesus-se-llevo-el-xxi-aniversario-open-de-nau64/#content,https://nau64.com/wp-content/uploads/2025/12/XVI-Torneo-de-Reyes-2025-Primera-Ronda-7-1024x1024.jpg,
https://nau64.com/emanuel-jesus-se-llevo-el-xxi-aniversario-open-de-nau64/#content,https://nau64.com/wp-content/uploads/2025/12/XVI-Torneo-de-Reyes-2025-Primera-Ronda-8-1024x1024.jpg,
https://nau64.com/emanuel-jesus-se-llevo-el-xxi-aniversario-open-de-nau64/#content,https://nau64.com/wp-content/uploads/2025/12/XVI-Torneo-de-Reyes-2025-Primera-Ronda-9-1024x1024.jpg,
https://nau64.com/emanuel-jesus-se-llevo-el-xxi-aniversario-open-de-nau64/#content,https://nau64.com/wp-content/uploads/2025/12/XVI-Torneo-de-Reyes-2025-Primera-Ronda-10-1024x1024.jpg,
https://nau64.com/emanuel-jesus-se-llevo-el-xxi-aniversario-open-de-nau64/#content,https://nau64.com/wp-content/uploads/2025/12/XVI-Torneo-de-Reyes-2025-Primera-Ronda-11-1024x1024.jpg,
https://nau64.com/emanuel-jesus-se-llevo-el-xxi-aniversario-open-de-nau64/#content,https://nau64.com/wp-content/uploads/2025/12/XVI-Torneo-de-Reyes-2025-Primera-Ronda-12-1024x1024.jpg,
https://nau64.com/emanuel-jesus-se-llevo-el-xxi-aniversario-open-de-nau64/#content,https://nau64.com/wp-content/uploads/2025/12/XVI-Torneo-de-Reyes-2025-Primera-Ronda-13-1024x1024.jpg,
https://nau64.com/emanuel-jesus-se-llevo-el-xxi-aniversario-open-de-nau64/#content,https://nau64.com/wp-content/uploads/2025/12/XVI-Torneo-de-Reyes-2025-Primera-Ronda-14-1024x1024.jpg,
https://nau64.com/emanuel-jesus-se-llevo-el-xxi-aniversario-open-de-nau64/#content,https://nau64.com/wp-content/uploads/2025/12/XVI-Torneo-de-Reyes-2025-Primera-Ronda-15-1024x1024.jpg,
https://nau64.com/emanuel-jesus-se-llevo-el-xxi-aniversario-open-de-nau64/#content,https://nau64.com/wp-content/uploads/2025/12/XVI-Torneo-de-Reyes-2025-Primera-Ronda-16-1024x1024.jpg,
https://nau64.com/emanuel-jesus-se-llevo-el-xxi-aniversario-open-de-nau64/#content,https://nau64.com/wp-content/uploads/2025/12/image-11.png,
https://nau64.com/emanuel-jesus-se-llevo-el-xxi-aniversario-open-de-nau64/#content,https://nau64.com/wp-content/uploads/2025/12/image-12.png,
https://nau64.com/emanuel-jesus-se-llevo-el-xxi-aniversario-open-de-nau64/#content,https://nau64.com/wp-content/uploads/2025/12/1766353573310-1024x771.jpg,
https://nau64.com/emanuel-jesus-se-llevo-el-xxi-aniversario-open-de-nau64/#content,https://nau64.com/wp-content/uploads/2025/12/1766353573281-1024x771.jpg,
https://nau64.com/emanuel-jesus-se-llevo-el-xxi-aniversario-open-de-nau64/#content,https://nau64.com/wp-content/uploads/2025/12/image-13.png,
https://nau64.com/emanuel-jesus-se-llevo-el-xxi-aniversario-open-de-nau64/#content,https://nau64.com/wp-content/uploads/2025/12/1766353572752-1024x771.jpg,
https://nau64.com/emanuel-jesus-se-llevo-el-xxi-aniversario-open-de-nau64/#content,https://nau64.com/wp-content/uploads/2025/12/1766353572723-1024x771.jpg,
https://nau64.com/emanuel-jesus-se-llevo-el-xxi-aniversario-open-de-nau64/#content,https://nau64.com/wp-content/uploads/2025/12/image-14.png,
https://nau64.com/emanuel-jesus-se-llevo-el-xxi-aniversario-open-de-nau64/#content,https://nau64.com/wp-content/uploads/2025/12/1766353572432-1024x771.jpg,
https://nau64.com/emanuel-jesus-se-llevo-el-xxi-aniversario-open-de-nau64/#content,https://nau64.com/wp-content/uploads/2025/12/1766353572399-1024x771.jpg,
https://nau64.com/emanuel-jesus-se-llevo-el-xxi-aniversario-open-de-nau64/#content,https://nau64.com/wp-content/uploads/2025/12/image-15-1024x524.png,
https://nau64.com/emanuel-jesus-se-llevo-el-xxi-aniversario-open-de-nau64/#content,https://nau64.com/wp-content/uploads/2025/12/1766353572210-1024x771.jpg,
https://nau64.com/emanuel-jesus-se-llevo-el-xxi-aniversario-open-de-nau64/#content,https://nau64.com/wp-content/uploads/2025/12/1766353572177-1024x771.jpg,
https://nau64.com/emanuel-jesus-se-llevo-el-xxi-aniversario-open-de-nau64/#content,https://nau64.com/wp-content/uploads/2025/12/image-16.png,
https://nau64.com/emanuel-jesus-se-llevo-el-xxi-aniversario-open-de-nau64/#content,https://nau64.com/wp-content/uploads/2025/12/1766353451619-1024x771.jpg,
https://nau64.com/emanuel-jesus-se-llevo-el-xxi-aniversario-open-de-nau64/#content,https://nau64.com/wp-content/uploads/2025/12/1766353451587-1024x771.jpg,
https://nau64.com/emanuel-jesus-se-llevo-el-xxi-aniversario-open-de-nau64/#content,https://nau64.com/wp-content/uploads/2025/12/image-17.png,
https://nau64.com/emanuel-jesus-se-llevo-el-xxi-aniversario-open-de-nau64/#content,https://nau64.com/wp-content/uploads/2025/12/1766353451086-1024x771.jpg,
https://nau64.com/emanuel-jesus-se-llevo-el-xxi-aniversario-open-de-nau64/#content,https://nau64.com/wp-content/uploads/2025/12/1766353451054-1024x771.jpg,
https://nau64.com/emanuel-jesus-se-llevo-el-xxi-aniversario-open-de-nau64/#content,https://nau64.com/wp-content/uploads/2025/12/image-18.png,
https://nau64.com/emanuel-jesus-se-llevo-el-xxi-aniversario-open-de-nau64/#content,https://nau64.com/wp-content/uploads/2025/12/1766353450910-1024x771.jpg,
https://nau64.com/emanuel-jesus-se-llevo-el-xxi-aniversario-open-de-nau64/#content,https://nau64.com/wp-content/uploads/2025/12/1766353450876-1024x771.jpg,
https://nau64.com/matteo-reyes-se-llevo-el-xxi-aniversario-sub-14-de-nau64/,https://nau64.com/wp-content/uploads/2025/12/XVI-Torneo-de-Reyes-2025-Primera-Ronda-2-e1766613353748.jpg,
https://nau64.com/matteo-reyes-se-llevo-el-xxi-aniversario-sub-14-de-nau64/,https://nau64.com/wp-content/uploads/2025/12/XVI-Torneo-de-Reyes-2025-Primera-Ronda-1024x1024.jpg,
https://nau64.com/matteo-reyes-se-llevo-el-xxi-aniversario-sub-14-de-nau64/,https://nau64.com/wp-content/uploads/2025/12/XVI-Torneo-de-Reyes-2025-Primera-Ronda-1-1024x1024.jpg,
https://nau64.com/matteo-reyes-se-llevo-el-xxi-aniversario-sub-14-de-nau64/,https://nau64.com/wp-content/uploads/2025/12/XVI-Torneo-de-Reyes-2025-Primera-Ronda-3-1024x1024.jpg,
https://nau64.com/matteo-reyes-se-llevo-el-xxi-aniversario-sub-14-de-nau64/,https://nau64.com/wp-content/uploads/2025/12/XVI-Torneo-de-Reyes-2025-Primera-Ronda-4-1024x1024.jpg,
https://nau64.com/matteo-reyes-se-llevo-el-xxi-aniversario-sub-14-de-nau64/,https://nau64.com/wp-content/uploads/2025/12/XVI-Torneo-de-Reyes-2025-Primera-Ronda-5-1024x1024.jpg,
https://nau64.com/matteo-reyes-se-llevo-el-xxi-aniversario-sub-14-de-nau64/,https://nau64.com/wp-content/uploads/2025/12/image-4.png,
https://nau64.com/matteo-reyes-se-llevo-el-xxi-aniversario-sub-14-de-nau64/,https://nau64.com/wp-content/uploads/2025/12/image-5.png,
https://nau64.com/matteo-reyes-se-llevo-el-xxi-aniversario-sub-14-de-nau64/,https://nau64.com/wp-content/uploads/2025/12/1766279289740-1024x771.jpg,
https://nau64.com/matteo-reyes-se-llevo-el-xxi-aniversario-sub-14-de-nau64/,https://nau64.com/wp-content/uploads/2025/12/1766279289718-1024x771.jpg,
https://nau64.com/matteo-reyes-se-llevo-el-xxi-aniversario-sub-14-de-nau64/,https://nau64.com/wp-content/uploads/2025/12/image-6.png,
https://nau64.com/matteo-reyes-se-llevo-el-xxi-aniversario-sub-14-de-nau64/,https://nau64.com/wp-content/uploads/2025/12/1766279289583-1-1024x771.jpg,
https://nau64.com/matteo-reyes-se-llevo-el-xxi-aniversario-sub-14-de-nau64/,https://nau64.com/wp-content/uploads/2025/12/1766279289562-1024x771.jpg,
https://nau64.com/matteo-reyes-se-llevo-el-xxi-aniversario-sub-14-de-nau64/,https://nau64.com/wp-content/uploads/2025/12/image-7.png,
https://nau64.com/matteo-reyes-se-llevo-el-xxi-aniversario-sub-14-de-nau64/,https://nau64.com/wp-content/uploads/2025/12/1766279289432-1024x771.jpg,
https://nau64.com/matteo-reyes-se-llevo-el-xxi-aniversario-sub-14-de-nau64/,https://nau64.com/wp-content/uploads/2025/12/1766279289403-1024x771.jpg,
https://nau64.com/matteo-reyes-se-llevo-el-xxi-aniversario-sub-14-de-nau64/,https://nau64.com/wp-content/uploads/2025/12/image-8.png,
https://nau64.com/matteo-reyes-se-llevo-el-xxi-aniversario-sub-14-de-nau64/,https://nau64.com/wp-content/uploads/2025/12/1766279289346-1024x771.jpg,
https://nau64.com/matteo-reyes-se-llevo-el-xxi-aniversario-sub-14-de-nau64/,https://nau64.com/wp-content/uploads/2025/12/1766279289317-1024x771.jpg,
https://nau64.com/matteo-reyes-se-llevo-el-xxi-aniversario-sub-14-de-nau64/,https://nau64.com/wp-content/uploads/2025/12/image-9.png,
https://nau64.com/matteo-reyes-se-llevo-el-xxi-aniversario-sub-14-de-nau64/,https://nau64.com/wp-content/uploads/2025/12/1766279289100-1024x771.jpg,
https://nau64.com/matteo-reyes-se-llevo-el-xxi-aniversario-sub-14-de-nau64/,https://nau64.com/wp-content/uploads/2025/12/1766279289077-1024x771.jpg,
https://nau64.com/el-campeon-sub-20-se-llevo-el-xxi-aniversario-blitz-de-nau64/,https://nau64.com/wp-content/uploads/2025/12/XVI-Torneo-de-Reyes-2025-Primera-Ronda-2-2-e1766614022647.jpg,
https://nau64.com/el-campeon-sub-20-se-llevo-el-xxi-aniversario-blitz-de-nau64/,https://nau64.com/wp-content/uploads/2025/12/3-3-1024x1024.jpg,
https://nau64.com/el-campeon-sub-20-se-llevo-el-xxi-aniversario-blitz-de-nau64/,https://nau64.com/wp-content/uploads/2025/12/4-5-1024x1024.jpg,
https://nau64.com/el-campeon-sub-20-se-llevo-el-xxi-aniversario-blitz-de-nau64/,https://nau64.com/wp-content/uploads/2025/12/5-4-1024x1024.jpg,
https://nau64.com/el-campeon-sub-20-se-llevo-el-xxi-aniversario-blitz-de-nau64/,https://nau64.com/wp-content/uploads/2025/12/6-2-1024x1024.jpg,
https://nau64.com/el-campeon-sub-20-se-llevo-el-xxi-aniversario-blitz-de-nau64/,https://nau64.com/wp-content/uploads/2025/12/7-2-1024x1024.jpg,
https://nau64.com/el-campeon-sub-20-se-llevo-el-xxi-aniversario-blitz-de-nau64/,https://nau64.com/wp-content/uploads/2025/12/image-10.png,
https://nau64.com/el-campeon-sub-20-se-llevo-el-xxi-aniversario-blitz-de-nau64/#content,https://nau64.com/wp-content/uploads/2025/12/XVI-Torneo-de-Reyes-2025-Primera-Ronda-2-2-e1766614022647.jpg,
https://nau64.com/el-campeon-sub-20-se-llevo-el-xxi-aniversario-blitz-de-nau64/#content,https://nau64.com/wp-content/uploads/2025/12/3-3-1024x1024.jpg,
https://nau64.com/el-campeon-sub-20-se-llevo-el-xxi-aniversario-blitz-de-nau64/#content,https://nau64.com/wp-content/uploads/2025/12/4-5-1024x1024.jpg,
https://nau64.com/el-campeon-sub-20-se-llevo-el-xxi-aniversario-blitz-de-nau64/#content,https://nau64.com/wp-content/uploads/2025/12/5-4-1024x1024.jpg,
https://nau64.com/el-campeon-sub-20-se-llevo-el-xxi-aniversario-blitz-de-nau64/#content,https://nau64.com/wp-content/uploads/2025/12/6-2-1024x1024.jpg,
https://nau64.com/el-campeon-sub-20-se-llevo-el-xxi-aniversario-blitz-de-nau64/#content,https://nau64.com/wp-content/uploads/2025/12/7-2-1024x1024.jpg,
https://nau64.com/el-campeon-sub-20-se-llevo-el-xxi-aniversario-blitz-de-nau64/#content,https://nau64.com/wp-content/uploads/2025/12/image-10.png,
https://nau64.com/benjamin-martello-se-consagro-campeon-del-sabatino-rapido-de-nau64/,https://nau64.com/wp-content/uploads/2025/12/Domingueros-Rapidas-1-8-e1766789389333.jpg,
https://nau64.com/benjamin-martello-se-consagro-campeon-del-sabatino-rapido-de-nau64/,https://nau64.com/wp-content/uploads/2025/12/image-19.png,
https://nau64.com/aniversario/,https://nau64.com/wp-content/uploads/2025/11/TorneoAniversario_nau64_2025.jpeg,
https://nau64.com/aniversario/,https://nau64.com/wp-content/uploads/2025/11/TorneoAniversario_nau64_2025-1-819x1024.jpeg,
https://nau64.com/aniversario/,https://nau64.com/wp-content/uploads/2025/11/Aniversario_Sub-14_nau64-2025-1024x1024.jpeg,
https://nau64.com/aniversario/#content,https://nau64.com/wp-content/uploads/2025/11/TorneoAniversario_nau64_2025.jpeg,
https://nau64.com/aniversario/#content,https://nau64.com/wp-content/uploads/2025/11/TorneoAniversario_nau64_2025-1-819x1024.jpeg,
https://nau64.com/aniversario/#content,https://nau64.com/wp-content/uploads/2025/11/Aniversario_Sub-14_nau64-2025-1024x1024.jpeg,
https://nau64.com/page/5/,https://nau64.com/wp-content/uploads/2025/12/Domingueros-Rapidas-1-6-765x500.jpg,"El Campeón Uruguayo sub20, conquista el Sabatino Rápido de Nau64!"
https://nau64.com/page/5/,https://nau64.com/wp-content/uploads/2025/12/1765484434917-765x500.jpg,Se jugó el Open 134
https://nau64.com/page/5/,https://nau64.com/wp-content/uploads/2025/12/Domingueros-Rapidas-1-1-765x500.jpg,"Directivos, maestros y jóvenes talentos dieron vida a un Día del Ajedrecista inolvidable."
https://nau64.com/page/5/,https://nau64.com/wp-content/uploads/2025/11/FB_IMG_1764419359486-720x500.jpg,Leyenda danesa
https://nau64.com/page/5/,https://nau64.com/wp-content/uploads/2025/11/MATCH-NAKLE-LOPEZ-765x500.png,Experiencia vs Juventud: Gonzalo Nakle se impone en el match oficial de Nau64
https://nau64.com/page/5/,https://nau64.com/wp-content/uploads/2025/11/Domingueros-Rapidas-1-765x500.jpg,"Con solo 13 años, conquista el Sabatino Rápido de Nau64!"
https://nau64.com/page/5/,https://nau64.com/wp-content/uploads/2025/11/2025-11-15-Jairo-Araque-765x500.jpeg,"Entre paridad y sorpresas, Jairo Araque brilló en el Sabatino de Nau64"
https://nau64.com/page/5/,https://nau64.com/wp-content/uploads/2025/11/COPA-AN-EDMUNDO-INFANTE-1-765x500.jpg,Copa AN Edmundo Infante – NAU64
https://nau64.com/page/5/,https://nau64.com/wp-content/uploads/2025/10/Live-Chess-World-League-674x500.png,Live Chess World League 2025
https://nau64.com/page/5/,https://nau64.com/wp-content/uploads/2025/06/LogoCopaAmerica2025.jpeg,Copa America Online 2025 – Se viene la Jornada 7
https://nau64.com/page/6/,https://nau64.com/wp-content/uploads/2025/06/XII-Torneo-Online-nau64.png,XII Torneo online pensado nau64.
https://nau64.com/page/6/,https://nau64.com/wp-content/uploads/2025/06/250px-Boris_Spasski_28195629_-_corrected.jpg,Boris Spassky
https://nau64.com/page/6/,https://nau64.com/wp-content/uploads/2025/06/Curso-python-NAU64-1-765x500.png,Aprendé a Programar desde Cero con Python
https://nau64.com/page/6/,https://nau64.com/wp-content/uploads/2025/05/Torneo-DOMINGOS-DE-GAMBITO-nau64-Ajedrez-1-765x500.png,8 de junio comienza el Primer Torneo «Domingos de Gambito»
https://nau64.com/page/6/,https://nau64.com/wp-content/uploads/2025/05/Screenshot_298.jpg,Fabulosa Liga ATRACO
https://nau64.com/page/6/,https://nau64.com/wp-content/uploads/2025/05/Portada-Clases-Online-1200-x-600-px-1.jpg,Clases online de Ajedrez
https://nau64.com/page/6/,https://nau64.com/wp-content/uploads/2025/04/Portada-Clases-para-Ninos-1200-x-600-px-2-765x500.png,Clases de Ajedrez para Niños
https://nau64.com/page/6/,https://nau64.com/wp-content/uploads/2025/02/FB_IMG_1740455701467-653x500.jpg,La Intuición
https://nau64.com/page/6/,https://nau64.com/wp-content/uploads/2025/02/Tarde_nau64_chess_ajedrez.png,V Torneo de las Tardes (valido elo FIDE)
https://nau64.com/page/6/,https://nau64.com/wp-content/uploads/2025/02/2025-02-15_Julio_Zaruski_nau64_Ajedrez-400x500.jpg,Sabatino FIDE 15 enero: Julio Zaruski Campeón
https://nau64.com/page/6/#content,https://nau64.com/wp-content/uploads/2025/06/XII-Torneo-Online-nau64.png,XII Torneo online pensado nau64.
https://nau64.com/page/6/#content,https://nau64.com/wp-content/uploads/2025/06/250px-Boris_Spasski_28195629_-_corrected.jpg,Boris Spassky
https://nau64.com/page/6/#content,https://nau64.com/wp-content/uploads/2025/06/Curso-python-NAU64-1-765x500.png,Aprendé a Programar desde Cero con Python
https://nau64.com/page/6/#content,https://nau64.com/wp-content/uploads/2025/05/Torneo-DOMINGOS-DE-GAMBITO-nau64-Ajedrez-1-765x500.png,8 de junio comienza el Primer Torneo «Domingos de Gambito»
https://nau64.com/page/6/#content,https://nau64.com/wp-content/uploads/2025/05/Screenshot_298.jpg,Fabulosa Liga ATRACO
https://nau64.com/page/6/#content,https://nau64.com/wp-content/uploads/2025/05/Portada-Clases-Online-1200-x-600-px-1.jpg,Clases online de Ajedrez
https://nau64.com/page/6/#content,https://nau64.com/wp-content/uploads/2025/04/Portada-Clases-para-Ninos-1200-x-600-px-2-765x500.png,Clases de Ajedrez para Niños
https://nau64.com/page/6/#content,https://nau64.com/wp-content/uploads/2025/02/FB_IMG_1740455701467-653x500.jpg,La Intuición
https://nau64.com/page/6/#content,https://nau64.com/wp-content/uploads/2025/02/Tarde_nau64_chess_ajedrez.png,V Torneo de las Tardes (valido elo FIDE)
https://nau64.com/page/6/#content,https://nau64.com/wp-content/uploads/2025/02/2025-02-15_Julio_Zaruski_nau64_Ajedrez-400x500.jpg,Sabatino FIDE 15 enero: Julio Zaruski Campeón
https://nau64.com/xii-torneo-online-pensado-nau64/,https://nau64.com/wp-content/uploads/2025/06/XII-Torneo-Online-nau64.png,
https://nau64.com/boris-spassky/,https://nau64.com/wp-content/uploads/2025/06/250px-Boris_Spasski_28195629_-_corrected.jpg,
https://nau64.com/boris-spassky/,https://nau64.com/wp-content/uploads/2025/06/image799503601889794439-773x1024.png,
https://nau64.com/boris-spassky/,https://nau64.com/wp-content/uploads/2025/06/hqdefault9111599650095508893.jpg,
https://nau64.com/boris-spassky/,https://nau64.com/wp-content/uploads/2025/06/1440x810_cmsv2_1a7817f2-e3e9-5703-9fa3-3aab8986b6b1-90845643181604591365289571-1024x576.jpg,
https://nau64.com/boris-spassky/,https://nau64.com/wp-content/uploads/2025/06/screenshot_2025-06-08-01-30-53-974_chessbase1488640504003547036.jpg,
https://nau64.com/curso-python/,https://nau64.com/wp-content/uploads/2025/06/Curso-python-NAU64-1-e1749765773533.png,
https://nau64.com/8-de-junio-comienza-el-primer-torneo-domingos-de-gambito/,https://nau64.com/wp-content/uploads/2025/05/Torneo-DOMINGOS-DE-GAMBITO-nau64-Ajedrez-1.png,
https://nau64.com/8-de-junio-comienza-el-primer-torneo-domingos-de-gambito/,https://nau64.com/wp-content/uploads/2025/05/1737248851536-1024x771.jpg,
https://nau64.com/fabulosa-liga-atraco/,https://nau64.com/wp-content/uploads/2025/05/Screenshot_298.jpg,
https://nau64.com/fabulosa-liga-atraco/,https://nau64.com/wp-content/uploads/2025/05/Screenshot_283-1.jpg,
https://nau64.com/fabulosa-liga-atraco/,https://nau64.com/wp-content/uploads/2025/05/Screenshot_293.jpg,
https://nau64.com/fabulosa-liga-atraco/,https://nau64.com/wp-content/uploads/2025/05/Screenshot_289.jpg,
https://nau64.com/fabulosa-liga-atraco/,https://nau64.com/wp-content/uploads/2025/05/Screenshot_294.jpg,
https://nau64.com/author/sympey/,https://nau64.com/wp-content/uploads/2025/05/Screenshot_298.jpg,Fabulosa Liga ATRACO
https://nau64.com/author/sympey/,https://nau64.com/wp-content/uploads/2023/03/Screenshot_934-765x500.png,Coronamos a un nuevo PIRATA GARFIO RELOJERO
https://nau64.com/author/sympey/,https://nau64.com/wp-content/uploads/2023/03/Screenshot_142-765x500.png,"TRUENOS en el TABLERO, semana del Lunes 20 al Viernes 25 de Marzo"
https://nau64.com/author/sympey/,https://nau64.com/wp-content/uploads/2023/03/Screenshot_121-765x500.png,"En justa LID, «CalebArpi» GRAN Campeón del Torneo"
https://nau64.com/author/sympey/,https://nau64.com/wp-content/uploads/2023/03/Screenshot_1020-765x500.png,"TRUENOS en el TABLERO, semana del lunes 13 al Viernes 17 de Marzo"
https://nau64.com/author/sympey/,https://nau64.com/wp-content/uploads/2023/03/Screenshot_934-765x500.png,Coronamos a NO el PIRATA GARFIO RELOJERO sino a la RELOJERA!!!
https://nau64.com/author/sympey/,https://nau64.com/wp-content/uploads/2023/03/Screenshot_901-765x500.png,TÁCTICAS en el CANAL de TWITCH de nau64
https://nau64.com/author/sympey/,https://nau64.com/wp-content/uploads/2023/03/Screenshot_898-765x500.png,"«TRUENOS en el TABLERO», acá TODA la información de la QUINTA SEMANA actualizada Ronda a Ronda"
https://nau64.com/author/sympey/,https://nau64.com/wp-content/uploads/2023/03/Screenshot_859-765x500.png,Este Jueves Festejaremos JUNTOS el hecho de ser 4444 seguidores en el CANAL de TWITCH
https://nau64.com/author/sympey/,https://nau64.com/wp-content/uploads/2023/03/Screenshot_757-765x500.png,"Te invitamos a conocer a fondo al compañero «gualanday»,…"
https://nau64.com/la-intuicion/,https://nau64.com/wp-content/uploads/2025/02/FB_IMG_1740455701467.jpg,
https://nau64.com/tarde_nau64_v/,https://nau64.com/wp-content/uploads/2025/02/Tarde_nau64_chess_ajedrez.png,
https://nau64.com/2025-02-15_sabatino/,https://nau64.com/wp-content/uploads/2025/02/2025-02-15_Julio_Zaruski_nau64_Ajedrez.jpg,
https://nau64.com/2025-02-15_sabatino/,https://nau64.com/wp-content/uploads/2025/02/image-1.png,
https://nau64.com/2025-02-15_sabatino/,https://nau64.com/wp-content/uploads/2025/02/image.png,
https://nau64.com/page/7/,https://nau64.com/wp-content/uploads/2025/02/SemifinalesFemenina_nau64_2025_2-450x500.jpg,Semifinales Uruguayo Femenino
https://nau64.com/page/7/,https://nau64.com/wp-content/uploads/2025/01/image-13-765x500.png,Reta tu Mente: Ejercicios de Ajedrez .
https://nau64.com/page/7/,https://nau64.com/wp-content/uploads/2025/01/image-2-615x500.png,Nuevo Año: Hábitos que Transforman tu Juego
https://nau64.com/page/7/,https://nau64.com/wp-content/uploads/2024/12/FElizaC3B1onuevo_20241231_194115_0000-765x500.png,Feliz 2025!
https://nau64.com/page/7/,https://nau64.com/wp-content/uploads/2024/12/AJEDREZ-SOCIAL-765x500.png,¡Nuevo espacio! Ajedrez Social
https://nau64.com/page/7/,https://nau64.com/wp-content/uploads/2024/12/Torneo-de-Reyes-2025-1-765x500.png,XVI Torneo Reyes 2025 en nau64
https://nau64.com/page/7/,https://nau64.com/wp-content/uploads/2024/12/Colorful-Checkered-Chess-Club-Poster-765x500.png,Actividades
https://nau64.com/page/7/,https://nau64.com/wp-content/uploads/2024/11/Mundial-de-Ajedrez-nau64-765x500.jpg,Mundial de Ajedrez 2024 (Marcador: Ding 3-3 Gukesh)
https://nau64.com/page/7/,https://nau64.com/wp-content/uploads/2024/11/Torneo-Aniversario-765x500.jpg,Torneo XX Aniversario de nau64 -14 y 15 de diciembren (cupos cubiertos)
https://nau64.com/page/7/,https://nau64.com/wp-content/uploads/2024/11/Copia-de-XXXI-TORNEO-CERRADO-5-765x500.png,¡PARTICIPA Y GANA CON EL MATCH NAKLE-COMAS!
https://nau64.com/semisfemenino2025/,https://nau64.com/wp-content/uploads/2025/02/SemifinalesFemenina_nau64_2025_2.jpg,
https://nau64.com/semisfemenino2025/#content,https://nau64.com/wp-content/uploads/2025/02/SemifinalesFemenina_nau64_2025_2.jpg,
https://nau64.com/reta-tu-mente-ejercicios-de-ajedrez/,https://nau64.com/wp-content/uploads/2025/01/image-13-e1737036919579.png,
https://nau64.com/reta-tu-mente-ejercicios-de-ajedrez/,https://nau64.com/wp-content/uploads/2025/01/image-4.png,
https://nau64.com/reta-tu-mente-ejercicios-de-ajedrez/,https://nau64.com/wp-content/uploads/2025/01/image-7.png,
https://nau64.com/reta-tu-mente-ejercicios-de-ajedrez/,https://nau64.com/wp-content/uploads/2025/01/image-6.png,
https://nau64.com/reta-tu-mente-ejercicios-de-ajedrez/,https://nau64.com/wp-content/uploads/2025/01/image-8.png,
https://nau64.com/reta-tu-mente-ejercicios-de-ajedrez/,https://nau64.com/wp-content/uploads/2025/01/image-10.png,
https://nau64.com/reta-tu-mente-ejercicios-de-ajedrez/,https://nau64.com/wp-content/uploads/2025/01/image-9.png,
https://nau64.com/reta-tu-mente-ejercicios-de-ajedrez/,https://nau64.com/wp-content/uploads/2025/01/image-11.png,
https://nau64.com/reta-tu-mente-ejercicios-de-ajedrez/,https://nau64.com/wp-content/uploads/2025/01/image-12.png,
https://nau64.com/reta-tu-mente-ejercicios-de-ajedrez/,https://nau64.com/wp-content/uploads/2025/01/image-14.png,
https://nau64.com/reta-tu-mente-ejercicios-de-ajedrez/,https://secure.gravatar.com/avatar/ecd86517579ac01693c294305ea425f86a08cc9a4149989eeb9bfa09678c6d6c?s=32&d=wavatar&r=g,
https://nau64.com/category/entrenamiento/,https://nau64.com/wp-content/uploads/2025/01/image-13-765x500.png,Reta tu Mente: Ejercicios de Ajedrez .
https://nau64.com/category/entrenamiento/#content,https://nau64.com/wp-content/uploads/2025/01/image-13-765x500.png,Reta tu Mente: Ejercicios de Ajedrez .
https://nau64.com/category/tactica/,https://nau64.com/wp-content/uploads/2025/01/image-13-765x500.png,Reta tu Mente: Ejercicios de Ajedrez .
https://nau64.com/category/tactica/,https://nau64.com/wp-content/uploads/2024/05/image-10-497x500.png,Combinación búlgara!
https://nau64.com/category/tactica/,https://nau64.com/wp-content/uploads/2024/02/WhatsApp-Image-2024-02-16-at-21.45.24-512x500.jpeg,Semifinal 2024 – Femenina – Ronda 3
https://nau64.com/category/tactica/,https://nau64.com/wp-content/uploads/2024/02/WhatsApp-Image-2024-02-16-at-21.45.24-512x500.jpeg,Semifinal 2024 – Femenina – Ronda 2
https://nau64.com/category/tactica/,https://nau64.com/wp-content/uploads/2023/07/IMG_20230723_231251-765x500.jpg,El Mañanero 2756
https://nau64.com/category/tactica/,https://nau64.com/wp-content/uploads/2023/07/2023-07-31-El-Mananero-2755-Ajedrez-Chess-nau64-Riverol-765x500.jpg,El Mañanero 2755
https://nau64.com/category/tactica/,https://nau64.com/wp-content/uploads/2023/07/Diagrma_2023-07-30_Tactica_Ajedrez_2754_nau64_Riverol_Chess-600x500.jpeg,El Mañanero 2754
https://nau64.com/category/tactica/,https://nau64.com/wp-content/uploads/2023/07/Diagrma_2023-07-29_Tactica_Ajedrez_2753_nau64_Riverol_Chess-600x500.jpeg,El Mañanero 2753
https://nau64.com/category/tactica/,https://nau64.com/wp-content/uploads/2023/07/Diagrma_2023-07-28_Tactica_Ajedrez_2752_nau64_Riverol_Chess-600x500.jpeg,El Mañanero 2752
https://nau64.com/category/tactica/,https://nau64.com/wp-content/uploads/2023/07/Diagrma_2023-07-27_Tactica_Ajedrez_2751_nau64_Riverol_Chess-600x500.jpeg,El Mañanero 2751
https://nau64.com/author/el_enigmatico/,https://nau64.com/wp-content/uploads/2025/01/image-13-765x500.png,Reta tu Mente: Ejercicios de Ajedrez .
https://nau64.com/author/el_enigmatico/,https://nau64.com/wp-content/uploads/2025/01/image-2-615x500.png,Nuevo Año: Hábitos que Transforman tu Juego
https://nau64.com/author/el_enigmatico/,https://nau64.com/wp-content/uploads/2024/02/WhatsApp-Image-2024-02-18-at-16.24.50-765x500.jpeg,Semifinal 2024 – Femenina – Ronda 5 – Final con todas las partidas.
https://nau64.com/author/el_enigmatico/,https://nau64.com/wp-content/uploads/2024/02/WhatsApp-Image-2024-02-16-at-21.45.24-512x500.jpeg,Semifinal 2024 – Femenina – Ronda 4
https://nau64.com/author/el_enigmatico/,https://nau64.com/wp-content/uploads/2024/02/WhatsApp-Image-2024-02-16-at-21.45.24-512x500.jpeg,Semifinal 2024 – Femenina – Ronda 3
https://nau64.com/author/el_enigmatico/,https://nau64.com/wp-content/uploads/2024/02/WhatsApp-Image-2024-02-16-at-21.45.24-512x500.jpeg,Semifinal 2024 – Femenina – Ronda 2
https://nau64.com/author/el_enigmatico/,https://nau64.com/wp-content/uploads/2024/02/WhatsApp-Image-2024-02-16-at-21.45.24-512x500.jpeg,Semifinal 2024 – Femenina – Ronda 1
https://nau64.com/tag/chesspunks/,https://nau64.com/wp-content/uploads/2025/01/image-13-765x500.png,Reta tu Mente: Ejercicios de Ajedrez .
https://nau64.com/tag/entrenamiento/,https://nau64.com/wp-content/uploads/2025/01/image-13-765x500.png,Reta tu Mente: Ejercicios de Ajedrez .
https://nau64.com/tag/tactica/,https://nau64.com/wp-content/uploads/2025/01/image-13-765x500.png,Reta tu Mente: Ejercicios de Ajedrez .
https://nau64.com/tag/tactica/,https://nau64.com/wp-content/uploads/2025/01/image-2-615x500.png,Nuevo Año: Hábitos que Transforman tu Juego
https://nau64.com/tag/tactica/,https://nau64.com/wp-content/uploads/2024/02/WhatsApp-Image-2024-02-18-at-16.24.50-765x500.jpeg,Semifinal 2024 – Femenina – Ronda 5 – Final con todas las partidas.
https://nau64.com/tag/tactica/,https://nau64.com/wp-content/uploads/2024/02/WhatsApp-Image-2024-02-16-at-21.45.24-512x500.jpeg,Semifinal 2024 – Femenina – Ronda 3
https://nau64.com/tag/tactica/,https://nau64.com/wp-content/uploads/2024/02/WhatsApp-Image-2024-02-16-at-21.45.24-512x500.jpeg,Semifinal 2024 – Femenina – Ronda 2
https://nau64.com/tag/tactica/,https://nau64.com/wp-content/uploads/2022/11/IMG_20221115_072346-765x500.jpg,Test para talentos.
https://nau64.com/tag/tactica/,https://nau64.com/wp-content/uploads/2022/09/IMG_20220915_133838-765x500.jpg,Juega como Alekhine
https://nau64.com/tag/tactica/,https://nau64.com/wp-content/uploads/2022/08/IMG_20220830_223840-765x500.jpg,Mate en 7
https://nau64.com/tag/tactica/,https://nau64.com/wp-content/uploads/2022/08/IMG_20220830_205053-765x500.jpg,Peones coordinados.
https://nau64.com/tag/tactica/,https://nau64.com/wp-content/uploads/2022/08/IMG_20220830_221407-765x500.jpg,Mate en 4
https://nau64.com/reta-tu-mente-ejercicios-de-ajedrez/#comments,https://nau64.com/wp-content/uploads/2025/01/image-13-e1737036919579.png,
https://nau64.com/reta-tu-mente-ejercicios-de-ajedrez/#comments,https://nau64.com/wp-content/uploads/2025/01/image-4.png,
https://nau64.com/reta-tu-mente-ejercicios-de-ajedrez/#comments,https://nau64.com/wp-content/uploads/2025/01/image-7.png,
https://nau64.com/reta-tu-mente-ejercicios-de-ajedrez/#comments,https://nau64.com/wp-content/uploads/2025/01/image-6.png,
https://nau64.com/reta-tu-mente-ejercicios-de-ajedrez/#comments,https://nau64.com/wp-content/uploads/2025/01/image-8.png,
https://nau64.com/reta-tu-mente-ejercicios-de-ajedrez/#comments,https://nau64.com/wp-content/uploads/2025/01/image-10.png,
https://nau64.com/reta-tu-mente-ejercicios-de-ajedrez/#comments,https://nau64.com/wp-content/uploads/2025/01/image-9.png,
https://nau64.com/reta-tu-mente-ejercicios-de-ajedrez/#comments,https://nau64.com/wp-content/uploads/2025/01/image-11.png,
https://nau64.com/reta-tu-mente-ejercicios-de-ajedrez/#comments,https://nau64.com/wp-content/uploads/2025/01/image-12.png,
https://nau64.com/reta-tu-mente-ejercicios-de-ajedrez/#comments,https://nau64.com/wp-content/uploads/2025/01/image-14.png,
https://nau64.com/reta-tu-mente-ejercicios-de-ajedrez/#comments,https://secure.gravatar.com/avatar/ecd86517579ac01693c294305ea425f86a08cc9a4149989eeb9bfa09678c6d6c?s=32&d=wavatar&r=g,
https://nau64.com/nuevo-ano-habitos-que-transforman-tu-juego/,https://nau64.com/wp-content/uploads/2025/01/image-2-e1735775390332.png,
https://nau64.com/nuevo-ano-habitos-que-transforman-tu-juego/,https://nau64.com/wp-content/uploads/2025/01/image.png,
https://nau64.com/nuevo-ano-habitos-que-transforman-tu-juego/,https://nau64.com/wp-content/uploads/2025/01/image-3.png,
https://nau64.com/nuevo-ano-habitos-que-transforman-tu-juego/#content,https://nau64.com/wp-content/uploads/2025/01/image-2-e1735775390332.png,
https://nau64.com/nuevo-ano-habitos-que-transforman-tu-juego/#content,https://nau64.com/wp-content/uploads/2025/01/image.png,
https://nau64.com/nuevo-ano-habitos-que-transforman-tu-juego/#content,https://nau64.com/wp-content/uploads/2025/01/image-3.png,
https://nau64.com/feliz-2025/,https://nau64.com/wp-content/uploads/2024/12/FElizaC3B1onuevo_20241231_194115_0000.png,
https://nau64.com/ajedrez-social/,https://nau64.com/wp-content/uploads/2024/12/AJEDREZ-SOCIAL-e1734223801702.png,
https://nau64.com/ajedrez-social/#content,https://nau64.com/wp-content/uploads/2024/12/AJEDREZ-SOCIAL-e1734223801702.png,
https://nau64.com/xv-festival-de-reyes-en-nau64/,https://nau64.com/wp-content/uploads/2024/12/Torneo-de-Reyes-2025-1.png,
https://nau64.com/mundial-de-ajedrez-2024/,https://nau64.com/wp-content/uploads/2024/11/Mundial-de-Ajedrez-nau64-e1732544956727.jpg,
https://nau64.com/mundial-de-ajedrez-2024/,https://nau64.com/wp-content/uploads/2024/11/image-1.png,
https://nau64.com/mundial-de-ajedrez-2024/,https://nau64.com/wp-content/uploads/2024/11/e29b7b32-7b01-4f18-a466-71f2ab595c75-1024x718.jpg,
https://nau64.com/mundial-de-ajedrez-2024/,https://nau64.com/wp-content/uploads/2024/11/96f07a4e-07a7-43d9-8036-408078c44483.jpg,
https://nau64.com/mundial-de-ajedrez-2024/,https://nau64.com/wp-content/uploads/2024/11/image-2-1024x470.png,
https://nau64.com/mundial-de-ajedrez-2024/,https://nau64.com/wp-content/uploads/2024/12/image.png,
https://nau64.com/mundial-de-ajedrez-2024/,https://nau64.com/wp-content/uploads/2024/11/Gukesh_P3.png,
https://nau64.com/mundial-de-ajedrez-2024/,https://nau64.com/wp-content/uploads/2024/11/Foto_Ronda_2-1024x682.png,
https://nau64.com/mundial-de-ajedrez-2024/,https://nau64.com/wp-content/uploads/2024/11/image-4.png,
https://nau64.com/mundial-de-ajedrez-2024/#content,https://nau64.com/wp-content/uploads/2024/11/Mundial-de-Ajedrez-nau64-e1732544956727.jpg,
https://nau64.com/mundial-de-ajedrez-2024/#content,https://nau64.com/wp-content/uploads/2024/11/image-1.png,
https://nau64.com/mundial-de-ajedrez-2024/#content,https://nau64.com/wp-content/uploads/2024/11/e29b7b32-7b01-4f18-a466-71f2ab595c75-1024x718.jpg,
https://nau64.com/mundial-de-ajedrez-2024/#content,https://nau64.com/wp-content/uploads/2024/11/96f07a4e-07a7-43d9-8036-408078c44483.jpg,
https://nau64.com/mundial-de-ajedrez-2024/#content,https://nau64.com/wp-content/uploads/2024/11/image-2-1024x470.png,
https://nau64.com/mundial-de-ajedrez-2024/#content,https://nau64.com/wp-content/uploads/2024/12/image.png,
https://nau64.com/mundial-de-ajedrez-2024/#content,https://nau64.com/wp-content/uploads/2024/11/Gukesh_P3.png,
https://nau64.com/mundial-de-ajedrez-2024/#content,https://nau64.com/wp-content/uploads/2024/11/Foto_Ronda_2-1024x682.png,
https://nau64.com/mundial-de-ajedrez-2024/#content,https://nau64.com/wp-content/uploads/2024/11/image-4.png,
https://nau64.com/category/mundial-de-ajedrez/,https://nau64.com/wp-content/uploads/2024/11/Mundial-de-Ajedrez-nau64-765x500.jpg,Mundial de Ajedrez 2024 (Marcador: Ding 3-3 Gukesh)
https://nau64.com/category/mundial-de-ajedrez/,https://nau64.com/wp-content/uploads/2023/08/2023_Magnus_vs_Vincent-765x500.png,Magnus a punto de ser eliminado del Mundial.
https://nau64.com/category/mundial-de-ajedrez/,https://nau64.com/wp-content/uploads/2023/04/campeonmundialDing-765x500.png,Ding Liren se corona Campeón del Mundo de Ajedrez.
https://nau64.com/category/mundial-de-ajedrez/,https://nau64.com/wp-content/uploads/2023/04/Final_Mundial_Ajedrez_nau64-e1682794866885.jpg,Mundial de Ajedrez emocionante final!
https://nau64.com/category/mundial-de-ajedrez/,https://nau64.com/wp-content/uploads/2023/04/resultados_13_partidas-765x500.png,"Mundial de Ajedrez, el sábado se define!"
https://nau64.com/category/mundial-de-ajedrez/,https://nau64.com/wp-content/uploads/2023/04/6a-6imagen.png,Ding gana la pulseada de nervios y empata el match por el Mundial de Ajedrez a falta de dos partidas.
https://nau64.com/category/mundial-de-ajedrez/,https://nau64.com/wp-content/uploads/2023/04/Foto_ronda_11_Nepo_Ding_nau64-765x500.png,Campeonato del Mundo: partida 11 – tablas
https://nau64.com/category/mundial-de-ajedrez/,https://nau64.com/wp-content/uploads/2023/04/fotoPartida10-e1682257789743.jpeg,El equipo de Nepo mantiene a raya a Ding Liren por el mundial de Ajedrez.
https://nau64.com/tag/mundial/,https://nau64.com/wp-content/uploads/2024/11/Mundial-de-Ajedrez-nau64-765x500.jpg,Mundial de Ajedrez 2024 (Marcador: Ding 3-3 Gukesh)
https://nau64.com/torneo-xx-aniversario-de-nau64-14-y-15-de-diciembre/,https://nau64.com/wp-content/uploads/2024/11/Torneo-Aniversario-e1733163913275.jpg,
https://nau64.com/participa-y-gana-con-el-match-nakle-comas/,https://nau64.com/wp-content/uploads/2024/11/Copia-de-XXXI-TORNEO-CERRADO-5.png,
https://nau64.com/participa-y-gana-con-el-match-nakle-comas/#content,https://nau64.com/wp-content/uploads/2024/11/Copia-de-XXXI-TORNEO-CERRADO-5.png,
https://nau64.com/la-reina-del-ajedrez/,https://nau64.com/wp-content/uploads/2024/10/Judith_Polgar.png,
https://nau64.com/la-reina-del-ajedrez/,https://nau64.com/wp-content/uploads/2024/10/image.png,
https://nau64.com/page/8/#content,https://nau64.com/wp-content/uploads/2024/10/Judith_Polgar-644x500.png,La Reina del Ajedrez
https://nau64.com/page/8/#content,https://nau64.com/wp-content/uploads/2024/10/FB_IMG_1728252954200-720x500.jpg,El mejor de todos.
https://nau64.com/page/8/#content,https://nau64.com/wp-content/uploads/2024/09/1-5-765x500.jpg,Uruguay Cierra con Éxito su Participación en la Olimpiada de Ajedrez
https://nau64.com/page/8/#content,https://nau64.com/wp-content/uploads/2024/09/Gukesh-Foto-Jose-Riverol-nau64-2.jpg,"India triunfa en la 45ª Olimpiada de Ajedrez, ganando tanto la sección abierta como la femenina."
https://nau64.com/page/8/#content,https://nau64.com/wp-content/uploads/2024/09/5-3-765x500.jpg,Todo o Nada: La Ronda Final con Esperanza Celeste en Budapest
https://nau64.com/page/8/#content,https://nau64.com/wp-content/uploads/2024/09/Ronda10_Saquehonor_nau64_Ajedrez-765x500.jpg,45ª Olimpiada de Ajedrez: India Arrasa en el Torneo Abierto; Expectativa en la Competición Femenina
https://nau64.com/page/8/#content,https://nau64.com/wp-content/uploads/2024/09/PortadaR9_nau64-765x500.jpg,45ª Olimpiada de Ajedrez: Estados Unidos se prepara para enfrentarse a India; Kazajstán se hace con el liderato en el evento femenino
https://nau64.com/page/8/#content,https://nau64.com/wp-content/uploads/2024/09/7-1-765x500.jpg,Ronda 9 Uruguay: Un Rival Digno en la Olimpiada de Ajedrez.
https://nau64.com/page/8/#content,https://nau64.com/wp-content/uploads/2024/09/ronda8_foto_nau64-765x500.png,"45ª Olimpiada de Ajedrez R08: India domina la sección abierta, enfrenta un revés en la femenina."
https://nau64.com/page/8/#content,https://nau64.com/wp-content/uploads/2024/09/2-765x500.jpg,Uruguay Demuestra su Talento en la 8va Ronda de la Olimpiada de Ajedrez 2024
https://nau64.com/el-mejor-de-todos/,https://nau64.com/wp-content/uploads/2024/10/FB_IMG_1728252954200.jpg,
https://nau64.com/el-mejor-de-todos/,https://secure.gravatar.com/avatar/?s=32&d=wavatar&r=g,
https://nau64.com/el-mejor-de-todos/,https://secure.gravatar.com/avatar/0316367bc1fd00f5ffa09307893e00a6d7bc4bdecc0d52bf05196faf9eea7116?s=32&d=wavatar&r=g,
https://nau64.com/el-mejor-de-todos/,https://secure.gravatar.com/avatar/0316367bc1fd00f5ffa09307893e00a6d7bc4bdecc0d52bf05196faf9eea7116?s=32&d=wavatar&r=g,
https://nau64.com/category/ajedrez-y-leyendas/,https://nau64.com/wp-content/uploads/2024/10/FB_IMG_1728252954200-720x500.jpg,El mejor de todos.
https://nau64.com/category/ajedrez-y-leyendas/,https://nau64.com/wp-content/uploads/2021/11/Screenshot_936-765x500.png,"Desgastante partida de alta tensión, con rápido desenlace en final tablas."
https://nau64.com/category/ajedrez-y-leyendas/,https://nau64.com/wp-content/uploads/2020/04/ajedrez-y-leyendas-nau64.jpg,Ajedrez y Leyendas
https://nau64.com/el-mejor-de-todos/#comments,https://nau64.com/wp-content/uploads/2024/10/FB_IMG_1728252954200.jpg,
https://nau64.com/el-mejor-de-todos/#comments,https://secure.gravatar.com/avatar/?s=32&d=wavatar&r=g,
https://nau64.com/el-mejor-de-todos/#comments,https://secure.gravatar.com/avatar/0316367bc1fd00f5ffa09307893e00a6d7bc4bdecc0d52bf05196faf9eea7116?s=32&d=wavatar&r=g,
https://nau64.com/el-mejor-de-todos/#comments,https://secure.gravatar.com/avatar/0316367bc1fd00f5ffa09307893e00a6d7bc4bdecc0d52bf05196faf9eea7116?s=32&d=wavatar&r=g,
https://nau64.com/uruguay-cierra-con-exito-su-participacion-en-la-olimpiada-de-ajedrez/,https://nau64.com/wp-content/uploads/2024/09/1-5-e1727056799592.jpg,
https://nau64.com/uruguay-cierra-con-exito-su-participacion-en-la-olimpiada-de-ajedrez/,https://nau64.com/wp-content/uploads/2024/09/8-1-1024x1024.jpg,
https://nau64.com/uruguay-cierra-con-exito-su-participacion-en-la-olimpiada-de-ajedrez/,https://nau64.com/wp-content/uploads/2024/09/image-78.png,
https://nau64.com/uruguay-cierra-con-exito-su-participacion-en-la-olimpiada-de-ajedrez/,https://nau64.com/wp-content/uploads/2024/09/4-2-1024x1024.jpg,
https://nau64.com/uruguay-cierra-con-exito-su-participacion-en-la-olimpiada-de-ajedrez/,https://nau64.com/wp-content/uploads/2024/09/5-4-1024x1024.jpg,
https://nau64.com/uruguay-cierra-con-exito-su-participacion-en-la-olimpiada-de-ajedrez/,https://nau64.com/wp-content/uploads/2024/09/image-79.png,
https://nau64.com/uruguay-cierra-con-exito-su-participacion-en-la-olimpiada-de-ajedrez/,https://nau64.com/wp-content/uploads/2024/09/6-4-1024x1024.jpg,
https://nau64.com/uruguay-cierra-con-exito-su-participacion-en-la-olimpiada-de-ajedrez/,https://nau64.com/wp-content/uploads/2024/09/image-80.png,
https://nau64.com/uruguay-cierra-con-exito-su-participacion-en-la-olimpiada-de-ajedrez/,https://nau64.com/wp-content/uploads/2024/09/image-81.png,
https://nau64.com/uruguay-cierra-con-exito-su-participacion-en-la-olimpiada-de-ajedrez/,https://nau64.com/wp-content/uploads/2024/09/image-82.png,
https://nau64.com/uruguay-cierra-con-exito-su-participacion-en-la-olimpiada-de-ajedrez/,https://nau64.com/wp-content/uploads/2024/09/7-3-1024x1024.jpg,
https://nau64.com/uruguay-cierra-con-exito-su-participacion-en-la-olimpiada-de-ajedrez/,https://nau64.com/wp-content/uploads/2024/09/10-2-1024x1024.jpg,
https://nau64.com/uruguay-cierra-con-exito-su-participacion-en-la-olimpiada-de-ajedrez/,https://nau64.com/wp-content/uploads/2024/09/image-83-1024x177.png,
https://nau64.com/uruguay-cierra-con-exito-su-participacion-en-la-olimpiada-de-ajedrez/,https://nau64.com/wp-content/uploads/2024/09/R11-Olimpiada-2024-Uruguay-1024x1024.jpg,
https://nau64.com/uruguay-cierra-con-exito-su-participacion-en-la-olimpiada-de-ajedrez/,https://nau64.com/wp-content/uploads/2024/09/image-84.png,
https://nau64.com/uruguay-cierra-con-exito-su-participacion-en-la-olimpiada-de-ajedrez/,https://nau64.com/wp-content/uploads/2024/09/12-1-1024x1024.jpg,
https://nau64.com/uruguay-cierra-con-exito-su-participacion-en-la-olimpiada-de-ajedrez/,https://nau64.com/wp-content/uploads/2024/09/13-1024x1024.jpg,
https://nau64.com/uruguay-cierra-con-exito-su-participacion-en-la-olimpiada-de-ajedrez/,https://nau64.com/wp-content/uploads/2024/09/14-1-1024x1024.jpg,
https://nau64.com/category/olimpiada/,https://nau64.com/wp-content/uploads/2024/09/1-5-765x500.jpg,Uruguay Cierra con Éxito su Participación en la Olimpiada de Ajedrez
https://nau64.com/category/olimpiada/,https://nau64.com/wp-content/uploads/2024/09/Gukesh-Foto-Jose-Riverol-nau64-2.jpg,"India triunfa en la 45ª Olimpiada de Ajedrez, ganando tanto la sección abierta como la femenina."
https://nau64.com/category/olimpiada/,https://nau64.com/wp-content/uploads/2024/09/5-3-765x500.jpg,Todo o Nada: La Ronda Final con Esperanza Celeste en Budapest
https://nau64.com/category/olimpiada/,https://nau64.com/wp-content/uploads/2024/09/Ronda10_Saquehonor_nau64_Ajedrez-765x500.jpg,45ª Olimpiada de Ajedrez: India Arrasa en el Torneo Abierto; Expectativa en la Competición Femenina
https://nau64.com/category/olimpiada/,https://nau64.com/wp-content/uploads/2024/09/PortadaR9_nau64-765x500.jpg,45ª Olimpiada de Ajedrez: Estados Unidos se prepara para enfrentarse a India; Kazajstán se hace con el liderato en el evento femenino
https://nau64.com/category/olimpiada/,https://nau64.com/wp-content/uploads/2024/09/7-1-765x500.jpg,Ronda 9 Uruguay: Un Rival Digno en la Olimpiada de Ajedrez.
https://nau64.com/category/olimpiada/,https://nau64.com/wp-content/uploads/2024/09/ronda8_foto_nau64-765x500.png,"45ª Olimpiada de Ajedrez R08: India domina la sección abierta, enfrenta un revés en la femenina."
https://nau64.com/category/olimpiada/,https://nau64.com/wp-content/uploads/2024/09/2-765x500.jpg,Uruguay Demuestra su Talento en la 8va Ronda de la Olimpiada de Ajedrez 2024
https://nau64.com/category/olimpiada/,https://nau64.com/wp-content/uploads/2024/09/Magnus.jpg,45ª Olimpiada de Ajedrez R07: India sigue brillando y gana todas las partidas
https://nau64.com/category/olimpiada/,https://nau64.com/wp-content/uploads/2024/09/DSC_4343.jpg,El sube y baja de la celeste en la 7ma ronda de la Olimpiada de Ajedrez.
https://nau64.com/india-triunfa-en-la-45a-olimpiada-de-ajedrez-ganando-tanto-la-seccion-abierta-como-la-femenina/,https://nau64.com/wp-content/uploads/2024/09/Gukesh-Foto-Jose-Riverol-nau64-2.jpg,
https://nau64.com/india-triunfa-en-la-45a-olimpiada-de-ajedrez-ganando-tanto-la-seccion-abierta-como-la-femenina/,https://ci3.googleusercontent.com/meips/ADKq_NYmtNFrS7SqdWb2AMdW_zlSIKK5rl8qgUD1Eo1MjyElU675C9MV4O7tVq3Pl-RhqtX__Dh0NRr5hhtKrmhfsxz5x1ZqIilhvXfg5pvXMh5BPWXUEPAIOqo_wO5JUHLjF4wq1in8XsrAkbZfHkPnzj9JZHPjQ7twmIg=s0-d-e1-ft#https://mcusercontent.com/6d944e993248d15fc2b046696/images/2bd5b96b-3be7-27cd-15db-067069d56a8a.jpg,
https://nau64.com/india-triunfa-en-la-45a-olimpiada-de-ajedrez-ganando-tanto-la-seccion-abierta-como-la-femenina/,https://ci3.googleusercontent.com/meips/ADKq_NZA3lZbzApUFYepn3FF1TD1tMox6CshNsSUInYUgU6QY4NAWjvVEmr5y4BYnCu5pBlSLZxKsyiNw1yqaoCNx2xgIAtfgiW2SUt_B-oXSMxKJol0kJnx38KqYkLxaPAMKnOl7JpE42-2lwNPGjnpV_Fh_WqEMtBSnqU=s0-d-e1-ft#https://mcusercontent.com/6d944e993248d15fc2b046696/images/9c00bd7c-780e-8aa9-3f26-e51323c94b23.jpg,
https://nau64.com/india-triunfa-en-la-45a-olimpiada-de-ajedrez-ganando-tanto-la-seccion-abierta-como-la-femenina/,https://ci3.googleusercontent.com/meips/ADKq_NZkNatndNP7eZTeAgOCr__ynwkAYMdrQpm-YPMfC9YeJBP5XvROGxkq0KjDCBx53BppY-tQvNrG7TZyzKw7Gah5w6t0dsMkHrO7ndcRZLKaza2EAm-LtGKBxPyb8XjAQRWoUtqPQI2ix6bC9cM4WcNt5fIt1Tzk73k=s0-d-e1-ft#https://mcusercontent.com/6d944e993248d15fc2b046696/images/1db61140-ff20-1bf5-f1da-4617d0a19cf9.jpg,
https://nau64.com/india-triunfa-en-la-45a-olimpiada-de-ajedrez-ganando-tanto-la-seccion-abierta-como-la-femenina/,https://ci3.googleusercontent.com/meips/ADKq_NbdpicFevMdxozJj8kECI2V4-jX02-wI9k0WWPYx0psNnCXUd68R8HAPYhqHsRhaBy0YgMlsawc_6kDIgwU4D7R9LSHM0urLWx-4XaOQi-0x9AbtbhUnueleRfL-M14rkRUwN_Xx_hUKCEHgmtVIbnMPV4o3ANl9a0=s0-d-e1-ft#https://mcusercontent.com/6d944e993248d15fc2b046696/images/d78a0398-1a44-f8be-c91c-a014c3cb9dbd.jpg,
https://nau64.com/india-triunfa-en-la-45a-olimpiada-de-ajedrez-ganando-tanto-la-seccion-abierta-como-la-femenina/,https://nau64.com/wp-content/uploads/2024/09/image-74.png,
https://nau64.com/india-triunfa-en-la-45a-olimpiada-de-ajedrez-ganando-tanto-la-seccion-abierta-como-la-femenina/,https://nau64.com/wp-content/uploads/2024/09/image-75-1024x925.png,
https://nau64.com/india-triunfa-en-la-45a-olimpiada-de-ajedrez-ganando-tanto-la-seccion-abierta-como-la-femenina/,https://nau64.com/wp-content/uploads/2024/09/image-76.png,
https://nau64.com/india-triunfa-en-la-45a-olimpiada-de-ajedrez-ganando-tanto-la-seccion-abierta-como-la-femenina/,https://nau64.com/wp-content/uploads/2024/09/image-77.png,
https://nau64.com/todo-o-nada/,https://nau64.com/wp-content/uploads/2024/09/5-3-e1726961512783.jpg,
https://nau64.com/todo-o-nada/,https://nau64.com/wp-content/uploads/2024/09/10-1-1024x1024.jpg,
https://nau64.com/todo-o-nada/,https://nau64.com/wp-content/uploads/2024/09/image-66.png,
https://nau64.com/todo-o-nada/,https://nau64.com/wp-content/uploads/2024/09/9-1-1024x1024.jpg,
https://nau64.com/todo-o-nada/,https://nau64.com/wp-content/uploads/2024/09/image-62.png,
https://nau64.com/todo-o-nada/,https://nau64.com/wp-content/uploads/2024/09/8-1024x1024.jpg,
https://nau64.com/todo-o-nada/,https://nau64.com/wp-content/uploads/2024/09/image-63.png,
https://nau64.com/todo-o-nada/,https://nau64.com/wp-content/uploads/2024/09/14-1024x1024.jpg,
https://nau64.com/todo-o-nada/,https://nau64.com/wp-content/uploads/2024/09/image-64.png,
https://nau64.com/todo-o-nada/,https://nau64.com/wp-content/uploads/2024/09/6-3-1024x1024.jpg,
https://nau64.com/todo-o-nada/,https://nau64.com/wp-content/uploads/2024/09/image-65.png,
https://nau64.com/todo-o-nada/,https://nau64.com/wp-content/uploads/2024/09/7-2-1024x1024.jpg,
https://nau64.com/todo-o-nada/,https://nau64.com/wp-content/uploads/2024/09/image-67.png,
https://nau64.com/todo-o-nada/,https://nau64.com/wp-content/uploads/2024/09/15-1-1024x1024.jpg,
https://nau64.com/todo-o-nada/,https://nau64.com/wp-content/uploads/2024/09/3-3-1024x1024.jpg,
https://nau64.com/todo-o-nada/,https://nau64.com/wp-content/uploads/2024/09/image-68-1024x179.png,
https://nau64.com/todo-o-nada/,https://nau64.com/wp-content/uploads/2024/09/12-1024x1024.jpg,
https://nau64.com/todo-o-nada/,https://nau64.com/wp-content/uploads/2024/09/11-2-1024x1024.jpg,
https://nau64.com/todo-o-nada/,https://nau64.com/wp-content/uploads/2024/09/1-4-1024x1024.jpg,
https://nau64.com/todo-o-nada/,https://nau64.com/wp-content/uploads/2024/09/image-69-1024x182.png,
https://nau64.com/45a-olimpiada-de-ajedrez-india-arrasa-en-el-torneo-abierto-expectativa-en-la-competicion-femenina/,https://nau64.com/wp-content/uploads/2024/09/Ronda10_Saquehonor_nau64_Ajedrez-e1726960539480.jpg,
https://nau64.com/45a-olimpiada-de-ajedrez-india-arrasa-en-el-torneo-abierto-expectativa-en-la-competicion-femenina/,https://ci3.googleusercontent.com/meips/ADKq_NZWhaZUZR6Gir46EiRMCvpAl3B4PWK02jb3gPrySyeWKiCmmNMZp-MBMy07K2pPatO_fWsfdY_A2pu4Xh4JA53bEcYBaK0hMf3ftJhEXKr9CBQJ6Jz218ttNt5spsdjCEpcMg8PvT5Kf0uWiU0BI6RWx5XKbxSQn2o=s0-d-e1-ft#https://mcusercontent.com/6d944e993248d15fc2b046696/images/41b0b5d9-f49e-3bd5-2f95-052670127672.jpg,
https://nau64.com/45a-olimpiada-de-ajedrez-india-arrasa-en-el-torneo-abierto-expectativa-en-la-competicion-femenina/,https://ci3.googleusercontent.com/meips/ADKq_Nah6c91rUlKVXZ-bNHVhzn7sdqMu6ym3yV9ohO2wMEJyhM3MR6dOmwhfZVViL0sP5YSOZIeab63nn5kx2RkX-3mRvhnoWLWZKdtfrv7N7S58tWdttBn5RSHo1KJbnhOfoDy6eiuK0orltylCdvNvtKoqxqp1VwMWo4=s0-d-e1-ft#https://mcusercontent.com/6d944e993248d15fc2b046696/images/f0f4a409-1c0e-1375-7091-c7488dc37778.jpg,
https://nau64.com/45a-olimpiada-de-ajedrez-india-arrasa-en-el-torneo-abierto-expectativa-en-la-competicion-femenina/,https://ci3.googleusercontent.com/meips/ADKq_NZ_YwK-mY6HD5nu2XgenmlX7ROQuT20KfrnIMqW4vg-VbFI0mtGS6RCuPZa_YfNxTvOele4uTgelamZaAe-4O29TJcinUB88XT5igMNuDcMHcu3WEvW27T9rdrRG4i-o1HyYADRbawjEabUVxyI2c-nJ9uRvMhwQ08=s0-d-e1-ft#https://mcusercontent.com/6d944e993248d15fc2b046696/images/5aa320ef-6822-37dd-560b-127f9c4d3c73.jpg,
https://nau64.com/45a-olimpiada-de-ajedrez-india-arrasa-en-el-torneo-abierto-expectativa-en-la-competicion-femenina/,https://ci3.googleusercontent.com/meips/ADKq_NbO-vAYR4_5s5rgj-Ce4RPkYC1MO-xiKguKClzXbEk3BxPx7NpWgiI7PYQZQx3_mRd8zZl3Y7nm3ag1cxEPweqqzUWqAacRJk_J7atAnWdnewIHR0p_CAKlYq_d8bfIJV2lsobj9h6NKCc3l4uHjZ8CBgCsVOyKjDY=s0-d-e1-ft#https://mcusercontent.com/6d944e993248d15fc2b046696/images/4cb6f002-4b07-3aff-3807-b3c5e6f1694e.jpg,
https://nau64.com/45a-olimpiada-de-ajedrez-india-arrasa-en-el-torneo-abierto-expectativa-en-la-competicion-femenina/,https://ci3.googleusercontent.com/meips/ADKq_NaD671CLm3WaDJwAw0aCDH8dPO-uGEv8CoS7o1ZbID_pBk8bFWvg36fl7XdoYIUNQGoIlu0_4SfHWWldyEwH82RhjUJ2Uqr0he_Vl6nD3T8uKgxXHK5iukVW1GJyK5M5PARK4bCaSna2Q1MGjldOGMvjYZ3WRCNO3A=s0-d-e1-ft#https://mcusercontent.com/6d944e993248d15fc2b046696/images/706c91a6-4fce-c503-e393-d606bcb80c31.jpg,
https://nau64.com/45a-olimpiada-de-ajedrez-india-arrasa-en-el-torneo-abierto-expectativa-en-la-competicion-femenina/,https://ci3.googleusercontent.com/meips/ADKq_NZbVBQ2eM4Ac55zmrwmsbg8DBIlGzZxqaQiPgbsh96fKkCJ3EU1ndk_0namMUPJAhcfi_EHDo7rSANWyJJygcZO8mRxGPXWmpI3grvvNHeuT0ouBsE5lxcJX9cmfF-efuRIixd6BcL5rC36aVbJ7s4hiSorQTcSpWM=s0-d-e1-ft#https://mcusercontent.com/6d944e993248d15fc2b046696/images/42ceabdc-b680-9758-c89c-5e006f940b6f.jpg,
https://nau64.com/45a-olimpiada-de-ajedrez-india-arrasa-en-el-torneo-abierto-expectativa-en-la-competicion-femenina/,https://ci3.googleusercontent.com/meips/ADKq_NZ7kUmJOfg5BgwSGKB3oILMdGd6eDrC9JTh4Q8Ih5BMLTcR6Vcjdo1tpAGDSU1ECPNK90BDLTqIeWvnUgra7_CXqptkYdE2aXqPqdM5u5ViFh71dAyY6OU7TDsaCMgHDhY19I9pzuBL_pGPkefwY_zIrYi4GKOj0ak=s0-d-e1-ft#https://mcusercontent.com/6d944e993248d15fc2b046696/images/a68aad36-c5fd-3d7a-614b-9126f4b5412d.jpg,
https://nau64.com/45a-olimpiada-de-ajedrez-india-arrasa-en-el-torneo-abierto-expectativa-en-la-competicion-femenina/,https://nau64.com/wp-content/uploads/2024/09/image-70.png,
https://nau64.com/45a-olimpiada-de-ajedrez-india-arrasa-en-el-torneo-abierto-expectativa-en-la-competicion-femenina/,https://nau64.com/wp-content/uploads/2024/09/image-71-1024x924.png,
https://nau64.com/45a-olimpiada-de-ajedrez-india-arrasa-en-el-torneo-abierto-expectativa-en-la-competicion-femenina/,https://nau64.com/wp-content/uploads/2024/09/image-72.png,
https://nau64.com/45a-olimpiada-de-ajedrez-india-arrasa-en-el-torneo-abierto-expectativa-en-la-competicion-femenina/,https://nau64.com/wp-content/uploads/2024/09/image-73.png,
https://nau64.com/45a-olimpiada-de-ajedrez-estados-unidos-se-prepara-para-enfrentarse-a-india-kazajstan-se-hace-con-el-liderato-en-el-evento-femenino/,https://nau64.com/wp-content/uploads/2024/09/PortadaR9_nau64-e1726873485791.jpg,
https://nau64.com/45a-olimpiada-de-ajedrez-estados-unidos-se-prepara-para-enfrentarse-a-india-kazajstan-se-hace-con-el-liderato-en-el-evento-femenino/,https://ci3.googleusercontent.com/meips/ADKq_NaLMBRlXh5UVnuLei2gcYhZaqYlN_j6BuUsMSO8I2Q4RGjOTibDiadCfigDEu3-r_WcknxQFNsXKj-SO6nmECceoxi40NrM2rv0Daqc5CnYWbkpxRTLNzz6D9xCHNKOwUV7Ah_5-z44AoV_q7Z5acLxgmB3QmyiYSE=s0-d-e1-ft#https://mcusercontent.com/6d944e993248d15fc2b046696/images/fc179bf4-e653-582f-7b74-72c8082d1e40.jpg,
https://nau64.com/45a-olimpiada-de-ajedrez-estados-unidos-se-prepara-para-enfrentarse-a-india-kazajstan-se-hace-con-el-liderato-en-el-evento-femenino/,https://ci3.googleusercontent.com/meips/ADKq_NYc-AQ3motjM13gLXjXsq6-SJLDsGcIK22D_yguZ18sYs_Qx5zk7JM8Aj-i3d-MyPoGMDURjxr5J2Ae3yYpoIp8H-LNfeZwpV3tLk-QJsu9f9VM1WQP8fxDBTzx16iY0bPJBrN0OdNj3oCuGUMuZoCsRwoY9RHw0cQ=s0-d-e1-ft#https://mcusercontent.com/6d944e993248d15fc2b046696/images/ec9e2a31-1622-f692-b123-abcf3bfb518f.jpg,
https://nau64.com/45a-olimpiada-de-ajedrez-estados-unidos-se-prepara-para-enfrentarse-a-india-kazajstan-se-hace-con-el-liderato-en-el-evento-femenino/,https://ci3.googleusercontent.com/meips/ADKq_NbOlgYc-kgnn25zGsUdgLw3KKTLOM0RcBsAUwO8sdXniRICSlZMzD0mhLgMi1if6VnpIAdDc4DN2PDoHlGnrufZJhJuMVnP-8dggs-VKzpKWeXxwU_sz1JtrNQziWCnlw3f83TTyaVMXrnbCt0XDb68YD6UiSUheDY=s0-d-e1-ft#https://mcusercontent.com/6d944e993248d15fc2b046696/images/e8bf0d3d-8ac1-3a0d-9725-a4bbb7d56413.jpg,
https://nau64.com/45a-olimpiada-de-ajedrez-estados-unidos-se-prepara-para-enfrentarse-a-india-kazajstan-se-hace-con-el-liderato-en-el-evento-femenino/,https://ci3.googleusercontent.com/meips/ADKq_NZ30kTNH0Ww7sqR9wWilqx4eGB09Ba8w2TRCU1iUQymEvOFrjunbA4iVwvo_8k3ZiWcNo8fpOQqMnpVqW6La1n0BiMCzJ4keLP6h4i1b_tGovA2TCcOhXY7DwzA5yodZ7c2oBLG2E1xNpgmD6hsuavnQOO5TEDZ4RM=s0-d-e1-ft#https://mcusercontent.com/6d944e993248d15fc2b046696/images/21bf6a59-a21d-71ec-4e63-0f67f02e02cb.jpg,
https://nau64.com/45a-olimpiada-de-ajedrez-estados-unidos-se-prepara-para-enfrentarse-a-india-kazajstan-se-hace-con-el-liderato-en-el-evento-femenino/,https://ci3.googleusercontent.com/meips/ADKq_NaojmgZ6o_qzB5PWIOPwHK7m3Q5EyjS6UsINgXrkPdBtzULo8B6QX1XGL0taPdijOZG8lJMObqFmEewrP4xWEGFvPcslcihtGZHpggaxXe5ARJQXml3xEKiipXvwCkQr0npxlMKKXd2nf541D-qlDbnrORt4B8VP78=s0-d-e1-ft#https://mcusercontent.com/6d944e993248d15fc2b046696/images/ed80e5f3-001d-12af-a2b0-c8f159510182.jpg,
https://nau64.com/45a-olimpiada-de-ajedrez-estados-unidos-se-prepara-para-enfrentarse-a-india-kazajstan-se-hace-con-el-liderato-en-el-evento-femenino/,https://nau64.com/wp-content/uploads/2024/09/Absoluto_R10.png,
https://nau64.com/45a-olimpiada-de-ajedrez-estados-unidos-se-prepara-para-enfrentarse-a-india-kazajstan-se-hace-con-el-liderato-en-el-evento-femenino/,https://nau64.com/wp-content/uploads/2024/09/Femenino_R9-1024x746.png,
https://nau64.com/uruguay-destaca-en-la-9a-ronda-de-la-olimpiada-de-ajedrez/,https://nau64.com/wp-content/uploads/2024/09/7-1-e1726862956936.jpg,
https://nau64.com/uruguay-destaca-en-la-9a-ronda-de-la-olimpiada-de-ajedrez/,https://nau64.com/wp-content/uploads/2024/09/9-1024x1024.jpg,
https://nau64.com/uruguay-destaca-en-la-9a-ronda-de-la-olimpiada-de-ajedrez/,https://nau64.com/wp-content/uploads/2024/09/image-55.png,
https://nau64.com/uruguay-destaca-en-la-9a-ronda-de-la-olimpiada-de-ajedrez/,https://nau64.com/wp-content/uploads/2024/09/11-1-1024x1024.jpg,
https://nau64.com/uruguay-destaca-en-la-9a-ronda-de-la-olimpiada-de-ajedrez/,https://nau64.com/wp-content/uploads/2024/09/image-51.png,
https://nau64.com/uruguay-destaca-en-la-9a-ronda-de-la-olimpiada-de-ajedrez/,https://nau64.com/wp-content/uploads/2024/09/5-1-1024x1024.jpg,
https://nau64.com/uruguay-destaca-en-la-9a-ronda-de-la-olimpiada-de-ajedrez/,https://nau64.com/wp-content/uploads/2024/09/image-52.png,
https://nau64.com/uruguay-destaca-en-la-9a-ronda-de-la-olimpiada-de-ajedrez/,https://nau64.com/wp-content/uploads/2024/09/6-2-1024x1024.jpg,
https://nau64.com/uruguay-destaca-en-la-9a-ronda-de-la-olimpiada-de-ajedrez/,https://nau64.com/wp-content/uploads/2024/09/image-53.png,
https://nau64.com/uruguay-destaca-en-la-9a-ronda-de-la-olimpiada-de-ajedrez/,https://nau64.com/wp-content/uploads/2024/09/10-1024x1024.jpg,
https://nau64.com/uruguay-destaca-en-la-9a-ronda-de-la-olimpiada-de-ajedrez/,https://nau64.com/wp-content/uploads/2024/09/image-54.png,
https://nau64.com/uruguay-destaca-en-la-9a-ronda-de-la-olimpiada-de-ajedrez/,https://nau64.com/wp-content/uploads/2024/09/image-57-1024x177.png,
https://nau64.com/uruguay-destaca-en-la-9a-ronda-de-la-olimpiada-de-ajedrez/,https://nau64.com/wp-content/uploads/2024/09/2-1-1024x1024.jpg,
https://nau64.com/uruguay-destaca-en-la-9a-ronda-de-la-olimpiada-de-ajedrez/,https://nau64.com/wp-content/uploads/2024/09/image-56.png,
https://nau64.com/uruguay-destaca-en-la-9a-ronda-de-la-olimpiada-de-ajedrez/,https://nau64.com/wp-content/uploads/2024/09/image-58.png,
https://nau64.com/uruguay-destaca-en-la-9a-ronda-de-la-olimpiada-de-ajedrez/,https://nau64.com/wp-content/uploads/2024/09/3-2-1024x1024.jpg,
https://nau64.com/uruguay-destaca-en-la-9a-ronda-de-la-olimpiada-de-ajedrez/,https://nau64.com/wp-content/uploads/2024/09/image-59.png,
https://nau64.com/uruguay-destaca-en-la-9a-ronda-de-la-olimpiada-de-ajedrez/,https://nau64.com/wp-content/uploads/2024/09/1-3-1024x1024.jpg,
https://nau64.com/uruguay-destaca-en-la-9a-ronda-de-la-olimpiada-de-ajedrez/,https://nau64.com/wp-content/uploads/2024/09/image-60.png,
https://nau64.com/uruguay-destaca-en-la-9a-ronda-de-la-olimpiada-de-ajedrez/,https://nau64.com/wp-content/uploads/2024/09/4-1-1024x1024.jpg,
https://nau64.com/uruguay-destaca-en-la-9a-ronda-de-la-olimpiada-de-ajedrez/,https://nau64.com/wp-content/uploads/2024/09/image-61.png,
https://nau64.com/45a-olimpiada-de-ajedrez-r08-india-domina-la-seccion-abierta-enfrenta-un-reves-en-la-femenina/,https://nau64.com/wp-content/uploads/2024/09/ronda8_foto_nau64-e1726788332809.png,
https://nau64.com/45a-olimpiada-de-ajedrez-r08-india-domina-la-seccion-abierta-enfrenta-un-reves-en-la-femenina/,https://app.fide.com/upload/27844/4efdd2f969559e8b1c92e99f32ded48e.jpg,
https://nau64.com/45a-olimpiada-de-ajedrez-r08-india-domina-la-seccion-abierta-enfrenta-un-reves-en-la-femenina/,https://app.fide.com/upload/27845/2de40e0d504f583cda7465979f958a98.jpg,
https://nau64.com/45a-olimpiada-de-ajedrez-r08-india-domina-la-seccion-abierta-enfrenta-un-reves-en-la-femenina/,https://app.fide.com/upload/27846/3fb5ed13afe8714a7e5d13ee506003dd.jpg,
https://nau64.com/45a-olimpiada-de-ajedrez-r08-india-domina-la-seccion-abierta-enfrenta-un-reves-en-la-femenina/,https://app.fide.com/upload/27847/135007e7085979a7d5b41ce54c0e54d7.jpg,
https://nau64.com/45a-olimpiada-de-ajedrez-r08-india-domina-la-seccion-abierta-enfrenta-un-reves-en-la-femenina/,https://app.fide.com/upload/27842/d7c0620ff5e0295a7157da989f39303e.jpg,
https://nau64.com/45a-olimpiada-de-ajedrez-r08-india-domina-la-seccion-abierta-enfrenta-un-reves-en-la-femenina/,https://nau64.com/wp-content/uploads/2024/09/image-46.png,
https://nau64.com/45a-olimpiada-de-ajedrez-r08-india-domina-la-seccion-abierta-enfrenta-un-reves-en-la-femenina/,https://nau64.com/wp-content/uploads/2024/09/image-47.png,
https://nau64.com/45a-olimpiada-de-ajedrez-r08-india-domina-la-seccion-abierta-enfrenta-un-reves-en-la-femenina/,https://nau64.com/wp-content/uploads/2024/09/image-48-716x1024.png,
https://nau64.com/45a-olimpiada-de-ajedrez-r08-india-domina-la-seccion-abierta-enfrenta-un-reves-en-la-femenina/,https://nau64.com/wp-content/uploads/2024/09/image-49-711x1024.png,
https://nau64.com/10161-2/,https://nau64.com/wp-content/uploads/2024/09/2-e1726785903624.jpg,
https://nau64.com/10161-2/,https://nau64.com/wp-content/uploads/2024/09/image-42.png,
https://nau64.com/10161-2/,https://nau64.com/wp-content/uploads/2024/09/4-1024x1024.jpg,
https://nau64.com/10161-2/,https://nau64.com/wp-content/uploads/2024/09/image-43.png,
https://nau64.com/10161-2/,https://nau64.com/wp-content/uploads/2024/09/6-1-1024x1024.jpg,
https://nau64.com/10161-2/,https://nau64.com/wp-content/uploads/2024/09/image-44.png,
https://nau64.com/10161-2/,https://nau64.com/wp-content/uploads/2024/09/7-1024x1024.jpg,
https://nau64.com/10161-2/,https://nau64.com/wp-content/uploads/2024/09/5-1024x1024.jpg,
https://nau64.com/10161-2/,https://nau64.com/wp-content/uploads/2024/09/3-1-1024x1024.jpg,
https://nau64.com/10161-2/,https://nau64.com/wp-content/uploads/2024/09/image-45.png,
https://nau64.com/10161-2/,https://nau64.com/wp-content/uploads/2024/09/1-2-1024x1024.jpg,
https://nau64.com/page/8/,https://nau64.com/wp-content/uploads/2024/10/Judith_Polgar-644x500.png,La Reina del Ajedrez
https://nau64.com/page/8/,https://nau64.com/wp-content/uploads/2024/10/FB_IMG_1728252954200-720x500.jpg,El mejor de todos.
https://nau64.com/page/8/,https://nau64.com/wp-content/uploads/2024/09/1-5-765x500.jpg,Uruguay Cierra con Éxito su Participación en la Olimpiada de Ajedrez
https://nau64.com/page/8/,https://nau64.com/wp-content/uploads/2024/09/Gukesh-Foto-Jose-Riverol-nau64-2.jpg,"India triunfa en la 45ª Olimpiada de Ajedrez, ganando tanto la sección abierta como la femenina."
https://nau64.com/page/8/,https://nau64.com/wp-content/uploads/2024/09/5-3-765x500.jpg,Todo o Nada: La Ronda Final con Esperanza Celeste en Budapest
https://nau64.com/page/8/,https://nau64.com/wp-content/uploads/2024/09/Ronda10_Saquehonor_nau64_Ajedrez-765x500.jpg,45ª Olimpiada de Ajedrez: India Arrasa en el Torneo Abierto; Expectativa en la Competición Femenina
https://nau64.com/page/8/,https://nau64.com/wp-content/uploads/2024/09/PortadaR9_nau64-765x500.jpg,45ª Olimpiada de Ajedrez: Estados Unidos se prepara para enfrentarse a India; Kazajstán se hace con el liderato en el evento femenino
https://nau64.com/page/8/,https://nau64.com/wp-content/uploads/2024/09/7-1-765x500.jpg,Ronda 9 Uruguay: Un Rival Digno en la Olimpiada de Ajedrez.
https://nau64.com/page/8/,https://nau64.com/wp-content/uploads/2024/09/ronda8_foto_nau64-765x500.png,"45ª Olimpiada de Ajedrez R08: India domina la sección abierta, enfrenta un revés en la femenina."
https://nau64.com/page/8/,https://nau64.com/wp-content/uploads/2024/09/2-765x500.jpg,Uruguay Demuestra su Talento en la 8va Ronda de la Olimpiada de Ajedrez 2024
https://nau64.com/page/9/,https://nau64.com/wp-content/uploads/2024/09/Magnus.jpg,45ª Olimpiada de Ajedrez R07: India sigue brillando y gana todas las partidas
https://nau64.com/page/9/,https://nau64.com/wp-content/uploads/2024/09/DSC_4343.jpg,El sube y baja de la celeste en la 7ma ronda de la Olimpiada de Ajedrez.
https://nau64.com/page/9/,https://nau64.com/wp-content/uploads/2024/09/Ronda6_Olimpiada_Ajedrez_nau64_2024-1-765x500.jpg,45a Olimpiada de Ajedrez R06: India emerge como líder único en ambas secciones
https://nau64.com/page/9/,https://nau64.com/wp-content/uploads/2024/09/1-1-765x500.jpg,Suerte impar en la 6a Ronda de la Olimpiada de Ajedrez.
https://nau64.com/page/9/,https://nau64.com/wp-content/uploads/2024/09/2024-09-15_Guskesh-Portada-765x500.jpg,"45ª Olimpiada de Ajedrez R5: Vietnam, Armenia y Mongolia dan la sorpresa!"
https://nau64.com/page/9/,https://nau64.com/wp-content/uploads/2024/09/20-765x500.jpg,Se fue la 5ta ronda con doble triunfo celeste!
https://nau64.com/page/9/,https://nau64.com/wp-content/uploads/2024/09/2024-09-14_Vidit_nau64_Olimpiada-765x500.jpeg,"45ª Olimpiada de Ajedrez Ronda 4: Ucrania derrota a Estados Unidos, Vietnam vence a Uzbekistán"
https://nau64.com/page/9/,https://nau64.com/wp-content/uploads/2024/09/2024-09-13-Olimpiada-de-Ajedre-Magnus-Carlsen-765x500.jpeg,Sorpresas en la ronda 3 de la Olimpiada de Ajedrez
https://nau64.com/page/9/,https://nau64.com/wp-content/uploads/2024/09/Ronda2Portada-765x500.png,Ronda 2 de la 45 Olimpiada de Ajedrez
https://nau64.com/page/9/,https://nau64.com/wp-content/uploads/2024/09/Ronda1Portada.png,Ronda 1 de la Olimpiada de Ajedrez
https://nau64.com/page/9/#content,https://nau64.com/wp-content/uploads/2024/09/Magnus.jpg,45ª Olimpiada de Ajedrez R07: India sigue brillando y gana todas las partidas
https://nau64.com/page/9/#content,https://nau64.com/wp-content/uploads/2024/09/DSC_4343.jpg,El sube y baja de la celeste en la 7ma ronda de la Olimpiada de Ajedrez.
https://nau64.com/page/9/#content,https://nau64.com/wp-content/uploads/2024/09/Ronda6_Olimpiada_Ajedrez_nau64_2024-1-765x500.jpg,45a Olimpiada de Ajedrez R06: India emerge como líder único en ambas secciones
https://nau64.com/page/9/#content,https://nau64.com/wp-content/uploads/2024/09/1-1-765x500.jpg,Suerte impar en la 6a Ronda de la Olimpiada de Ajedrez.
https://nau64.com/page/9/#content,https://nau64.com/wp-content/uploads/2024/09/2024-09-15_Guskesh-Portada-765x500.jpg,"45ª Olimpiada de Ajedrez R5: Vietnam, Armenia y Mongolia dan la sorpresa!"
https://nau64.com/page/9/#content,https://nau64.com/wp-content/uploads/2024/09/20-765x500.jpg,Se fue la 5ta ronda con doble triunfo celeste!
https://nau64.com/page/9/#content,https://nau64.com/wp-content/uploads/2024/09/2024-09-14_Vidit_nau64_Olimpiada-765x500.jpeg,"45ª Olimpiada de Ajedrez Ronda 4: Ucrania derrota a Estados Unidos, Vietnam vence a Uzbekistán"
https://nau64.com/page/9/#content,https://nau64.com/wp-content/uploads/2024/09/2024-09-13-Olimpiada-de-Ajedre-Magnus-Carlsen-765x500.jpeg,Sorpresas en la ronda 3 de la Olimpiada de Ajedrez
https://nau64.com/page/9/#content,https://nau64.com/wp-content/uploads/2024/09/Ronda2Portada-765x500.png,Ronda 2 de la 45 Olimpiada de Ajedrez
https://nau64.com/page/9/#content,https://nau64.com/wp-content/uploads/2024/09/Ronda1Portada.png,Ronda 1 de la Olimpiada de Ajedrez
https://nau64.com/45a-olimpiada-de-ajedrez-r07-india-sigue-brillando-y-gana-todos-los-partidos/,https://nau64.com/wp-content/uploads/2024/09/Magnus.jpg,
https://nau64.com/45a-olimpiada-de-ajedrez-r07-india-sigue-brillando-y-gana-todos-los-partidos/,https://app.fide.com/upload/27825/3fb5ed13afe8714a7e5d13ee506003dd.jpg,
https://nau64.com/45a-olimpiada-de-ajedrez-r07-india-sigue-brillando-y-gana-todos-los-partidos/,https://app.fide.com/upload/27827/2de40e0d504f583cda7465979f958a98.jpg,
https://nau64.com/45a-olimpiada-de-ajedrez-r07-india-sigue-brillando-y-gana-todos-los-partidos/,https://app.fide.com/upload/27826/f99687dd719c4e8bc6a39e946c3d9ef7.jpg,
https://nau64.com/45a-olimpiada-de-ajedrez-r07-india-sigue-brillando-y-gana-todos-los-partidos/,https://app.fide.com/upload/27822/4efdd2f969559e8b1c92e99f32ded48e.jpg,
https://nau64.com/45a-olimpiada-de-ajedrez-r07-india-sigue-brillando-y-gana-todos-los-partidos/,https://app.fide.com/upload/27823/135007e7085979a7d5b41ce54c0e54d7.jpg,
https://nau64.com/45a-olimpiada-de-ajedrez-r07-india-sigue-brillando-y-gana-todos-los-partidos/,https://app.fide.com/upload/27824/fac4ef5554f69012fe38d2f1d4e245a6.jpg,
https://nau64.com/45a-olimpiada-de-ajedrez-r07-india-sigue-brillando-y-gana-todos-los-partidos/,https://app.fide.com/upload/27820/a8d003aa17bcca898a91a8a79c633cbd.jpg,
https://nau64.com/el-sube-baja-de-la-celeste/,https://nau64.com/wp-content/uploads/2024/09/DSC_4343.jpg,
https://nau64.com/el-sube-baja-de-la-celeste/,https://nau64.com/wp-content/uploads/2024/09/DSC_4286-1.jpg,
https://nau64.com/el-sube-baja-de-la-celeste/,https://nau64.com/wp-content/uploads/2024/09/image-33.png,
https://nau64.com/el-sube-baja-de-la-celeste/,https://nau64.com/wp-content/uploads/2024/09/DSC_4335-1.jpg,
https://nau64.com/el-sube-baja-de-la-celeste/,https://nau64.com/wp-content/uploads/2024/09/DSC_4332-2.jpg,
https://nau64.com/el-sube-baja-de-la-celeste/,https://nau64.com/wp-content/uploads/2024/09/DSC_4333-1.jpg,
https://nau64.com/el-sube-baja-de-la-celeste/,https://nau64.com/wp-content/uploads/2024/09/image-36.png,
https://nau64.com/el-sube-baja-de-la-celeste/,https://nau64.com/wp-content/uploads/2024/09/DSC_4334-1.jpg,
https://nau64.com/el-sube-baja-de-la-celeste/,https://nau64.com/wp-content/uploads/2024/09/image-34.png,
https://nau64.com/el-sube-baja-de-la-celeste/,https://nau64.com/wp-content/uploads/2024/09/image-35.png,
https://nau64.com/el-sube-baja-de-la-celeste/,https://nau64.com/wp-content/uploads/2024/09/image-37.png,La imagen tiene un atributo ALT vacío; su nombre de archivo es image-37.png
https://nau64.com/el-sube-baja-de-la-celeste/,https://nau64.com/wp-content/uploads/2024/09/DSC_4341-1.jpg,
https://nau64.com/el-sube-baja-de-la-celeste/,https://nau64.com/wp-content/uploads/2024/09/image-38.png,
https://nau64.com/el-sube-baja-de-la-celeste/,https://nau64.com/wp-content/uploads/2024/09/DSC_4340-1.jpg,
https://nau64.com/el-sube-baja-de-la-celeste/,https://nau64.com/wp-content/uploads/2024/09/image-39.png,
https://nau64.com/el-sube-baja-de-la-celeste/,https://nau64.com/wp-content/uploads/2024/09/DSC_4339-1.jpg,
https://nau64.com/el-sube-baja-de-la-celeste/,https://nau64.com/wp-content/uploads/2024/09/image-40.png,
https://nau64.com/el-sube-baja-de-la-celeste/,https://nau64.com/wp-content/uploads/2024/09/DSC_4338-1.jpg,
https://nau64.com/el-sube-baja-de-la-celeste/,https://nau64.com/wp-content/uploads/2024/09/image-41.png,
https://nau64.com/el-sube-baja-de-la-celeste/,https://secure.gravatar.com/avatar/429956954517e81fbfdc253fa363b6db55760caf3fcd985b56727a7436738904?s=32&d=wavatar&r=g,
https://nau64.com/el-sube-baja-de-la-celeste/,https://secure.gravatar.com/avatar/018116eb981f64c5ee110782ec49f0ef40f927198abf7a160d2482e1325bc021?s=32&d=wavatar&r=g,
https://nau64.com/el-sube-baja-de-la-celeste/#comments,https://nau64.com/wp-content/uploads/2024/09/DSC_4343.jpg,
https://nau64.com/el-sube-baja-de-la-celeste/#comments,https://nau64.com/wp-content/uploads/2024/09/DSC_4286-1.jpg,
https://nau64.com/el-sube-baja-de-la-celeste/#comments,https://nau64.com/wp-content/uploads/2024/09/image-33.png,
https://nau64.com/el-sube-baja-de-la-celeste/#comments,https://nau64.com/wp-content/uploads/2024/09/DSC_4335-1.jpg,
https://nau64.com/el-sube-baja-de-la-celeste/#comments,https://nau64.com/wp-content/uploads/2024/09/DSC_4332-2.jpg,
https://nau64.com/el-sube-baja-de-la-celeste/#comments,https://nau64.com/wp-content/uploads/2024/09/DSC_4333-1.jpg,
https://nau64.com/el-sube-baja-de-la-celeste/#comments,https://nau64.com/wp-content/uploads/2024/09/image-36.png,
https://nau64.com/el-sube-baja-de-la-celeste/#comments,https://nau64.com/wp-content/uploads/2024/09/DSC_4334-1.jpg,
https://nau64.com/el-sube-baja-de-la-celeste/#comments,https://nau64.com/wp-content/uploads/2024/09/image-34.png,
https://nau64.com/el-sube-baja-de-la-celeste/#comments,https://nau64.com/wp-content/uploads/2024/09/image-35.png,
https://nau64.com/el-sube-baja-de-la-celeste/#comments,https://nau64.com/wp-content/uploads/2024/09/image-37.png,La imagen tiene un atributo ALT vacío; su nombre de archivo es image-37.png
https://nau64.com/el-sube-baja-de-la-celeste/#comments,https://nau64.com/wp-content/uploads/2024/09/DSC_4341-1.jpg,
https://nau64.com/el-sube-baja-de-la-celeste/#comments,https://nau64.com/wp-content/uploads/2024/09/image-38.png,
https://nau64.com/el-sube-baja-de-la-celeste/#comments,https://nau64.com/wp-content/uploads/2024/09/DSC_4340-1.jpg,
https://nau64.com/el-sube-baja-de-la-celeste/#comments,https://nau64.com/wp-content/uploads/2024/09/image-39.png,
https://nau64.com/el-sube-baja-de-la-celeste/#comments,https://nau64.com/wp-content/uploads/2024/09/DSC_4339-1.jpg,
https://nau64.com/el-sube-baja-de-la-celeste/#comments,https://nau64.com/wp-content/uploads/2024/09/image-40.png,
https://nau64.com/el-sube-baja-de-la-celeste/#comments,https://nau64.com/wp-content/uploads/2024/09/DSC_4338-1.jpg,
https://nau64.com/el-sube-baja-de-la-celeste/#comments,https://nau64.com/wp-content/uploads/2024/09/image-41.png,
https://nau64.com/el-sube-baja-de-la-celeste/#comments,https://secure.gravatar.com/avatar/429956954517e81fbfdc253fa363b6db55760caf3fcd985b56727a7436738904?s=32&d=wavatar&r=g,
https://nau64.com/el-sube-baja-de-la-celeste/#comments,https://secure.gravatar.com/avatar/018116eb981f64c5ee110782ec49f0ef40f927198abf7a160d2482e1325bc021?s=32&d=wavatar&r=g,
https://nau64.com/45a-olimpiada-de-ajedrez-r06-india-emerge-como-lider-unico-en-ambas-secciones/,https://nau64.com/wp-content/uploads/2024/09/Ronda6_Olimpiada_Ajedrez_nau64_2024-1-e1726576420668.jpg,
https://nau64.com/45a-olimpiada-de-ajedrez-r06-india-emerge-como-lider-unico-en-ambas-secciones/,https://nau64.com/wp-content/uploads/2024/09/Ronda6_Olimpiada_Ajedrez_nau64_2024_2.jpg,
https://nau64.com/45a-olimpiada-de-ajedrez-r06-india-emerge-como-lider-unico-en-ambas-secciones/,https://nau64.com/wp-content/uploads/2024/09/image-31.png,
https://nau64.com/45a-olimpiada-de-ajedrez-r06-india-emerge-como-lider-unico-en-ambas-secciones/,https://ci3.googleusercontent.com/meips/ADKq_NbunQoP0hZbKG6o4MvinRTlwK-dTCCtB68IeMSK5PtwoO5xDkLcaEgEu2haQQHRdr43lgbBUpQdd9apn10A7ut3fERNDWXFbMxx5NOWjrreIbmPgr1OlHW833q5GCeueL0oAqH4LMxCry7sCBdxB1sAwn2YcCdXaZs=s0-d-e1-ft#https://mcusercontent.com/6d944e993248d15fc2b046696/images/fe031605-cb15-3353-4cc9-f9d89ed29e1c.jpg,
https://nau64.com/45a-olimpiada-de-ajedrez-r06-india-emerge-como-lider-unico-en-ambas-secciones/,https://ci3.googleusercontent.com/meips/ADKq_Nbn6K0ZoQJFteJrGkH_3mtP6Z4w_uskg56QIedByTAXz6OO5WZg4qTYaz_bloh3dATxYFipcBANWtARMPtQjguYFFrVsOp31fozZ9fznfe5Z5YG9N6l8RQ1U_Qi-4bOTkl7FwtoKeKBV-TH7y9XLAI8Dn42badQyLw=s0-d-e1-ft#https://mcusercontent.com/6d944e993248d15fc2b046696/images/4c0c47e0-aaa4-9556-7e3d-8efa221fc9fb.jpg,
https://nau64.com/45a-olimpiada-de-ajedrez-r06-india-emerge-como-lider-unico-en-ambas-secciones/,https://ci3.googleusercontent.com/meips/ADKq_NbjWW3gD0-RldCzP6i0gHAfRrNrCdHvc4btRaEdLu8_HpOhESYOx7mW9Q0UknI4yzOrW4E8iZBYxuBiKqL12W0pLL64aptk68-vKRSJ87JEcRULwRIPiJ0xv8E0-WPjVyOdaUKhrj8MgmEWjc3XPCecIVi8ffkXFfk=s0-d-e1-ft#https://mcusercontent.com/6d944e993248d15fc2b046696/images/cd2b481d-07cc-85a3-b8c8-a9dccf125fe7.jpg,
https://nau64.com/45a-olimpiada-de-ajedrez-r06-india-emerge-como-lider-unico-en-ambas-secciones/,https://ci3.googleusercontent.com/meips/ADKq_NYdUmxnT2Nr1rjboda6wCVQec6Np6R9pSOv79UbxDYhr_UOEo-RWS6FLULU5MZ9AguVPYJh1d6xeUJLS0uJQy5lmb8crqua1dv0hw4BBvDEHuyQp9s0ROKri4vJyb9TitZ0uflJFCH_L_tdhxqTKJrFMhr2rIQSQnA=s0-d-e1-ft#https://mcusercontent.com/6d944e993248d15fc2b046696/images/7dec757f-c7db-45dc-4795-ee79cf9629cb.jpg,
https://nau64.com/45a-olimpiada-de-ajedrez-r06-india-emerge-como-lider-unico-en-ambas-secciones/,https://nau64.com/wp-content/uploads/2024/09/image-32.png,
https://nau64.com/45a-olimpiada-de-ajedrez-r06-india-emerge-como-lider-unico-en-ambas-secciones/,https://ci3.googleusercontent.com/meips/ADKq_NYf1LA-TRxwGiu9g5LJzw924wHbRAjNKyHZv_hWaW1eW9falvJzDOh2Ng8QzFKhrLSIVDTZ5uHAl7VTfnqvYDXOC7UYPBXfNBDsbvpTjMNzlHcYb1jwPUkLikBwFT6lRTi_-fZxQVerKtxzn_XGsr_ZQnt5MvfG0vw=s0-d-e1-ft#https://mcusercontent.com/6d944e993248d15fc2b046696/images/1017825b-5384-89b4-55d8-d609c6c39b44.jpg,
https://nau64.com/suerte-impar-en-la-6a-ronda-de-la-olimpiada-de-ajedrez/,https://nau64.com/wp-content/uploads/2024/09/1-1-e1726512958967.jpg,
https://nau64.com/suerte-impar-en-la-6a-ronda-de-la-olimpiada-de-ajedrez/,https://nau64.com/wp-content/uploads/2024/09/11-1024x1024.jpg,
https://nau64.com/suerte-impar-en-la-6a-ronda-de-la-olimpiada-de-ajedrez/,https://nau64.com/wp-content/uploads/2024/09/image-29.png,
https://nau64.com/suerte-impar-en-la-6a-ronda-de-la-olimpiada-de-ajedrez/,https://nau64.com/wp-content/uploads/2024/09/16-1024x1024.jpg,
https://nau64.com/suerte-impar-en-la-6a-ronda-de-la-olimpiada-de-ajedrez/,https://nau64.com/wp-content/uploads/2024/09/3-1024x1024.jpg,
https://nau64.com/suerte-impar-en-la-6a-ronda-de-la-olimpiada-de-ajedrez/,https://nau64.com/wp-content/uploads/2024/09/image-30.png,
https://nau64.com/suerte-impar-en-la-6a-ronda-de-la-olimpiada-de-ajedrez/,https://nau64.com/wp-content/uploads/2024/09/15-1024x1024.jpg,
https://nau64.com/45a-olimpiada-de-ajedrez-r5-vietnam-armenia-y-mongolia-dan-la-sorpresa/,https://nau64.com/wp-content/uploads/2024/09/2024-09-15_Guskesh-Portada-e1726473445619.jpg,
https://nau64.com/45a-olimpiada-de-ajedrez-r5-vietnam-armenia-y-mongolia-dan-la-sorpresa/,https://ci3.googleusercontent.com/meips/ADKq_NZkOuiz6Qhd7XbB1nabeqo9C54RamiurfmQAKH_jOrTHvLHs_0givvnADgbBio5xX5zvpqqWIenL9DuKcp8DCBQKtg-kp3BNQoa0inwUQMkI7ZhfrCM4W-Mu2spaPEB82uCcrfJU9IEhIYfHHsfuJolbhwxc9-en0k=s0-d-e1-ft#https://mcusercontent.com/6d944e993248d15fc2b046696/images/03680f06-fe8b-4de4-21b5-ff6c8b4f30d5.jpg,
https://nau64.com/45a-olimpiada-de-ajedrez-r5-vietnam-armenia-y-mongolia-dan-la-sorpresa/,https://ci3.googleusercontent.com/meips/ADKq_Nb5UXlCM73yYzA5yy-ULBbNfgYcYgS_aJhsnWu4zE1m8d6EGZpDdtWD98oh02InnXdHEBib96SRYBFeg9Wh-mV2E-X0JsRSrmmkCtpPsuXcJ7JpDY_LGloWlkAAzm6dduaomAXazBdGqPzXc3yfskyeV4C_0h9M6hY=s0-d-e1-ft#https://mcusercontent.com/6d944e993248d15fc2b046696/images/424f2d22-b7dc-c41c-a999-286184590a92.jpg,
https://nau64.com/45a-olimpiada-de-ajedrez-r5-vietnam-armenia-y-mongolia-dan-la-sorpresa/,https://ci3.googleusercontent.com/meips/ADKq_NZMTSG8dlYEz5u8vBR5YoOH57-5Iu3qjg4i2F7DdXHAAO_UkbwQk_m9e7p-zrDb2MM3xlhHyAAWOA6hQ17rYVMPt0sTiur54gq6MUJbtUPschL5qjUJoYhb0smsWmSUEsDEFFsJh4goPNcOrTkhkHWhnFiANCurWiw=s0-d-e1-ft#https://mcusercontent.com/6d944e993248d15fc2b046696/images/c61d7469-d03c-8f70-f37c-aea2ba858883.jpg,
https://nau64.com/45a-olimpiada-de-ajedrez-r5-vietnam-armenia-y-mongolia-dan-la-sorpresa/,https://nau64.com/wp-content/uploads/2024/09/image-25.png,
https://nau64.com/45a-olimpiada-de-ajedrez-r5-vietnam-armenia-y-mongolia-dan-la-sorpresa/,https://ci3.googleusercontent.com/meips/ADKq_NZKZYWmgF4vS5_eMEwDcwu5-wmvoqIO33o8NlClIJiF37f_M8aQxMX5dR0FGcBsJDUbYEufacVvg8QhqRE5e74_zLh45WgNoZwdBLQ7S6DDS8n4xj90Dr7e_QgEKFgSsBK2mPsyTLegTlv9CknUpWFQ427lj8KxY5Y=s0-d-e1-ft#https://mcusercontent.com/6d944e993248d15fc2b046696/images/6a5de548-0bc6-3ec3-9e34-2e91ff9148bb.jpg,
https://nau64.com/45a-olimpiada-de-ajedrez-r5-vietnam-armenia-y-mongolia-dan-la-sorpresa/,https://ci3.googleusercontent.com/meips/ADKq_NYNeqz5cvYYXAY6Qp4RQn12JIjNRsfamByFwEs6mKKHIg9gdf_ldbf_RQd2YwUc4BTe8owk5fYnk_1Os60GFDuqTxWLwvtnBfg5fiSTNzJQ-VYHjDPJUU-PO04IPV1_TfSk8EkSSYIyifczeMuHZPNWZmSbID7h9Kk=s0-d-e1-ft#https://mcusercontent.com/6d944e993248d15fc2b046696/images/6f8ca607-fd8e-6b12-3c0c-42f0493ba179.jpg,
https://nau64.com/45a-olimpiada-de-ajedrez-r5-vietnam-armenia-y-mongolia-dan-la-sorpresa/,https://nau64.com/wp-content/uploads/2024/09/image-26.png,
https://nau64.com/se-fue-la-5ta-ronda-con-doble-triunfo-celeste/,https://nau64.com/wp-content/uploads/2024/09/20.jpg,
https://nau64.com/se-fue-la-5ta-ronda-con-doble-triunfo-celeste/,https://nau64.com/wp-content/uploads/2024/09/image-24.png,
https://nau64.com/se-fue-la-5ta-ronda-con-doble-triunfo-celeste/,https://nau64.com/wp-content/uploads/2024/09/22-1024x1024.jpg,
https://nau64.com/se-fue-la-5ta-ronda-con-doble-triunfo-celeste/,https://nau64.com/wp-content/uploads/2024/09/image-23.png,
https://nau64.com/se-fue-la-5ta-ronda-con-doble-triunfo-celeste/,https://nau64.com/wp-content/uploads/2024/09/1-1024x1024.jpg,
https://nau64.com/se-fue-la-5ta-ronda-con-doble-triunfo-celeste/,https://nau64.com/wp-content/uploads/2024/09/24-1024x1024.jpg,
https://nau64.com/se-fue-la-5ta-ronda-con-doble-triunfo-celeste/,https://nau64.com/wp-content/uploads/2024/09/21-1024x1024.jpg,
https://nau64.com/4ta-ronda-de-la-olimpiada-de-ajedrez-budapest-2024/,https://nau64.com/wp-content/uploads/2024/09/2024-09-14_Vidit_nau64_Olimpiada.jpeg,
https://nau64.com/4ta-ronda-de-la-olimpiada-de-ajedrez-budapest-2024/,https://ci3.googleusercontent.com/meips/ADKq_NbVyxG26fmeYRtX4zRHt6bmnJpansxcxJkZ4OAGUrsHpqk8zxIqnbZJUo5vMel2yYTXtDJRd_r73w1Cp9J612-YEVj5XvMWoXpCFCNJGttR78E1bvK-X9IpWeUVesdQ5Dx3pvBWx5-arHZK59eha5RfkP_r5e9IY5c=s0-d-e1-ft#https://mcusercontent.com/6d944e993248d15fc2b046696/images/b96fbae2-dd98-ce51-6ca9-6aadb2c0dbc6.jpg,
https://nau64.com/4ta-ronda-de-la-olimpiada-de-ajedrez-budapest-2024/,https://ci3.googleusercontent.com/meips/ADKq_NZZC-nPDsEM24Wm5jrIXXB6W0E0vvUYMgE_e8RHi5qrxOBb4_vb39NPwwMRHZJ24tHhzv_f1Q4BHQ9DL43ss1Tb4bWgVlDiCO1RgbNToLsVKFQradV-SvSUKXhz8KUzItfgomNh0WGQp_qhe5rTYM27JqAjJEYQPZE=s0-d-e1-ft#https://mcusercontent.com/6d944e993248d15fc2b046696/images/de6b3011-642b-8491-18fa-728a7ec611bc.jpg,
https://nau64.com/4ta-ronda-de-la-olimpiada-de-ajedrez-budapest-2024/,https://nau64.com/wp-content/uploads/2024/09/image-16.png,
https://nau64.com/4ta-ronda-de-la-olimpiada-de-ajedrez-budapest-2024/,https://nau64.com/wp-content/uploads/2024/09/image-22.png,
https://nau64.com/4ta-ronda-de-la-olimpiada-de-ajedrez-budapest-2024/,https://ci3.googleusercontent.com/meips/ADKq_NYpRJgQ8a2BF1UdW5pYWNDWFAiR-MdkYzqxRuQtcOuyVO0AnUf9eTm1dFt-0X_SYFglO-HoBK6SkcfPTI_CHBth3KxdKu5rKeXXTwEYD094Hg5LccK9b6X_9Q9uyw2xOYqjZ0FhztdNp4pv23RDFxpwf_d8GIGGmjo=s0-d-e1-ft#https://mcusercontent.com/6d944e993248d15fc2b046696/images/30ada855-0f63-c263-d2b4-e5179c895085.jpg,
https://nau64.com/4ta-ronda-de-la-olimpiada-de-ajedrez-budapest-2024/,https://ci3.googleusercontent.com/meips/ADKq_Na4DNZxDrmdw8SNr46p_8HFGnGkuDosBsk3ip_maeyE-FPbdLj_EbNxPQ7-r-tB_HaTrmRa2JPYvAl87MB6R8GGKaYB06mFEIrnBbFilyVhEAnVWP69xr8xFztAdsUfPFg7IlsRVLqfCigf0xeyIjjyChcvxPHtBuU=s0-d-e1-ft#https://mcusercontent.com/6d944e993248d15fc2b046696/images/4bb25e3f-ecfe-75c3-a85b-e4b1f7fcfaf7.jpg,
https://nau64.com/4ta-ronda-de-la-olimpiada-de-ajedrez-budapest-2024/,https://nau64.com/wp-content/uploads/2024/09/image-18.png,
https://nau64.com/4ta-ronda-de-la-olimpiada-de-ajedrez-budapest-2024/,https://nau64.com/wp-content/uploads/2024/09/image-21.png,
https://nau64.com/4ta-ronda-de-la-olimpiada-de-ajedrez-budapest-2024/,https://nau64.com/wp-content/uploads/2024/09/image-17.png,
https://nau64.com/4ta-ronda-de-la-olimpiada-de-ajedrez-budapest-2024/,https://nau64.com/wp-content/uploads/2024/09/image-19.png,
https://nau64.com/sorpresas-en-la-ronda-3-de-la-olimpiada-de-ajedrez/,https://nau64.com/wp-content/uploads/2024/09/2024-09-13-Olimpiada-de-Ajedre-Magnus-Carlsen.jpeg,
https://nau64.com/sorpresas-en-la-ronda-3-de-la-olimpiada-de-ajedrez/,https://nau64.com/wp-content/uploads/2024/09/image-15.png,
https://nau64.com/sorpresas-en-la-ronda-3-de-la-olimpiada-de-ajedrez/,https://nau64.com/wp-content/uploads/2024/09/image-14.png,
https://nau64.com/sorpresas-en-la-ronda-3-de-la-olimpiada-de-ajedrez/,https://ci3.googleusercontent.com/meips/ADKq_Na3izI7HIHz_HbGZyPZLZ0-V4QkVnEWt3EoPpFM2hjt_MwWHwndDrcxRxIJRWk1MLLcffZiDjvnEMu76mcS5Xs6DfVYvrIzGU-G51oR8aa5sNQ7TpEY18OAd4lPZafgZa3nC2aR6mpqF5p3i5v059m5uy6oRvDAj5Q=s0-d-e1-ft#https://mcusercontent.com/6d944e993248d15fc2b046696/images/da7b876b-2d39-647e-4007-24a039296003.jpg,
https://nau64.com/sorpresas-en-la-ronda-3-de-la-olimpiada-de-ajedrez/,https://ci3.googleusercontent.com/meips/ADKq_Na550uYgLqpcVENZdkJXVtja5bdW6zh_K8Yk5Ff1-pyIxnWQUc41JWed8K9kKYjkQNaGKZPIL1ReGxXDSPy0YZtCMpTzhAWUY87FZnYlnp2XuBr-syfviybxZ6He4SWc0Ehje8d4f-o1ZhrIfL4M6NlXgCA8ixdE5s=s0-d-e1-ft#https://mcusercontent.com/6d944e993248d15fc2b046696/images/6f05d378-32dc-e403-22d1-607b62790622.jpg,
https://nau64.com/ronda-2-de-la-45-olimpiada-de-ajedrez/,https://nau64.com/wp-content/uploads/2024/09/Ronda2Portada-e1726183791131.png,
https://nau64.com/ronda-2-de-la-45-olimpiada-de-ajedrez/,https://app.fide.com/upload/27736/2de40e0d504f583cda7465979f958a98.jpg,
https://nau64.com/ronda-2-de-la-45-olimpiada-de-ajedrez/,https://app.fide.com/upload/27737/fac4ef5554f69012fe38d2f1d4e245a6.jpg,
https://nau64.com/ronda-2-de-la-45-olimpiada-de-ajedrez/,https://nau64.com/wp-content/uploads/2024/09/image-9-1024x677.png,
https://nau64.com/ronda-2-de-la-45-olimpiada-de-ajedrez/,https://app.fide.com/upload/27739/86c3cbc8cde622a8c725d89a88bdcb96.jpg,
https://nau64.com/ronda-2-de-la-45-olimpiada-de-ajedrez/,https://app.fide.com/upload/27734/5e71fb1cd9bbae314d9b530eec0af693.jpg,
https://nau64.com/ronda-2-de-la-45-olimpiada-de-ajedrez/,https://nau64.com/wp-content/uploads/2024/09/image-10.png,
https://nau64.com/ronda-2-de-la-45-olimpiada-de-ajedrez/,https://nau64.com/wp-content/uploads/2024/09/image-11.png,
https://nau64.com/ronda-2-de-la-45-olimpiada-de-ajedrez/,https://nau64.com/wp-content/uploads/2024/09/image-13.png,
https://nau64.com/ronda-2-de-la-45-olimpiada-de-ajedrez/,https://nau64.com/wp-content/uploads/2024/09/image-12.png,
https://nau64.com/ronda-1-de-la-olimpiada-de-ajedrez/,https://nau64.com/wp-content/uploads/2024/09/Ronda1Portada.png,
https://nau64.com/ronda-1-de-la-olimpiada-de-ajedrez/,https://nau64.com/wp-content/uploads/2024/09/image-4.png,
https://nau64.com/ronda-1-de-la-olimpiada-de-ajedrez/,https://nau64.com/wp-content/uploads/2024/09/image-3.png,
https://nau64.com/ronda-1-de-la-olimpiada-de-ajedrez/,https://nau64.com/wp-content/uploads/2024/09/image-2.png,
https://nau64.com/ronda-1-de-la-olimpiada-de-ajedrez/,https://nau64.com/wp-content/uploads/2024/09/image-1.png,
https://nau64.com/ronda-1-de-la-olimpiada-de-ajedrez/,https://nau64.com/wp-content/uploads/2024/09/image-8.png,
https://nau64.com/ronda-1-de-la-olimpiada-de-ajedrez/,https://nau64.com/wp-content/uploads/2024/09/image-5.png,
https://nau64.com/ronda-1-de-la-olimpiada-de-ajedrez/,https://nau64.com/wp-content/uploads/2024/09/image-7.png,
https://nau64.com/ronda-1-de-la-olimpiada-de-ajedrez/,https://nau64.com/wp-content/uploads/2024/09/image-6.png,
https://nau64.com/page/10/,https://nau64.com/wp-content/uploads/2024/09/2024-09-11_inaguracion_olimpiada_FIDE-765x500.jpg,Inauguración de la 45 Olimpiada de Ajedrez
https://nau64.com/page/10/,https://nau64.com/wp-content/uploads/2024/09/Imagen_presentacion_FIDE-765x500.jpg,Uruguay a la Olimpiada 2024
https://nau64.com/page/10/,https://nau64.com/wp-content/uploads/2024/08/TORNEO-SUB-16-LIGA-URUGUAYA-765x500.png,Liga Uruguaya de Ajedrez Sub-12 y Sub-16
https://nau64.com/page/10/,https://nau64.com/wp-content/uploads/2024/08/Sabatino-03-08-2024-765x500.png,Gonzalo se lleva el Sabatino de nau64 03/08/24
https://nau64.com/page/10/,https://nau64.com/wp-content/uploads/2024/07/TorneoSUB1420240810-765x500.png,Torneo de ajedrez SUB-14 del día del niño en NAU64 valido elo FIDE!
https://nau64.com/page/10/,https://nau64.com/wp-content/uploads/2024/05/Copa-America-Ajedrez.png,"28 de julio: Ronda 4 de la Copa América, liderada por Argentina y Brasil"
https://nau64.com/page/10/,https://nau64.com/wp-content/uploads/2024/06/image-2-765x500.png,Antonio ganador Torneo Sabatino 15 junio.
https://nau64.com/page/10/,https://nau64.com/wp-content/uploads/2024/06/Gonzalo_Nakle_nau64_2024-06-08-765x500.jpeg,Nakle ganador Torneo Sabatino 8 junio
https://nau64.com/page/10/,https://nau64.com/wp-content/uploads/2024/05/IMG_20240527_000517_733-765x500.jpg,Día Nacional del Ajedrez
https://nau64.com/page/10/,https://nau64.com/wp-content/uploads/2024/05/image-10-497x500.png,Combinación búlgara!
https://nau64.com/page/10/#content,https://nau64.com/wp-content/uploads/2024/09/2024-09-11_inaguracion_olimpiada_FIDE-765x500.jpg,Inauguración de la 45 Olimpiada de Ajedrez
https://nau64.com/page/10/#content,https://nau64.com/wp-content/uploads/2024/09/Imagen_presentacion_FIDE-765x500.jpg,Uruguay a la Olimpiada 2024
https://nau64.com/page/10/#content,https://nau64.com/wp-content/uploads/2024/08/TORNEO-SUB-16-LIGA-URUGUAYA-765x500.png,Liga Uruguaya de Ajedrez Sub-12 y Sub-16
https://nau64.com/page/10/#content,https://nau64.com/wp-content/uploads/2024/08/Sabatino-03-08-2024-765x500.png,Gonzalo se lleva el Sabatino de nau64 03/08/24
https://nau64.com/page/10/#content,https://nau64.com/wp-content/uploads/2024/07/TorneoSUB1420240810-765x500.png,Torneo de ajedrez SUB-14 del día del niño en NAU64 valido elo FIDE!
https://nau64.com/page/10/#content,https://nau64.com/wp-content/uploads/2024/05/Copa-America-Ajedrez.png,"28 de julio: Ronda 4 de la Copa América, liderada por Argentina y Brasil"
https://nau64.com/page/10/#content,https://nau64.com/wp-content/uploads/2024/06/image-2-765x500.png,Antonio ganador Torneo Sabatino 15 junio.
https://nau64.com/page/10/#content,https://nau64.com/wp-content/uploads/2024/06/Gonzalo_Nakle_nau64_2024-06-08-765x500.jpeg,Nakle ganador Torneo Sabatino 8 junio
https://nau64.com/page/10/#content,https://nau64.com/wp-content/uploads/2024/05/IMG_20240527_000517_733-765x500.jpg,Día Nacional del Ajedrez
https://nau64.com/page/10/#content,https://nau64.com/wp-content/uploads/2024/05/image-10-497x500.png,Combinación búlgara!
https://nau64.com/inauguracion-de-la-45-olimpiada-de-ajedrez/,https://nau64.com/wp-content/uploads/2024/09/2024-09-11_inaguracion_olimpiada_FIDE-e1726028778561.jpg,
https://nau64.com/inauguracion-de-la-45-olimpiada-de-ajedrez/,https://nau64.com/wp-content/uploads/2024/09/2024-09-11_inaguracion_olimpiada_FIDE_Publico.jpg,
https://nau64.com/inauguracion-de-la-45-olimpiada-de-ajedrez/,https://lh7-rt.googleusercontent.com/docsz/AD_4nXfneg5SdUgM1a1au0Mp5nWZDLwowk6N9oE68y0W8uhYIyR72sjnzNuFfTuSpoWkm8bi1aYuGMl4l76kmOEp4uLDLueNnw2QGSo42CBSc0VN2-WXbcbtnvL3Ef-EEu5htZRCLbxX1x3Hsy3UrInC0FSWTKGI?key=0gRGsJQ6x0wVKQA5v8C3-A,
https://nau64.com/inauguracion-de-la-45-olimpiada-de-ajedrez/,https://lh7-rt.googleusercontent.com/docsz/AD_4nXclGf7YZNWjVnV-8J6mDzmVMIoMnQLGy-2yafs5Q1aWQl0UzyUq0owbczhIs1k7WKrocac4LabTRG4Htx0TuyJSojahbclBH4gKcQ624p0331UpehCridhlf8CK47xISyA0y2bdEGsVGShJ3l3O03ziBYju?key=0gRGsJQ6x0wVKQA5v8C3-A,
https://nau64.com/inauguracion-de-la-45-olimpiada-de-ajedrez/,https://lh7-rt.googleusercontent.com/docsz/AD_4nXfEmAxsPEnNxtX2WEda7ILVQXckhxDFb24DvHWUBIMyZOAEsiRl_eWFHMWOTBrnfBl4kEf-YBqN_xqu-q_4QbjPb2WVoGTDgcQv6y4EtgpsqTZbVeVTxqVTp_y08aUBHs8fe3_0V3TvYG5cX2DYbVpx_zBl?key=0gRGsJQ6x0wVKQA5v8C3-A,
https://nau64.com/inauguracion-de-la-45-olimpiada-de-ajedrez/,https://lh7-rt.googleusercontent.com/docsz/AD_4nXfPyJiCwwp_aVYCkW5zb0f6TvD3C205xXE2-a6xjUnwlhm-vEcBvZneedA4qGPuY3nspzET7pSMw0W_oERIP6T18eSvLn8CyQ6ur0Il4UPaylVsBKkRWvtzwSybfYaf8I-lK-B5YkGfyWH1m4lZ5ie2SY0W?key=0gRGsJQ6x0wVKQA5v8C3-A,
https://nau64.com/inauguracion-de-la-45-olimpiada-de-ajedrez/,https://lh7-rt.googleusercontent.com/docsz/AD_4nXfRtw-bwhshTys1ktecv8PR5yeISqr-24lVSaaY9d8nQXFLLJ5UPRIOWlzdkuNQeeyjSKu7vaYnwmifUhoS9rKJcUBCELfS5oFpxxOSJW-GMpj3PX4N63B_O79y8xDM6XA-Pb2mzCnB8qH_l3Cqj_XSgZKu?key=0gRGsJQ6x0wVKQA5v8C3-A,
https://nau64.com/inauguracion-de-la-45-olimpiada-de-ajedrez/,https://lh7-rt.googleusercontent.com/docsz/AD_4nXdYo5jFGK3QFhVss9pQu3mLr1alVm-Vj2JYRROjWUmgm5s8cKmLYtxEtLRnOocmt17G2-Djr7A2007uczFVqAOOR_T0Uqvt-4v6iJRPmTNqUEEa9NzgPvRIEUEgzSDsuEUrDwx5TCp6o7pwUGgdWdSyW1Hi?key=0gRGsJQ6x0wVKQA5v8C3-A,
https://nau64.com/inauguracion-de-la-45-olimpiada-de-ajedrez/,https://lh7-rt.googleusercontent.com/docsz/AD_4nXd8Ab1QFAGIM_wxR8YLZqJkrbz0vSjgiPPmjd6Q75Fzx1MSLkQsWKIIFlUCvV0ZzrA8jdmwJqIfD_MTd96MmCx_rrjQ4JOG70SYb8Vl-E7ZCij8-Nzgrdk6AnvksTABpwMrAlusuaEhjWeXL8lzKPsKCCle?key=0gRGsJQ6x0wVKQA5v8C3-A,
https://nau64.com/inauguracion-de-la-45-olimpiada-de-ajedrez/,https://lh7-rt.googleusercontent.com/docsz/AD_4nXdw0hLrX7LgH06BbR4kxBm4sV_Bw8cP7xMCzVGPM7cDdWeRfE-7OkKKPhrSd9A-9x6doBLjFPZQ3nrf5e-ke9fsYByYfXXEeoASZm-UsEegKrT9_p9DaG7OBB9gqzrzjTBucDoojUy0nbB8mxnBK5o2Ka2d?key=0gRGsJQ6x0wVKQA5v8C3-A,
https://nau64.com/uruguay-a-la-olimpiada-2024/,https://nau64.com/wp-content/uploads/2024/09/Imagen_presentacion_FIDE.jpg,
https://nau64.com/uruguay-a-la-olimpiada-2024/,https://nau64.com/wp-content/uploads/2024/09/Imagen_presentacion_FIDE.jpg,
https://nau64.com/uruguay-a-la-olimpiada-2024/,https://nau64.com/wp-content/uploads/2024/09/Calendario_Olimpiada_2024.png,
https://nau64.com/uruguay-a-la-olimpiada-2024/,https://nau64.com/wp-content/uploads/2024/09/Uzbekistan.jpg,
https://nau64.com/uruguay-a-la-olimpiada-2024/,https://nau64.com/wp-content/uploads/2024/09/India.jpg,
https://nau64.com/uruguay-a-la-olimpiada-2024/,https://nau64.com/wp-content/uploads/2024/09/Uruguay-GM-Alejandro-Hoffman-GM-Georg-Meier-y-el-Capitan-MI-Daniel-Riveravs-Magnus-Carlsen-1-1024x591.jpg,
https://nau64.com/liga-uruguaya-de-ajedrez-sub-12-y-sub-16/,https://nau64.com/wp-content/uploads/2024/08/TORNEO-SUB-16-LIGA-URUGUAYA-e1722986047640.png,
https://nau64.com/gonzalo-se-lleva-el-sabatino-de-nau64-03-08-24/,https://nau64.com/wp-content/uploads/2024/08/Sabatino-03-08-2024-e1722810380415.png,
https://nau64.com/gonzalo-se-lleva-el-sabatino-de-nau64-03-08-24/,https://nau64.com/wp-content/uploads/2024/08/image-1.png,
https://nau64.com/gonzalo-se-lleva-el-sabatino-de-nau64-03-08-24/,https://nau64.com/wp-content/uploads/2024/08/image.png,
https://nau64.com/torneo-de-ajedrez-sub-14-del-dia-del-nino-en-nau64/,https://nau64.com/wp-content/uploads/2024/07/TorneoSUB1420240810-e1722110984981.png,
https://nau64.com/category/novedades/,https://nau64.com/wp-content/uploads/2024/07/TorneoSUB1420240810-765x500.png,Torneo de ajedrez SUB-14 del día del niño en NAU64 valido elo FIDE!
https://nau64.com/category/novedades/,https://nau64.com/wp-content/uploads/2024/02/MASTER-CLASS-500-x-500-px.png,Sesión Magistral del GM Georg Meier en NAU64
https://nau64.com/category/novedades/,https://nau64.com/wp-content/uploads/2023/01/Novedades2.png,Novedades para 2023
https://nau64.com/copa-america-2024/,https://nau64.com/wp-content/uploads/2024/05/Copa-America-Ajedrez.png,
https://nau64.com/copa-america-2024/,https://nau64.com/wp-content/uploads/2024/07/Copa-America-Ronda-4-1024x1024.png,
https://nau64.com/copa-america-2024/,https://nau64.com/wp-content/uploads/2024/07/Urugua-vs-Brasil-1024x1024.png,
https://nau64.com/copa-america-2024/,https://nau64.com/wp-content/uploads/2024/07/Colombia-vs-Bolivia-1024x1024.png,
https://nau64.com/copa-america-2024/,https://nau64.com/wp-content/uploads/2024/07/Argentina-vs-Chile-1024x1024.png,
https://nau64.com/copa-america-2024/,https://nau64.com/wp-content/uploads/2024/07/Peru-vs-Venezuela-1024x1024.png,
https://nau64.com/copa-america-2024/,https://nau64.com/wp-content/uploads/2024/05/Copa_America_Ajedrez_2024_Ronda3-1024x1024.png,
https://nau64.com/copa-america-2024/,https://nau64.com/wp-content/uploads/2024/04/image-56.png,
https://nau64.com/copa-america-2024/,https://nau64.com/wp-content/uploads/2024/04/image-47.png,
https://nau64.com/copa-america-2024/,https://nau64.com/wp-content/uploads/2024/04/image-53.png,
https://nau64.com/copa-america-2024/,https://nau64.com/wp-content/uploads/2024/04/image-51.png,
https://nau64.com/copa-america-2024/,https://nau64.com/wp-content/uploads/2024/04/image-54.png,
https://nau64.com/copa-america-2024/,https://nau64.com/wp-content/uploads/2024/04/image-55.png,
https://nau64.com/copa-america-2024/,https://nau64.com/wp-content/uploads/2024/04/image-25.png,
https://nau64.com/copa-america-2024/,https://nau64.com/wp-content/uploads/2024/04/image-29.png,
https://nau64.com/copa-america-2024/,https://nau64.com/wp-content/uploads/2024/04/image-28.png,
https://nau64.com/copa-america-2024/,https://nau64.com/wp-content/uploads/2024/04/image-27.png,
https://nau64.com/copa-america-2024/,https://nau64.com/wp-content/uploads/2024/04/image-31.png,
https://nau64.com/antonio-ganador-torneo-sabatino-15-junio/,https://nau64.com/wp-content/uploads/2024/06/image-2.png,
https://nau64.com/antonio-ganador-torneo-sabatino-15-junio/,https://nau64.com/wp-content/uploads/2024/06/image-2.png,
https://nau64.com/antonio-ganador-torneo-sabatino-15-junio/,https://nau64.com/wp-content/uploads/2024/06/image-1-1024x859.png,
https://nau64.com/nakle-ganador-torneo-sabatino-8-junio/,https://nau64.com/wp-content/uploads/2024/06/Gonzalo_Nakle_nau64_2024-06-08-e1718030679518.jpeg,
https://nau64.com/nakle-ganador-torneo-sabatino-8-junio/,https://nau64.com/wp-content/uploads/2024/06/image.png,
https://nau64.com/dia-nacional-del-ajedrez/,https://nau64.com/wp-content/uploads/2024/05/IMG_20240527_000517_733.jpg,
https://nau64.com/dia-nacional-del-ajedrez/,https://nau64.com/wp-content/uploads/2024/05/img_20240527_000517_7336217066132678544121-1024x1024.jpg,
https://nau64.com/combinacion-bulgara/,https://nau64.com/wp-content/uploads/2024/05/image-10-e1716570469957.png,
https://nau64.com/combinacion-bulgara/,https://nau64.com/wp-content/uploads/2024/05/image-10.png,
https://nau64.com/combinacion-bulgara/,https://nau64.com/wp-content/uploads/2024/05/image-11.png,
https://nau64.com/page/11/,https://nau64.com/wp-content/uploads/2024/05/Karpov_nau64.png,Feliz cumpleaños Tolia!
https://nau64.com/page/11/,https://nau64.com/wp-content/uploads/2024/04/FotoRonda1_nau64-765x500.png,Ultima ronda del Torneo de los Viernes con un único líder Benjamin Martello.
https://nau64.com/page/11/,https://nau64.com/wp-content/uploads/2024/05/Foto01_2024-05-11-765x500.jpeg,Nicolas Kulik se llevo el sabatino FIDE 11 mayo.
https://nau64.com/page/11/,https://nau64.com/wp-content/uploads/2024/05/IMG_20240416_145103_009-765x500.jpg,¡Iniciando a nuevos ajedrecistas!
https://nau64.com/page/11/,https://nau64.com/wp-content/uploads/2024/05/1340345.fcd9c4f7.668x375o.1ee9d69cc0fc402x-765x500.png,GM Wei Yi
https://nau64.com/page/11/,https://nau64.com/wp-content/uploads/2024/04/Screenshot_2024-04-08-12-27-04-615_com.aimchess-edit-720x500.jpg,Fabiano Caruana
https://nau64.com/page/11/,https://nau64.com/wp-content/uploads/2024/04/Tal_20240405_095227_0000-765x500.png,Mikhail Tal
https://nau64.com/page/11/,https://nau64.com/wp-content/uploads/2024/04/Candidatos2024_nau64-765x500.png,El indio Gukesh y la china Tan Zhongyi Retadores! Torneo de Candidatos 2024 – Ronda Final.
https://nau64.com/page/11/,https://nau64.com/wp-content/uploads/2024/03/Uruguayo-Femenino-2024-765x500.png,Campeonato Uruguayo Femenino 2024
https://nau64.com/page/11/,https://nau64.com/wp-content/uploads/2024/03/Uruguayo2024-Post-Final-Absoluto-765x500.png,Campeonato Uruguayo Absoluto 2024
